見出し,読み,原型,品詞,品詞細分類,意味情報,章番号,文番号
「,「,「,特殊,括弧始,NIL,0,0
銭形平次,ぜにがたへいじ,銭形平次,名詞,普通名詞,自動獲得:Wikipedia Wikipedia上位語:時代劇シリーズ Wikipediaリダイレクト:銭形平次　捕物控,0,0
」,」,」,特殊,括弧終,NIL,0,0
で,で,で,助詞,格助詞,NIL,0,0
世界,せかい,世界,名詞,普通名詞,代表表記:世界/せかい カテゴリ:場所-その他,0,0
的,てき,的だ,接尾辞,形容詞性名詞接尾辞,代表表記:的だ/てきだ カテゴリ:抽象物 準内容語,0,0
多作,たさく,多作,名詞,サ変名詞,代表表記:多作/たさく カテゴリ:抽象物,0,0
家,か,家,接尾辞,名詞性名詞接尾辞,代表表記:家/か カテゴリ:人 内容語,0,0
に,に,に,助詞,格助詞,NIL,0,0
。,。,。,特殊,句点,NIL,0,0
江戸川,えどがわ,江戸川,名詞,人名,自動獲得:Wikipedia Wikipedia人名 Wikipedia多義 Wikipedia姓,0,1
乱歩,らんぽ,乱歩,名詞,普通名詞,自動獲得:Wikipedia Wikipediaリダイレクト:江戸川乱歩,0,1
ずいぶん,ずいぶん,ずいぶん,副詞,*,代表表記:随分/ずいぶん,0,1
書いた,かいた,書く,動詞,*,代表表記:書く/かく 補文ト,0,1
ね,ね,ね,助詞,終助詞,NIL,0,1
。,。,。,特殊,句点,NIL,0,1
「,「,「,特殊,括弧始,NIL,0,2
捕物帖,捕物帖,捕物帖,名詞,普通名詞,自動獲得:Wikipedia Wikipediaページ内一覧:時代劇 読み不明,0,2
」,」,」,特殊,括弧終,NIL,0,2
は,は,は,助詞,副助詞,NIL,0,2
……,……,……,特殊,記号,NIL,0,2
何篇,何篇,何篇,未定義語,その他,未知語:漢字 品詞推定:名詞,0,2
くらい,くらい,くらい,助詞,副助詞,代表表記:くらい/くらい,0,2
に,に,に,助詞,格助詞,NIL,0,2
なった,なった,なる,動詞,*,代表表記:成る/なる 自他動詞:他:成す/なす;他:する/する,0,2
？,？,？,特殊,記号,NIL,0,2
。,。,。,特殊,句点,NIL,0,2
野村,のむら,野村,名詞,人名,人名:日本:姓:46:0.00282,0,3
胡堂,胡堂,胡堂,名詞,人名,自動獲得:Wikipedia 読み不明 Wikipedia人名 Wikipedia名,0,3
ハッキリ,はっきり,ハッキリ,副詞,*,代表表記:ハッキリ/はっきり スル接続可能 修飾（ト格）,0,3
した,した,する,動詞,*,代表表記:する/する 自他動詞:自:成る/なる 付属動詞候補（基本）,0,3
こと,こと,こと,名詞,形式名詞,NIL,0,3
は,は,は,助詞,副助詞,NIL,0,3
わから,わから,わかる,動詞,*,代表表記:分かる/わかる,0,3
ない,ない,ない,接尾辞,形容詞性述語接尾辞,代表表記:ない/ない,0,3
が,が,が,助詞,接続助詞,NIL,0,3
、,、,、,特殊,読点,NIL,0,3
三百,三百,三百,名詞,数詞,カテゴリ:数量 未知語:数字,0,3
篇,へん,篇,名詞,普通名詞,代表表記:編/へん カテゴリ:抽象物 漢字読み:音,0,3
は,は,は,助詞,副助詞,NIL,0,3
越して,こして,越す,動詞,*,代表表記:越す/こす,0,3
いる,いる,いる,接尾辞,動詞性接尾辞,代表表記:いる/いる,0,3
だろう,だろう,だろう,助動詞,*,NIL,0,3
。,。,。,特殊,句点,NIL,0,3
もっとも,もっとも,もっとも,副詞,*,代表表記:最も/もっとも 用言弱修飾,0,4
わたし,わたし,わたし,名詞,普通名詞,代表表記:私/わたし カテゴリ:人 漢字読み:訓,0,4
の,の,の,助詞,接続助詞,NIL,0,4
捕物帖,捕物帖,捕物帖,名詞,普通名詞,自動獲得:Wikipedia Wikipediaページ内一覧:時代劇 読み不明,0,4
は,は,は,助詞,副助詞,NIL,0,4
、,、,、,特殊,読点,NIL,0,4
「,「,「,特殊,括弧始,NIL,0,4
銭形平次,ぜにがたへいじ,銭形平次,名詞,普通名詞,自動獲得:Wikipedia Wikipedia上位語:時代劇シリーズ Wikipediaリダイレクト:銭形平次　捕物控,0,4
」,」,」,特殊,括弧終,NIL,0,4
と,と,と,助詞,格助詞,NIL,0,4
「,「,「,特殊,括弧始,NIL,0,4
池田,いけだ,池田,名詞,人名,人名:日本:姓:35:0.00333,0,4
大助,だいすけ,大助,名詞,人名,人名:日本:名:1679:0.00011,0,4
捕物控,捕物控,捕物控,名詞,普通名詞,自動獲得:Wikipedia Wikipediaページ内一覧:大塚周夫 読み不明,0,4
」,」,」,特殊,括弧終,NIL,0,4
と,と,と,助詞,格助詞,NIL,0,4
両方,りょうほう,両方,名詞,普通名詞,代表表記:両方/りょうほう カテゴリ:抽象物,0,4
だ,だ,だ,判定詞,*,NIL,0,4
から,から,から,助詞,接続助詞,NIL,0,4
ね,ね,ね,助詞,終助詞,NIL,0,4
。,。,。,特殊,句点,NIL,0,4
銭形,ぜにがた,銭形,名詞,人名,自動獲得:Wikipedia Wikipedia人名 Wikipedia多義 Wikipedia姓,0,5
の,の,の,助詞,接続助詞,NIL,0,5
方,ほう,方,名詞,副詞的名詞,代表表記:方/ほう,0,5
は,は,は,助詞,副助詞,NIL,0,5
、,、,、,特殊,読点,NIL,0,5
二百四,二百四,二百四,名詞,数詞,カテゴリ:数量 未知語:数字,0,5
、,、,、,特殊,読点,NIL,0,5
五十,五十,五十,名詞,数詞,カテゴリ:数量 未知語:数字,0,5
篇,へん,篇,名詞,普通名詞,代表表記:編/へん カテゴリ:抽象物 漢字読み:音,0,5
と,と,と,助詞,格助詞,NIL,0,5
いう,いう,いう,動詞,*,代表表記:言う/いう 補文ト,0,5
ところ,ところ,ところ,名詞,副詞的名詞,代表表記:ところ/ところ,0,5
か,か,か,助詞,接続助詞,NIL,0,5
な？,な？,な？,名詞,普通名詞,自動獲得:Wikipedia Wikipediaページ内一覧:サタデーナイトチャイルドマシーン 読み不明,0,5
よく,よく,よい,形容詞,*,代表表記:良い/よい 反義:形容詞:悪い/わるい,0,5
書いた,かいた,書く,動詞,*,代表表記:書く/かく 補文ト,0,5
もの,もの,もの,名詞,形式名詞,NIL,0,5
だ,だ,だ,判定詞,*,NIL,0,5
われながら,われながら,われながら,副詞,*,代表表記:我乍ら/われながら,0,5
……,……,……,特殊,記号,NIL,0,5
。,。,。,特殊,句点,NIL,0,5
「,「,「,特殊,括弧始,NIL,0,6
オール,おーる,オール,名詞,普通名詞,代表表記:オール/おーる カテゴリ:人工物-その他,0,6
読物,よみもの,読物,名詞,普通名詞,代表表記:読み物/よみもの ドメイン:文化・芸術;メディア カテゴリ:人工物-その他;抽象物,0,6
」,」,」,特殊,括弧終,NIL,0,6
の,の,の,助詞,接続助詞,NIL,0,6
創刊,そうかん,創刊,名詞,サ変名詞,代表表記:創刊/そうかん ドメイン:文化・芸術;メディア カテゴリ:抽象物,0,6
号,ごう,号,名詞,普通名詞,代表表記:号/ごう カテゴリ:抽象物 漢字読み:音,0,6
から,から,から,助詞,格助詞,NIL,0,6
毎,まい,毎,接頭辞,名詞接頭辞,代表表記:毎/まい 内容語,0,6
号,ごう,号,名詞,普通名詞,代表表記:号/ごう カテゴリ:抽象物 漢字読み:音,0,6
一,いち,一,名詞,数詞,カテゴリ:数量,0,6
篇,へん,篇,名詞,普通名詞,代表表記:編/へん カテゴリ:抽象物 漢字読み:音,0,6
ずつ,ずつ,ずつ,接尾辞,名詞性名詞接尾辞,代表表記:ずつ/ずつ,0,6
載せ,のせ,載せる,動詞,*,代表表記:載せる/のせる ドメイン:文化・芸術 自他動詞:自:載る/のる,0,6
はじめて,はじめて,はじめる,動詞,*,代表表記:始める/はじめる 反義:動詞:終える/おえる 自他動詞:自:始まる/はじまる 付属動詞候補（基本）,0,6
……,……,……,特殊,記号,NIL,0,6
五,ご,五,名詞,数詞,カテゴリ:数量,0,6
年,ねん,年,接尾辞,名詞性名詞助数辞,代表表記:年/ねん カテゴリ:時間 準内容語,0,6
目,め,目,接尾辞,名詞性名詞接尾辞,代表表記:目/め,0,6
だった,だった,だ,判定詞,*,NIL,0,6
か,か,か,助詞,接続助詞,NIL,0,6
に,に,に,助詞,格助詞,NIL,0,6
半年,はんとし,半年,名詞,時相名詞,代表表記:半年/はんとし カテゴリ:時間 弱時相名詞,0,6
くらい,くらい,くらい,助詞,副助詞,代表表記:くらい/くらい,0,6
休んだ,やすんだ,休む,動詞,*,代表表記:休む/やすむ,0,6
。,。,。,特殊,句点,NIL,0,6
休んだ,やすんだ,休む,動詞,*,代表表記:休む/やすむ,0,7
の,の,の,名詞,形式名詞,NIL,0,7
は,は,は,助詞,副助詞,NIL,0,7
それ,それ,それ,指示詞,名詞形態指示詞,NIL,0,7
だけ,だけ,だけ,助詞,副助詞,NIL,0,7
だ,だ,だ,判定詞,*,NIL,0,7
。,。,。,特殊,句点,NIL,0,7
そ,そ,そ,名詞,普通名詞,代表表記:祖/そ カテゴリ:人 漢字読み:音,0,8
したら,したら,する,動詞,*,代表表記:する/する 自他動詞:自:成る/なる 付属動詞候補（基本）,0,8
読者,どくしゃ,読者,名詞,普通名詞,代表表記:読者/どくしゃ ドメイン:文化・芸術;メディア カテゴリ:人,0,8
が,が,が,助詞,格助詞,NIL,0,8
承知,しょうち,承知,名詞,サ変名詞,代表表記:承知/しょうち カテゴリ:抽象物,0,8
し,し,する,動詞,*,代表表記:する/する 自他動詞:自:成る/なる 付属動詞候補（基本）,0,8
なくて,なくて,ない,接尾辞,形容詞性述語接尾辞,代表表記:ない/ない,0,8
ね,ね,ね,助詞,終助詞,NIL,0,8
。,。,。,特殊,句点,NIL,0,8
販売,はんばい,販売,名詞,サ変名詞,代表表記:販売/はんばい ドメイン:ビジネス カテゴリ:抽象物 反義:名詞-サ変名詞:購入/こうにゅう,0,9
店,てん,店,名詞,普通名詞,代表表記:店/てん ドメイン:ビジネス カテゴリ:場所-施設 漢字読み:音,0,9
が,が,が,助詞,格助詞,NIL,0,9
うるさく,うるさく,うるさい,形容詞,*,代表表記:うるさい/うるさい,0,9
いって,いって,いく,動詞,*,代表表記:行く/いく ドメイン:交通 反義:動詞:帰る/かえる 付属動詞候補（タ系）,0,9
くる,くる,くる,接尾辞,動詞性接尾辞,代表表記:くる/くる,0,9
んだ,んだ,んだ,助動詞,*,NIL,0,9
そうだ,そうだ,そうだ,助動詞,*,NIL,0,9
。,。,。,特殊,句点,NIL,0,9
それ,それ,それ,指示詞,名詞形態指示詞,NIL,0,10
で,で,で,助詞,格助詞,NIL,0,10
また,また,また,助詞,接続助詞,NIL,0,10
載せ,のせ,載せる,動詞,*,代表表記:載せる/のせる ドメイン:文化・芸術 自他動詞:自:載る/のる,0,10
はじめた,はじめた,はじめる,動詞,*,代表表記:始める/はじめる 反義:動詞:終える/おえる 自他動詞:自:始まる/はじまる 付属動詞候補（基本）,0,10
わけだ,わけだ,わけだ,助動詞,*,NIL,0,10
。,。,。,特殊,句点,NIL,0,10
江戸川,えどがわ,江戸川,名詞,人名,自動獲得:Wikipedia Wikipedia人名 Wikipedia多義 Wikipedia姓,0,11
銭形平次,ぜにがたへいじ,銭形平次,名詞,普通名詞,自動獲得:Wikipedia Wikipedia上位語:時代劇シリーズ Wikipediaリダイレクト:銭形平次　捕物控,0,11
が,が,が,助詞,格助詞,NIL,0,11
登場,とうじょう,登場,名詞,サ変名詞,代表表記:登場/とうじょう カテゴリ:抽象物 反義:名詞-サ変名詞:退場/たいじょう,0,11
して,して,する,動詞,*,代表表記:する/する 自他動詞:自:成る/なる 付属動詞候補（基本）,0,11
から,から,から,助詞,接続助詞,NIL,0,11
何,なん,何,名詞,数詞,カテゴリ:数量,0,11
年,ねん,年,接尾辞,名詞性名詞助数辞,代表表記:年/ねん カテゴリ:時間 準内容語,0,11
くらい,くらい,くらい,助詞,副助詞,代表表記:くらい/くらい,0,11
に,に,に,助詞,格助詞,NIL,0,11
なる,なる,なる,動詞,*,代表表記:成る/なる 自他動詞:他:成す/なす;他:する/する,0,11
だろう,だろう,だろう,助動詞,*,NIL,0,11
？,？,？,特殊,記号,NIL,0,11
。,。,。,特殊,句点,NIL,0,11
野村,のむら,野村,名詞,人名,人名:日本:姓:46:0.00282,0,12
今年,ことし,今年,名詞,時相名詞,代表表記:今年/ことし カテゴリ:時間,0,12
で,で,で,助詞,格助詞,NIL,0,12
もう,もう,もう,副詞,*,代表表記:もう/もう 数量修飾,0,12
二十一,二十一,二十一,名詞,数詞,カテゴリ:数量 未知語:数字,0,12
年,ねん,年,接尾辞,名詞性名詞助数辞,代表表記:年/ねん カテゴリ:時間 準内容語,0,12
目,め,目,接尾辞,名詞性名詞接尾辞,代表表記:目/め,0,12
だ,だ,だ,判定詞,*,NIL,0,12
よ,よ,よ,助詞,終助詞,NIL,0,12
。,。,。,特殊,句点,NIL,0,12
江戸川,えどがわ,江戸川,名詞,人名,自動獲得:Wikipedia Wikipedia人名 Wikipedia多義 Wikipedia姓,0,13
こんなに,こんなに,こんなに,指示詞,副詞形態指示詞,NIL,0,13
多く,おおく,多く,名詞,普通名詞,代表表記:多く/おおく カテゴリ:抽象物 形容詞派生:多い/おおい,0,13
の,の,の,助詞,接続助詞,NIL,0,13
短篇,短篇,短篇,未定義語,その他,未知語:漢字 品詞推定:名詞,0,13
を,を,を,助詞,格助詞,NIL,0,13
書いた,かいた,書く,動詞,*,代表表記:書く/かく 補文ト,0,13
人,じん,人,名詞,普通名詞,代表表記:人/じん カテゴリ:人 漢字読み:音,0,13
は,は,は,助詞,副助詞,NIL,0,13
外国,がいこく,外国,名詞,普通名詞,代表表記:外国/がいこく ドメイン:政治 カテゴリ:場所-その他,0,13
に,に,に,助詞,格助詞,NIL,0,13
も,も,も,助詞,副助詞,NIL,0,13
例,れい,例,名詞,普通名詞,代表表記:例/れい カテゴリ:抽象物 漢字読み:音,0,13
が,が,が,助詞,格助詞,NIL,0,13
ない,ない,ない,形容詞,*,代表表記:無い/ない 反義:動詞:有る/ある,0,13
（,（,（,特殊,括弧始,NIL,0,13
これ,これ,これ,指示詞,名詞形態指示詞,NIL,0,13
は,は,は,助詞,副助詞,NIL,0,13
探偵,たんてい,探偵,名詞,サ変名詞,代表表記:探偵/たんてい カテゴリ:人,0,13
小説,しょうせつ,小説,名詞,普通名詞,代表表記:小説/しょうせつ ドメイン:文化・芸術 カテゴリ:抽象物,0,13
の,の,の,助詞,接続助詞,NIL,0,13
場合,ばあい,場合,名詞,副詞的名詞,代表表記:場合/ばあい,0,13
）,）,）,特殊,括弧終,NIL,0,13
。,。,。,特殊,句点,NIL,0,13
英国,えいこく,英国,名詞,地名,代表表記:英国/えいこく 地名:国,0,14
の,の,の,助詞,接続助詞,NIL,0,14
コナン,こなん,コナン,名詞,人名,人名:外国,0,14
・,・,・,特殊,記号,NIL,0,14
ドイル,どいる,ドイル,名詞,人名,人名:外国,0,14
（,（,（,特殊,括弧始,NIL,0,14
名,めい,名,接頭辞,名詞接頭辞,代表表記:名/めい 内容語,0,14
探偵,たんてい,探偵,名詞,サ変名詞,代表表記:探偵/たんてい カテゴリ:人,0,14
シャーロック,シャーロック,シャーロック,名詞,普通名詞,自動獲得:Wikipedia Wikipedia多義,0,14
・,・,・,特殊,記号,NIL,0,14
ホームズ,ほーむず,ホームズ,名詞,人名,人名:外国,0,14
物語,ものがたり,物語,名詞,サ変名詞,代表表記:物語/ものがたり ドメイン:文化・芸術 カテゴリ:抽象物,0,14
の,の,の,助詞,接続助詞,NIL,0,14
作者,さくしゃ,作者,名詞,普通名詞,代表表記:作者/さくしゃ ドメイン:文化・芸術 カテゴリ:人,0,14
）,）,）,特殊,括弧終,NIL,0,14
が,が,が,助詞,格助詞,NIL,0,14
相当,そうとう,相当だ,形容詞,*,代表表記:相当だ/そうとうだ,0,14
書いて,かいて,書く,動詞,*,代表表記:書く/かく 補文ト,0,14
いる,いる,いる,接尾辞,動詞性接尾辞,代表表記:いる/いる,0,14
ようで,ようで,ようだ,助動詞,*,NIL,0,14
、,、,、,特殊,読点,NIL,0,14
あれ,あれ,あれ,指示詞,名詞形態指示詞,NIL,0,14
で,で,で,助詞,格助詞,NIL,0,14
六十,六十,六十,名詞,数詞,カテゴリ:数量 未知語:数字,0,14
篇,へん,篇,名詞,普通名詞,代表表記:編/へん カテゴリ:抽象物 漢字読み:音,0,14
くらい,くらい,くらい,助詞,副助詞,代表表記:くらい/くらい,0,14
の,の,の,助詞,接続助詞,NIL,0,14
もの,もの,もの,名詞,形式名詞,NIL,0,14
だ,だ,だ,判定詞,*,NIL,0,14
し,し,し,助詞,接続助詞,NIL,0,14
、,、,、,特殊,読点,NIL,0,14
同じく,おなじく,同じだ,形容詞,*,代表表記:同じだ/おなじだ 反義:動詞:違う/ちがう,0,14
英国,えいこく,英国,名詞,地名,代表表記:英国/えいこく 地名:国,0,14
の,の,の,助詞,接続助詞,NIL,0,14
チェス,チェス,チェス,名詞,普通名詞,自動獲得:Wikipedia Wikipedia上位語:ミュージカル/みゅーじかる,0,14
タートン,タートン,タートン,名詞,普通名詞,自動獲得:Wikipedia Wikipediaページ内一覧:スピンク郡,0,14
（,（,（,特殊,括弧始,NIL,0,14
神父,しんぷ,神父,名詞,普通名詞,代表表記:神父/しんぷ ドメイン:文化・芸術 カテゴリ:人 人名末尾,0,14
ブラウン,ブラウン,ブラウン,名詞,組織名,自動獲得:Wikipedia Wikipedia多義,0,14
物語,ものがたり,物語,名詞,サ変名詞,代表表記:物語/ものがたり ドメイン:文化・芸術 カテゴリ:抽象物,0,14
の,の,の,助詞,接続助詞,NIL,0,14
作者,さくしゃ,作者,名詞,普通名詞,代表表記:作者/さくしゃ ドメイン:文化・芸術 カテゴリ:人,0,14
）,）,）,特殊,括弧終,NIL,0,14
だって,だって,だって,助詞,副助詞,NIL,0,14
八十,八十,八十,名詞,数詞,カテゴリ:数量 未知語:数字,0,14
篇,へん,篇,名詞,普通名詞,代表表記:編/へん カテゴリ:抽象物 漢字読み:音,0,14
だ,だ,だ,判定詞,*,NIL,0,14
。,。,。,特殊,句点,NIL,0,14
野村,のむら,野村,名詞,人名,人名:日本:姓:46:0.00282,0,15
その,その,その,指示詞,連体詞形態指示詞,NIL,0,15
かわり,かわり,かわり,名詞,副詞的名詞,代表表記:代わり/かわり,0,15
わたし,わたし,わたし,名詞,普通名詞,代表表記:私/わたし カテゴリ:人 漢字読み:訓,0,15
の,の,の,助詞,格助詞,NIL,0,15
書く,かく,書く,動詞,*,代表表記:書く/かく 補文ト,0,15
の,の,の,名詞,形式名詞,NIL,0,15
は,は,は,助詞,副助詞,NIL,0,15
、,、,、,特殊,読点,NIL,0,15
あなた,あなた,あなた,名詞,普通名詞,代表表記:あなた/あなた カテゴリ:人,0,15
の,の,の,助詞,接続助詞,NIL,0,15
もの,もの,もの,名詞,形式名詞,NIL,0,15
の,の,だ,判定詞,*,NIL,0,15
ように,ように,ようだ,助動詞,*,NIL,0,15
、,、,、,特殊,読点,NIL,0,15
行き詰って,いきづまって,行き詰る,動詞,*,代表表記:行き詰まる/いきづまる,0,15
しまう,しまう,しまう,接尾辞,動詞性接尾辞,代表表記:しまう/しまう,0,15
ような,ような,ようだ,助動詞,*,NIL,0,15
凝った,こった,凝る,動詞,*,代表表記:凝る/こる 自他動詞:他:凝らす/こらす;他:凝らせる/こらせる,0,15
もの,もの,もの,名詞,形式名詞,NIL,0,15
じゃ,じゃ,だ,判定詞,*,NIL,0,15
ない,ない,ない,接尾辞,形容詞性述語接尾辞,代表表記:ない/ない,0,15
。,。,。,特殊,句点,NIL,0,15
江戸川,えどがわ,江戸川,名詞,地名,代表表記:江戸川/えどがわ 地名:日本:東京都:区,0,16
それにしても,それにしても,それにしても,接続詞,*,代表表記:それにしても/それにしても,0,16
、,、,、,特殊,読点,NIL,0,16
探偵,たんてい,探偵,名詞,サ変名詞,代表表記:探偵/たんてい カテゴリ:人,0,16
小説,しょうせつ,小説,名詞,普通名詞,代表表記:小説/しょうせつ ドメイン:文化・芸術 カテゴリ:抽象物,0,16
だ,だ,だ,判定詞,*,NIL,0,16
から,から,から,助詞,接続助詞,NIL,0,16
どうしても,どうしても,どうしても,副詞,*,代表表記:どうしても/どうしても,0,16
トリック,とりっく,トリック,名詞,普通名詞,代表表記:トリック/とりっく カテゴリ:人工物-その他,0,16
が,が,が,助詞,格助詞,NIL,0,16
いる,いる,いる,動詞,*,代表表記:射る/いる,0,16
。,。,。,特殊,句点,NIL,0,16
よく,よく,よく,副詞,*,代表表記:良く/よく,0,17
それ,それ,それ,指示詞,名詞形態指示詞,NIL,0,17
だけ,だけ,だけ,助詞,副助詞,NIL,0,17
の,の,の,助詞,接続助詞,NIL,0,17
トリック,とりっく,トリック,名詞,普通名詞,代表表記:トリック/とりっく カテゴリ:人工物-その他,0,17
を,を,を,助詞,格助詞,NIL,0,17
考え,かんがえ,考える,動詞,*,代表表記:考える/かんがえる 補文ト,0,17
出す,だす,出す,動詞,*,代表表記:出す/だす 反義:動詞:隠す/かくす;動詞:入れる/いれる 自他動詞:自:出る/でる 補文ト 付属動詞候補（基本）,0,17
もの,もの,もの,名詞,形式名詞,NIL,0,17
だ,だ,だ,判定詞,*,NIL,0,17
。,。,。,特殊,句点,NIL,0,17
三百,三百,三百,名詞,数詞,カテゴリ:数量 未知語:数字,0,18
篇,へん,篇,名詞,普通名詞,代表表記:編/へん カテゴリ:抽象物 漢字読み:音,0,18
の,の,の,助詞,接続助詞,NIL,0,18
うち,うち,うち,名詞,副詞的名詞,代表表記:うち/うち,0,18
同じ,おなじ,同じだ,形容詞,*,代表表記:同じだ/おなじだ 反義:動詞:違う/ちがう,0,18
トリック,とりっく,トリック,名詞,普通名詞,代表表記:トリック/とりっく カテゴリ:人工物-その他,0,18
を,を,を,助詞,格助詞,NIL,0,18
つかった,つかった,つかう,動詞,*,代表表記:使う/つかう,0,18
もの,もの,もの,名詞,形式名詞,NIL,0,18
は,は,は,助詞,副助詞,NIL,0,18
ない,ない,ない,形容詞,*,代表表記:無い/ない 反義:動詞:有る/ある,0,18
んだろう,んだろう,んだ,助動詞,*,NIL,0,18
？,？,？,特殊,記号,NIL,0,18
。,。,。,特殊,句点,NIL,0,18
野村,のむら,野村,名詞,人名,人名:日本:姓:46:0.00282,0,19
それ,それ,それ,指示詞,名詞形態指示詞,NIL,0,19
は,は,は,助詞,副助詞,NIL,0,19
ない,ない,ない,形容詞,*,代表表記:無い/ない 反義:動詞:有る/ある,0,19
。,。,。,特殊,句点,NIL,0,19
もっとも,もっとも,もっとも,副詞,*,代表表記:最も/もっとも 用言弱修飾,0,20
つい,つい,つい,副詞,*,代表表記:つい/つい,0,20
忘れて,わすれて,忘れる,動詞,*,代表表記:忘れる/わすれる 反義:動詞:覚える/おぼえる 付属動詞候補（基本）,0,20
しまって,しまって,しまう,接尾辞,動詞性接尾辞,代表表記:しまう/しまう,0,20
、,、,、,特殊,読点,NIL,0,20
似た,にた,似る,動詞,*,代表表記:似る/にる 自他動詞:他:似せる/にせる,0,20
ような,ような,ようだ,助動詞,*,NIL,0,20
トリック,とりっく,トリック,名詞,普通名詞,代表表記:トリック/とりっく カテゴリ:人工物-その他,0,20
を,を,を,助詞,格助詞,NIL,0,20
つかって,つかって,つかう,動詞,*,代表表記:使う/つかう,0,20
別の,べつの,別だ,形容詞,*,代表表記:別だ/べつだ,0,20
を,を,を,助詞,格助詞,NIL,0,20
書いて,かいて,書く,動詞,*,代表表記:書く/かく 補文ト,0,20
しまう,しまう,しまう,接尾辞,動詞性接尾辞,代表表記:しまう/しまう,0,20
こと,こと,こと,名詞,形式名詞,NIL,0,20
は,は,は,助詞,副助詞,NIL,0,20
あって,あって,ある,動詞,*,代表表記:有る/ある 反義:形容詞:無い/ない 補文ト,0,20
も,も,も,助詞,副助詞,NIL,0,20
……,……,……,特殊,記号,NIL,0,20
全然,ぜんぜん,全然,副詞,*,代表表記:全然/ぜんぜん,0,20
同じ,おなじ,同じだ,形容詞,*,代表表記:同じだ/おなじだ 反義:動詞:違う/ちがう,0,20
と,と,と,助詞,格助詞,NIL,0,20
いう,いう,いう,動詞,*,代表表記:言う/いう 補文ト,0,20
こと,こと,こと,名詞,形式名詞,NIL,0,20
は,は,は,助詞,副助詞,NIL,0,20
ない,ない,ない,形容詞,*,代表表記:無い/ない 反義:動詞:有る/ある,0,20
ね,ね,ね,助詞,終助詞,NIL,0,20
。,。,。,特殊,句点,NIL,0,20
江戸,江戸,江戸,名詞,地名,代表表記:江戸/江戸 地名:日本 DEV:prefix1,0,21
川,かわ,川,名詞,普通名詞,代表表記:川/かわ カテゴリ:場所-自然 漢字読み:訓 地名末尾,0,21
ウム,ウム,ウム,未定義語,カタカナ,未知語:カタカナ 品詞推定:名詞,0,21
。,。,。,特殊,句点,NIL,0,21
そこ,そこ,そこ,指示詞,名詞形態指示詞,NIL,0,22
で,で,で,助詞,格助詞,NIL,0,22
その,その,その,指示詞,連体詞形態指示詞,NIL,0,22
心境,しんきょう,心境,名詞,普通名詞,代表表記:心境/しんきょう カテゴリ:抽象物,0,22
だ,だ,だ,判定詞,*,NIL,0,22
な,な,な,助詞,終助詞,NIL,0,22
、,、,、,特殊,読点,NIL,0,22
聞いて,きいて,聞く,動詞,*,代表表記:聞く/きく 自他動詞:自:聞こえる/きこえる 補文ト,0,22
み,み,みる,接尾辞,動詞性接尾辞,代表表記:みる/みる,0,22
たい,たい,たい,接尾辞,形容詞性述語接尾辞,代表表記:たい/たい,0,22
の,の,の,名詞,形式名詞,NIL,0,22
は,は,は,助詞,副助詞,NIL,0,22
……,……,……,特殊,記号,NIL,0,22
それ,それ,それ,指示詞,名詞形態指示詞,NIL,0,22
だけ,だけ,だけ,助詞,副助詞,NIL,0,22
多作,たさく,多作,名詞,サ変名詞,代表表記:多作/たさく カテゴリ:抽象物,0,22
して,して,する,動詞,*,代表表記:する/する 自他動詞:自:成る/なる 付属動詞候補（基本）,0,22
いる,いる,いる,接尾辞,動詞性接尾辞,代表表記:いる/いる,0,22
間,あいだ,間,名詞,副詞的名詞,代表表記:間/あいだ,0,22
の,の,の,助詞,接続助詞,NIL,0,22
気持ち,きもち,気持ち,名詞,普通名詞,代表表記:気持ち/きもち カテゴリ:抽象物,0,22
は,は,は,助詞,副助詞,NIL,0,22
？,？,？,特殊,記号,NIL,0,22
。,。,。,特殊,句点,NIL,0,22
野村,のむら,野村,名詞,人名,人名:日本:姓:46:0.00282,0,23
そう,そう,そう,指示詞,副詞形態指示詞,NIL,0,23
だ,だ,だ,判定詞,*,NIL,0,23
ね,ね,ね,助詞,終助詞,NIL,0,23
。,。,。,特殊,句点,NIL,0,23
むかし,むかし,むかし,名詞,時相名詞,代表表記:昔/むかし カテゴリ:時間 漢字読み:訓,0,24
は,は,は,助詞,副助詞,NIL,0,24
大衆,たいしゅう,大衆,名詞,普通名詞,代表表記:大衆/たいしゅう カテゴリ:人,0,24
小説,しょうせつ,小説,名詞,普通名詞,代表表記:小説/しょうせつ ドメイン:文化・芸術 カテゴリ:抽象物,0,24
風,かぜ,風,名詞,普通名詞,代表表記:風/かぜ カテゴリ:抽象物 漢字読み:訓,0,24
に,に,に,助詞,格助詞,NIL,0,24
書いた,かいた,書く,動詞,*,代表表記:書く/かく 補文ト,0,24
ね,ね,ね,助詞,終助詞,NIL,0,24
。,。,。,特殊,句点,NIL,0,24
チャンバラ,ちゃんばら,チャンバラ,名詞,普通名詞,代表表記:チャンバラ/ちゃんばら ドメイン:レクリエーション カテゴリ:抽象物,0,25
式,しき,式,名詞,普通名詞,代表表記:式/しき カテゴリ:抽象物 漢字読み:音,0,25
に,に,に,助詞,格助詞,NIL,0,25
だ,だ,だ,判定詞,*,NIL,0,25
。,。,。,特殊,句点,NIL,0,25
それ,それ,それ,指示詞,名詞形態指示詞,NIL,0,26
から,から,から,助詞,格助詞,NIL,0,26
だんだん,だんだん,だんだん,副詞,*,代表表記:段々/だんだん,0,26
コナン,こなん,コナン,名詞,人名,人名:外国,0,26
・,・,・,特殊,記号,NIL,0,26
ドイル,どいる,ドイル,名詞,人名,人名:外国,0,26
風,かぜ,風,名詞,普通名詞,代表表記:風/かぜ カテゴリ:抽象物 漢字読み:訓,0,26
に,に,に,助詞,格助詞,NIL,0,26
なって,なって,なる,動詞,*,代表表記:成る/なる 自他動詞:他:成す/なす;他:する/する,0,26
きた,きた,くる,接尾辞,動詞性接尾辞,代表表記:くる/くる,0,26
。,。,。,特殊,句点,NIL,0,26
近ごろ,ちかごろ,近ごろ,名詞,時相名詞,代表表記:近頃/ちかごろ カテゴリ:時間,0,27
は,は,は,助詞,副助詞,NIL,0,27
心理,しんり,心理,名詞,普通名詞,代表表記:心理/しんり カテゴリ:抽象物,0,27
的に,てきに,的だ,接尾辞,形容詞性名詞接尾辞,代表表記:的だ/てきだ カテゴリ:抽象物 準内容語,0,27
書こう,かこう,書く,動詞,*,代表表記:書く/かく 補文ト,0,27
と,と,と,助詞,格助詞,NIL,0,27
いう,いう,いう,動詞,*,代表表記:言う/いう 補文ト,0,27
気持ち,きもち,気持ち,名詞,普通名詞,代表表記:気持ち/きもち カテゴリ:抽象物,0,27
に,に,に,助詞,格助詞,NIL,0,27
なって,なって,なる,動詞,*,代表表記:成る/なる 自他動詞:他:成す/なす;他:する/する,0,27
きて,きて,くる,接尾辞,動詞性接尾辞,代表表記:くる/くる,0,27
いる,いる,いる,接尾辞,動詞性接尾辞,代表表記:いる/いる,0,27
。,。,。,特殊,句点,NIL,0,27
性格,せいかく,性格,名詞,普通名詞,代表表記:性格/せいかく カテゴリ:抽象物,0,28
描写,びょうしゃ,描写,名詞,サ変名詞,代表表記:描写/びょうしゃ ドメイン:文化・芸術 カテゴリ:抽象物,0,28
など,など,など,助詞,副助詞,NIL,0,28
に,に,に,助詞,格助詞,NIL,0,28
も,も,も,助詞,副助詞,NIL,0,28
力,ちから,力,名詞,普通名詞,代表表記:力/ちから カテゴリ:抽象物 漢字読み:訓,0,28
を,を,を,助詞,格助詞,NIL,0,28
いれて,いれて,いれる,動詞,*,代表表記:入れる/いれる 反義:動詞:出す/だす 自他動詞:自:入る/はいる,0,28
ね,ね,ね,助詞,終助詞,NIL,0,28
。,。,。,特殊,句点,NIL,0,28
しかし,しかし,しかし,接続詞,*,代表表記:しかし/しかし,0,29
ね,ね,ね,助詞,終助詞,NIL,0,29
。,。,。,特殊,句点,NIL,0,29
三十,三十,三十,名詞,数詞,カテゴリ:数量 未知語:数字,0,30
枚,まい,枚,接尾辞,名詞性名詞助数辞,代表表記:枚/まい 準内容語,0,30
そこそこ,そこそこ,そこそこ,副詞,*,代表表記:そこそこ/そこそこ スル接続可能,0,30
の,の,の,助詞,接続助詞,NIL,0,30
長,なが,長い,形容詞,*,代表表記:長い/ながい 反義:形容詞:短い/みじかい,0,30
さ,さ,さ,接尾辞,名詞性述語接尾辞,代表表記:さ/さ カテゴリ:抽象物;数量 準内容語,0,30
じゃ,じゃ,だ,判定詞,*,NIL,0,30
、,、,、,特殊,読点,NIL,0,30
とても,とても,とても,副詞,*,代表表記:とても/とても 用言弱修飾,0,30
そんな,そんな,そんな,指示詞,連体詞形態指示詞,NIL,0,30
の,の,の,名詞,形式名詞,NIL,0,30
は,は,は,助詞,副助詞,NIL,0,30
書け,かけ,書ける,動詞,*,代表表記:書ける/かける 可能動詞:書く/かく 補文ト,0,30
ぬ,ぬ,ぬ,助動詞,*,NIL,0,30
。,。,。,特殊,句点,NIL,0,30
江戸川,えどがわ,江戸川,名詞,地名,代表表記:江戸川/えどがわ 地名:日本:東京都:区,0,31
そうだ,そうだ,そうだ,接尾辞,形容詞性述語接尾辞,代表表記:そうだ/そうだ,0,31
ね,ね,ね,助詞,終助詞,NIL,0,31
。,。,。,特殊,句点,NIL,0,31
原稿,げんこう,原稿,名詞,普通名詞,代表表記:原稿/げんこう カテゴリ:抽象物,0,32
用紙,ようし,用紙,名詞,普通名詞,代表表記:用紙/ようし カテゴリ:人工物-その他,0,32
三十,三十,三十,名詞,数詞,カテゴリ:数量 未知語:数字,0,32
枚,まい,枚,接尾辞,名詞性名詞助数辞,代表表記:枚/まい 準内容語,0,32
で,で,で,助詞,格助詞,NIL,0,32
は,は,は,助詞,副助詞,NIL,0,32
探偵,たんてい,探偵,名詞,サ変名詞,代表表記:探偵/たんてい カテゴリ:人,0,32
小説,しょうせつ,小説,名詞,普通名詞,代表表記:小説/しょうせつ ドメイン:文化・芸術 カテゴリ:抽象物,0,32
的,てき,的だ,接尾辞,形容詞性名詞接尾辞,代表表記:的だ/てきだ カテゴリ:抽象物 準内容語,0,32
面白,おもしろ,面白い,形容詞,*,代表表記:面白い/おもしろい 反義:形容詞:つまらない/つまらない,0,32
さ,さ,さ,接尾辞,名詞性述語接尾辞,代表表記:さ/さ カテゴリ:抽象物;数量 準内容語,0,32
は,は,は,助詞,副助詞,NIL,0,32
出せ,だせ,出せる,動詞,*,代表表記:出せる/だせる 可能動詞:出す/だす 補文ト 付属動詞候補（基本）,0,32
ない,ない,ない,接尾辞,形容詞性述語接尾辞,代表表記:ない/ない,0,32
。,。,。,特殊,句点,NIL,0,32
ドイル,どいる,ドイル,名詞,人名,人名:外国,0,33
時代,じだい,時代,名詞,時相名詞,代表表記:時代/じだい カテゴリ:時間 弱時相名詞,0,33
は,は,は,助詞,副助詞,NIL,0,33
だいたい,だいたい,だいたい,副詞,*,代表表記:大体/だいたい 数量修飾,0,33
百,ひゃく,百,名詞,数詞,カテゴリ:数量,0,33
枚,まい,枚,接尾辞,名詞性名詞助数辞,代表表記:枚/まい 準内容語,0,33
……,……,……,特殊,記号,NIL,0,33
。,。,。,特殊,句点,NIL,0,33
野村,のむら,野村,名詞,人名,人名:日本:姓:46:0.00282,0,34
五十,五十,五十,名詞,数詞,カテゴリ:数量 未知語:数字,0,34
枚,まい,枚,接尾辞,名詞性名詞助数辞,代表表記:枚/まい 準内容語,0,34
以上,いじょう,以上,接尾辞,名詞性名詞接尾辞,代表表記:以上/いじょう,0,34
の,の,の,助詞,格助詞,NIL,0,34
長,なが,長い,形容詞,*,代表表記:長い/ながい 反義:形容詞:短い/みじかい,0,34
さ,さ,さ,接尾辞,名詞性述語接尾辞,代表表記:さ/さ カテゴリ:抽象物;数量 準内容語,0,34
で,で,だ,判定詞,*,NIL,0,34
ない,ない,ない,接尾辞,形容詞性述語接尾辞,代表表記:ない/ない,0,34
と,と,と,助詞,格助詞,NIL,0,34
ダメだ,だめだ,ダメだ,形容詞,*,代表表記:駄目だ/だめだ,0,34
。,。,。,特殊,句点,NIL,0,34
アメリカ,あめりか,アメリカ,名詞,地名,代表表記:アメリカ/あめりか 地名:国:別称:米国,1,0
に,に,に,助詞,格助詞,NIL,1,0
も,も,も,助詞,副助詞,NIL,1,0
「,「,「,特殊,括弧始,NIL,1,0
捕物帖,捕物帖,捕物帖,名詞,普通名詞,自動獲得:Wikipedia Wikipediaページ内一覧:時代劇 読み不明,1,0
」,」,」,特殊,括弧終,NIL,1,0
が,が,が,助詞,格助詞,NIL,1,0
あった,あった,ある,動詞,*,代表表記:有る/ある 反義:形容詞:無い/ない 補文ト,1,0
。,。,。,特殊,句点,NIL,1,0
江戸川,えどがわ,江戸川,名詞,人名,自動獲得:Wikipedia Wikipedia人名 Wikipedia多義 Wikipedia姓,1,1
そう,そう,そう,指示詞,副詞形態指示詞,NIL,1,1
する,する,する,動詞,*,代表表記:する/する 自他動詞:自:成る/なる 付属動詞候補（基本）,1,1
と,と,と,助詞,格助詞,NIL,1,1
、,、,、,特殊,読点,NIL,1,1
あなた,あなた,あなた,名詞,普通名詞,代表表記:あなた/あなた カテゴリ:人,1,1
の,の,の,助詞,接続助詞,NIL,1,1
銭形平次,ぜにがたへいじ,銭形平次,名詞,普通名詞,自動獲得:Wikipedia Wikipedia上位語:時代劇シリーズ Wikipediaリダイレクト:銭形平次　捕物控,1,1
は,は,は,助詞,副助詞,NIL,1,1
だんだん,だんだん,だんだん,副詞,*,代表表記:段々/だんだん,1,1
文学,ぶんがく,文学,名詞,普通名詞,代表表記:文学/ぶんがく ドメイン:文化・芸術;教育・学習 カテゴリ:抽象物,1,1
的に,てきに,的だ,接尾辞,形容詞性名詞接尾辞,代表表記:的だ/てきだ カテゴリ:抽象物 準内容語,1,1
なって,なって,なる,接尾辞,動詞性接尾辞,代表表記:なる/なる,1,1
きて,きて,くる,接尾辞,動詞性接尾辞,代表表記:くる/くる,1,1
いる,いる,いる,接尾辞,動詞性接尾辞,代表表記:いる/いる,1,1
わけだ,わけだ,わけだ,助動詞,*,NIL,1,1
な,な,な,助詞,終助詞,NIL,1,1
。,。,。,特殊,句点,NIL,1,1
もっとも,もっとも,もっとも,副詞,*,代表表記:最も/もっとも 用言弱修飾,1,2
捕物帖,捕物帖,捕物帖,名詞,普通名詞,自動獲得:Wikipedia Wikipediaページ内一覧:時代劇 読み不明,1,2
は,は,は,助詞,副助詞,NIL,1,2
、,、,、,特殊,読点,NIL,1,2
時代,じだい,時代,名詞,時相名詞,代表表記:時代/じだい カテゴリ:時間 弱時相名詞,1,2
が,が,が,助詞,格助詞,NIL,1,2
古い,ふるい,古い,形容詞,*,代表表記:古い/ふるい 反義:形容詞:新しい/あたらしい,1,2
から,から,から,助詞,接続助詞,NIL,1,2
外国,がいこく,外国,名詞,普通名詞,代表表記:外国/がいこく ドメイン:政治 カテゴリ:場所-その他,1,2
の,の,の,助詞,接続助詞,NIL,1,2
探偵,たんてい,探偵,名詞,サ変名詞,代表表記:探偵/たんてい カテゴリ:人,1,2
小説,しょうせつ,小説,名詞,普通名詞,代表表記:小説/しょうせつ ドメイン:文化・芸術 カテゴリ:抽象物,1,2
みたいに,みたいに,みたいだ,助動詞,*,NIL,1,2
自由自在に,じゆうじざいに,自由自在だ,形容詞,*,代表表記:自由自在だ/じゆうじざいだ,1,2
謎,なぞ,謎,名詞,普通名詞,代表表記:謎/なぞ カテゴリ:抽象物,1,2
を,を,を,助詞,格助詞,NIL,1,2
つくる,つくる,つくる,動詞,*,代表表記:作る/つくる,1,2
わけに,わけに,わけだ,助動詞,*,NIL,1,2
いか,いか,いく,動詞,*,代表表記:行く/いく ドメイン:交通 反義:動詞:帰る/かえる 付属動詞候補（タ系）,1,2
ん,ん,ぬ,助動詞,*,NIL,1,2
から,から,から,助詞,格助詞,NIL,1,2
苦心,くしん,苦心,名詞,サ変名詞,代表表記:苦心/くしん カテゴリ:抽象物,1,2
さ,さ,する,動詞,*,代表表記:する/する 自他動詞:自:成る/なる 付属動詞候補（基本）,1,2
せ,せ,せる,接尾辞,動詞性接尾辞,代表表記:せる/せる,1,2
られる,られる,られる,接尾辞,動詞性接尾辞,代表表記:られる/られる,1,2
な,な,な,助詞,終助詞,NIL,1,2
。,。,。,特殊,句点,NIL,1,2
野村,のむら,野村,名詞,人名,人名:日本:姓:46:0.00282,1,3
江戸,えど,江戸,名詞,固有名詞,代表表記:江戸/えど,1,3
時代,じだい,時代,名詞,時相名詞,代表表記:時代/じだい カテゴリ:時間 弱時相名詞,1,3
と,と,と,助詞,格助詞,NIL,1,3
いう,いう,いう,動詞,*,代表表記:言う/いう 補文ト,1,3
魅力,みりょく,魅力,名詞,普通名詞,代表表記:魅力/みりょく カテゴリ:抽象物,1,3
が,が,が,助詞,格助詞,NIL,1,3
ある,ある,ある,動詞,*,代表表記:有る/ある 反義:形容詞:無い/ない 補文ト,1,3
んで,んで,んだ,助動詞,*,NIL,1,3
、,、,、,特殊,読点,NIL,1,3
書いて,かいて,書く,動詞,*,代表表記:書く/かく 補文ト,1,3
いて,いて,いる,接尾辞,動詞性接尾辞,代表表記:いる/いる,1,3
も,も,も,助詞,副助詞,NIL,1,3
楽しい,たのしい,楽しい,形容詞,*,代表表記:楽しい/たのしい,1,3
。,。,。,特殊,句点,NIL,1,3
江戸川,えどがわ,江戸川,名詞,人名,自動獲得:Wikipedia Wikipedia人名 Wikipedia多義 Wikipedia姓,1,4
ところ,ところ,ところ,名詞,副詞的名詞,代表表記:ところ/ところ,1,4
で,で,で,助詞,格助詞,NIL,1,4
、,、,、,特殊,読点,NIL,1,4
ぼく,ぼく,ぼく,名詞,普通名詞,代表表記:僕/ぼく カテゴリ:人 漢字読み:音,1,4
は,は,は,助詞,副助詞,NIL,1,4
最近,さいきん,最近,名詞,時相名詞,代表表記:最近/さいきん カテゴリ:時間,1,4
アメリカ,あめりか,アメリカ,名詞,地名,代表表記:アメリカ/あめりか 地名:国:別称:米国,1,4
の,の,の,助詞,接続助詞,NIL,1,4
捕物帖,捕物帖,捕物帖,名詞,普通名詞,自動獲得:Wikipedia Wikipediaページ内一覧:時代劇 読み不明,1,4
を,を,を,助詞,格助詞,NIL,1,4
発見,はっけん,発見,名詞,サ変名詞,代表表記:発見/はっけん カテゴリ:抽象物,1,4
した,した,する,動詞,*,代表表記:する/する 自他動詞:自:成る/なる 付属動詞候補（基本）,1,4
んだ,んだ,んだ,助動詞,*,NIL,1,4
。,。,。,特殊,句点,NIL,1,4
作家,さっか,作家,名詞,普通名詞,代表表記:作家/さっか ドメイン:文化・芸術 カテゴリ:人,1,5
は,は,は,助詞,副助詞,NIL,1,5
ポースト,ポースト,ポースト,未定義語,カタカナ,未知語:カタカナ 品詞推定:名詞,1,5
と,と,と,助詞,格助詞,NIL,1,5
いって,いって,いう,動詞,*,代表表記:言う/いう 補文ト,1,5
ヴァン,ヴァン,ヴァン,名詞,地名,自動獲得:Wikipedia Wikipedia多義 Wikipedia地名,1,5
・,・,・,特殊,記号,NIL,1,5
ダイン,ダイン,ダイン,名詞,普通名詞,自動獲得:Wikipedia Wikipedia多義,1,5
（,（,（,特殊,括弧始,NIL,1,5
「,「,「,特殊,括弧始,NIL,1,5
グリーン,ぐりーん,グリーン,名詞,普通名詞,代表表記:グリーン/ぐりーん カテゴリ:色,1,5
家,か,家,接尾辞,名詞性名詞接尾辞,代表表記:家/か カテゴリ:人 内容語,1,5
の,の,の,助詞,接続助詞,NIL,1,5
惨劇,さんげき,惨劇,名詞,普通名詞,代表表記:惨劇/さんげき カテゴリ:抽象物,1,5
」,」,」,特殊,括弧終,NIL,1,5
の,の,の,助詞,接続助詞,NIL,1,5
作者,さくしゃ,作者,名詞,普通名詞,代表表記:作者/さくしゃ ドメイン:文化・芸術 カテゴリ:人,1,5
）,）,）,特殊,括弧終,NIL,1,5
より,より,より,助詞,格助詞,NIL,1,5
古い,ふるい,古い,形容詞,*,代表表記:古い/ふるい 反義:形容詞:新しい/あたらしい,1,5
。,。,。,特殊,句点,NIL,1,5
作品,さくひん,作品,名詞,普通名詞,代表表記:作品/さくひん ドメイン:文化・芸術 カテゴリ:抽象物,1,6
の,の,の,助詞,接続助詞,NIL,1,6
時代,じだい,時代,名詞,時相名詞,代表表記:時代/じだい カテゴリ:時間 弱時相名詞,1,6
は,は,は,助詞,副助詞,NIL,1,6
アメリカ,あめりか,アメリカ,名詞,地名,代表表記:アメリカ/あめりか 地名:国:別称:米国,1,6
の,の,の,助詞,接続助詞,NIL,1,6
南北,なんぼく,南北,名詞,普通名詞,代表表記:南北/なんぼく カテゴリ:場所-機能 対語:南/みなみ:北/きた,1,6
戦争,せんそう,戦争,名詞,サ変名詞,代表表記:戦争/せんそう ドメイン:政治 カテゴリ:抽象物,1,6
より,より,より,助詞,格助詞,NIL,1,6
前,まえ,前,名詞,時相名詞,代表表記:前/まえ カテゴリ:場所-機能;時間 漢字読み:訓 〜を〜に構成語 弱時相名詞,1,6
、,、,、,特殊,読点,NIL,1,6
開拓,かいたく,開拓,名詞,サ変名詞,代表表記:開拓/かいたく カテゴリ:抽象物,1,6
時代,じだい,時代,名詞,時相名詞,代表表記:時代/じだい カテゴリ:時間 弱時相名詞,1,6
に,に,に,助詞,格助詞,NIL,1,6
なって,なって,なる,動詞,*,代表表記:成る/なる 自他動詞:他:成す/なす;他:する/する,1,6
いる,いる,いる,接尾辞,動詞性接尾辞,代表表記:いる/いる,1,6
。,。,。,特殊,句点,NIL,1,6
幌,ほろ,幌,名詞,普通名詞,代表表記:幌/ほろ カテゴリ:人工物-その他,1,7
馬車,ばしゃ,馬車,名詞,普通名詞,代表表記:馬車/ばしゃ ドメイン:交通 カテゴリ:人工物-乗り物,1,7
と,と,と,助詞,格助詞,NIL,1,7
牧場,ぼくじょう,牧場,名詞,普通名詞,代表表記:牧場/ぼくじょう カテゴリ:場所-その他,1,7
の,の,の,助詞,接続助詞,NIL,1,7
ころ,ころ,ころ,名詞,副詞的名詞,代表表記:頃/ころ,1,7
な,な,だ,判定詞,*,NIL,1,7
んだ,んだ,んだ,助動詞,*,NIL,1,7
。,。,。,特殊,句点,NIL,1,7
銭形平次,ぜにがたへいじ,銭形平次,名詞,普通名詞,自動獲得:Wikipedia Wikipedia上位語:時代劇シリーズ Wikipediaリダイレクト:銭形平次　捕物控,1,8
に,に,に,助詞,格助詞,NIL,1,8
相当,そうとう,相当,名詞,サ変名詞,代表表記:相当/そうとう カテゴリ:抽象物 形容詞派生:相当だ/そうとうだ,1,8
する,する,する,動詞,*,代表表記:する/する 自他動詞:自:成る/なる 付属動詞候補（基本）,1,8
名,めい,名,接頭辞,名詞接頭辞,代表表記:名/めい 内容語,1,8
探偵,たんてい,探偵,名詞,サ変名詞,代表表記:探偵/たんてい カテゴリ:人,1,8
は,は,は,助詞,副助詞,NIL,1,8
「,「,「,特殊,括弧始,NIL,1,8
アブナー,アブナー,アブナー,名詞,普通名詞,自動獲得:Wikipedia Wikipediaページ内一覧:アブナー・リード,1,8
叔父さん,おじさん,叔父さん,名詞,普通名詞,代表表記:伯父さん/おじさん ドメイン:家庭・暮らし カテゴリ:人,1,8
」,」,」,特殊,括弧終,NIL,1,8
と,と,と,助詞,格助詞,NIL,1,8
いって,いって,いう,動詞,*,代表表記:言う/いう 補文ト,1,8
、,、,、,特殊,読点,NIL,1,8
牧場,ぼくじょう,牧場,名詞,普通名詞,代表表記:牧場/ぼくじょう カテゴリ:場所-その他,1,8
主な,おもな,主だ,形容詞,*,代表表記:主だ/おもだ,1,8
んだ,んだ,んだ,助動詞,*,NIL,1,8
。,。,。,特殊,句点,NIL,1,8
これ,これ,これ,指示詞,名詞形態指示詞,NIL,1,9
が,が,が,助詞,格助詞,NIL,1,9
、,、,、,特殊,読点,NIL,1,9
すべて,すべて,すべて,副詞,*,代表表記:全て/すべて 数量修飾,1,9
の,の,の,助詞,接続助詞,NIL,1,9
作品,さくひん,作品,名詞,普通名詞,代表表記:作品/さくひん ドメイン:文化・芸術 カテゴリ:抽象物,1,9
に,に,に,助詞,格助詞,NIL,1,9
登場,とうじょう,登場,名詞,サ変名詞,代表表記:登場/とうじょう カテゴリ:抽象物 反義:名詞-サ変名詞:退場/たいじょう,1,9
して,して,する,動詞,*,代表表記:する/する 自他動詞:自:成る/なる 付属動詞候補（基本）,1,9
きて,きて,くる,接尾辞,動詞性接尾辞,代表表記:くる/くる,1,9
、,、,、,特殊,読点,NIL,1,9
ズバリ,ずばり,ズバリ,副詞,*,代表表記:ズバリ/ずばり,1,9
ズバリ,ずばり,ズバリ,副詞,*,代表表記:ズバリ/ずばり,1,9
と,と,と,助詞,格助詞,NIL,1,9
明快な,めいかいな,明快だ,形容詞,*,代表表記:明快だ/めいかいだ,1,9
推理,すいり,推理,名詞,サ変名詞,代表表記:推理/すいり カテゴリ:抽象物 補文ト,1,9
を,を,を,助詞,格助詞,NIL,1,9
やる,やる,やる,動詞,*,代表表記:やる/やる 付属動詞候補（タ系）,1,9
んだ,んだ,んだ,助動詞,*,NIL,1,9
が,が,が,助詞,接続助詞,NIL,1,9
、,、,、,特殊,読点,NIL,1,9
そういう,そういう,そういう,指示詞,連体詞形態指示詞,NIL,1,9
素朴な,そぼくな,素朴だ,形容詞,*,代表表記:素朴だ/そぼくだ,1,9
時代,じだい,時代,名詞,時相名詞,代表表記:時代/じだい カテゴリ:時間 弱時相名詞,1,9
だ,だ,だ,判定詞,*,NIL,1,9
から,から,から,助詞,接続助詞,NIL,1,9
犯罪,はんざい,犯罪,名詞,普通名詞,代表表記:犯罪/はんざい ドメイン:政治 カテゴリ:抽象物,1,9
の,の,の,助詞,接続助詞,NIL,1,9
トリック,とりっく,トリック,名詞,普通名詞,代表表記:トリック/とりっく カテゴリ:人工物-その他,1,9
も,も,も,助詞,副助詞,NIL,1,9
捕物帖,捕物帖,捕物帖,名詞,普通名詞,自動獲得:Wikipedia Wikipediaページ内一覧:時代劇 読み不明,1,9
ていど,ていど,ていど,名詞,普通名詞,代表表記:程度/ていど カテゴリ:抽象物,1,9
の,の,の,助詞,格助詞,NIL,1,9
簡単な,かんたんな,簡単だ,形容詞,*,代表表記:簡単だ/かんたんだ 反義:形容詞:複雑だ/ふくざつだ,1,9
もの,もの,もの,名詞,形式名詞,NIL,1,9
だ,だ,だ,判定詞,*,NIL,1,9
。,。,。,特殊,句点,NIL,1,9
捕まった,つかまった,捕まる,動詞,*,代表表記:捕まる/つかまる 自他動詞:他:捕まえる/つかまえる,1,10
犯人,はんにん,犯人,名詞,普通名詞,代表表記:犯人/はんにん ドメイン:政治 カテゴリ:人,1,10
が,が,が,助詞,格助詞,NIL,1,10
裁判,さいばん,裁判,名詞,サ変名詞,代表表記:裁判/さいばん ドメイン:政治 カテゴリ:抽象物,1,10
に,に,に,助詞,格助詞,NIL,1,10
かけ,かけ,かける,動詞,*,代表表記:掛ける/かける 自他動詞:自:掛かる/かかる 補文ト 付属動詞候補（基本）,1,10
られたり,られたり,られる,接尾辞,動詞性接尾辞,代表表記:られる/られる,1,10
する,する,する,接尾辞,動詞性接尾辞,代表表記:する/する,1,10
んだ,んだ,んだ,助動詞,*,NIL,1,10
が,が,が,助詞,接続助詞,NIL,1,10
、,、,、,特殊,読点,NIL,1,10
政治,せいじ,政治,名詞,普通名詞,代表表記:政治/せいじ ドメイン:政治 カテゴリ:抽象物,1,10
も,も,も,助詞,副助詞,NIL,1,10
法律,ほうりつ,法律,名詞,普通名詞,代表表記:法律/ほうりつ ドメイン:政治 カテゴリ:抽象物,1,10
も,も,も,助詞,副助詞,NIL,1,10
自分,じぶん,自分,名詞,普通名詞,代表表記:自分/じぶん カテゴリ:人 修飾（デ格）,1,10
たち,たち,たち,接尾辞,名詞性名詞接尾辞,代表表記:達/たち,1,10
が,が,が,助詞,格助詞,NIL,1,10
つくった,つくった,つくる,動詞,*,代表表記:作る/つくる,1,10
もの,もの,もの,名詞,形式名詞,NIL,1,10
だ,だ,だ,判定詞,*,NIL,1,10
と,と,と,助詞,格助詞,NIL,1,10
いう,いう,いう,動詞,*,代表表記:言う/いう 補文ト,1,10
考え,かんがえ,考え,名詞,普通名詞,代表表記:考え/かんがえv 連用形名詞化:考える/かんがえる 補文ト,1,10
方,かた,方,接尾辞,名詞性述語接尾辞,代表表記:方/かた カテゴリ:抽象物 同義:名詞:方法/ほうほう 内容語,1,10
が,が,が,助詞,格助詞,NIL,1,10
作中,作中,作中,未定義語,その他,未知語:漢字 品詞推定:名詞,1,10
に,に,に,助詞,格助詞,NIL,1,10
あふれて,あふれて,あふれる,動詞,*,代表表記:溢れる/あふれる,1,10
いて,いて,いる,接尾辞,動詞性接尾辞,代表表記:いる/いる,1,10
、,、,、,特殊,読点,NIL,1,10
たいへん,たいへん,たいへん,副詞,*,代表表記:大変/たいへん,1,10
面白い,おもしろい,面白い,形容詞,*,代表表記:面白い/おもしろい 反義:形容詞:つまらない/つまらない,1,10
。,。,。,特殊,句点,NIL,1,10
この,この,この,指示詞,連体詞形態指示詞,NIL,1,11
種,しゅ,種,名詞,普通名詞,代表表記:種/しゅ カテゴリ:抽象物 漢字読み:音,1,11
の,の,の,助詞,接続助詞,NIL,1,11
小説,しょうせつ,小説,名詞,普通名詞,代表表記:小説/しょうせつ ドメイン:文化・芸術 カテゴリ:抽象物,1,11
の,の,の,助詞,接続助詞,NIL,1,11
作家,さっか,作家,名詞,普通名詞,代表表記:作家/さっか ドメイン:文化・芸術 カテゴリ:人,1,11
と,と,と,助詞,格助詞,NIL,1,11
して,して,する,動詞,*,代表表記:する/する 自他動詞:自:成る/なる 付属動詞候補（基本）,1,11
は,は,は,助詞,副助詞,NIL,1,11
エドガァ,エドガァ,エドガァ,未定義語,カタカナ,未知語:カタカナ 品詞推定:名詞,1,11
・,・,・,特殊,記号,NIL,1,11
アラン,アラン,アラン,名詞,人名,自動獲得:Wikipedia Wikipedia人名 Wikipedia多義,1,11
・,・,・,特殊,記号,NIL,1,11
ポウ,ポウ,ポウ,未定義語,カタカナ,未知語:カタカナ 品詞推定:名詞,1,11
以後,いご,以後,接尾辞,名詞性特殊接尾辞,代表表記:以後/いご 内容語,1,11
ヴァン,ヴァン,ヴァン,名詞,地名,自動獲得:Wikipedia Wikipedia多義 Wikipedia地名,1,11
・,・,・,特殊,記号,NIL,1,11
ダイン,ダイン,ダイン,名詞,普通名詞,自動獲得:Wikipedia Wikipedia多義,1,11
まで,まで,まで,助詞,格助詞,NIL,1,11
の,の,の,助詞,接続助詞,NIL,1,11
最大の,さいだいの,最大だ,形容詞,*,代表表記:最大だ/さいだいだ 反義:形容詞:最小だ/さいしょうだ,1,11
作家,さっか,作家,名詞,普通名詞,代表表記:作家/さっか ドメイン:文化・芸術 カテゴリ:人,1,11
で,で,で,助詞,格助詞,NIL,1,11
アメリカ,あめりか,アメリカ,名詞,地名,代表表記:アメリカ/あめりか 地名:国:別称:米国,1,11
でも,でも,でも,助詞,副助詞,NIL,1,11
珍重,ちんちょう,珍重,名詞,サ変名詞,代表表記:珍重/ちんちょう カテゴリ:抽象物,1,11
さ,さ,する,動詞,*,代表表記:する/する 自他動詞:自:成る/なる 付属動詞候補（基本）,1,11
れて,れて,れる,接尾辞,動詞性接尾辞,代表表記:れる/れる,1,11
いる,いる,いる,接尾辞,動詞性接尾辞,代表表記:いる/いる,1,11
らしい,らしい,らしい,助動詞,*,NIL,1,11
。,。,。,特殊,句点,NIL,1,11
野村,のむら,野村,名詞,人名,人名:日本:姓:46:0.00282,1,12
探偵,たんてい,探偵,名詞,サ変名詞,代表表記:探偵/たんてい カテゴリ:人,1,12
小説,しょうせつ,小説,名詞,普通名詞,代表表記:小説/しょうせつ ドメイン:文化・芸術 カテゴリ:抽象物,1,12
に,に,に,助詞,格助詞,NIL,1,12
して,して,する,動詞,*,代表表記:する/する 自他動詞:自:成る/なる 付属動詞候補（基本）,1,12
も,も,も,助詞,副助詞,NIL,1,12
その,その,その,指示詞,連体詞形態指示詞,NIL,1,12
時代,じだい,時代,名詞,時相名詞,代表表記:時代/じだい カテゴリ:時間 弱時相名詞,1,12
の,の,の,助詞,接続助詞,NIL,1,12
ふんい気,ふんいき,ふんい気,名詞,普通名詞,代表表記:雰囲気/ふんいき カテゴリ:抽象物,1,12
が,が,が,助詞,格助詞,NIL,1,12
重大だ,じゅうだいだ,重大だ,形容詞,*,代表表記:重大だ/じゅうだいだ,1,12
ね,ね,ね,助詞,終助詞,NIL,1,12
。,。,。,特殊,句点,NIL,1,12
江戸川,えどがわ,江戸川,名詞,人名,自動獲得:Wikipedia Wikipedia人名 Wikipedia多義 Wikipedia姓,1,13
あなた,あなた,あなた,名詞,普通名詞,代表表記:あなた/あなた カテゴリ:人,1,13
は,は,は,助詞,副助詞,NIL,1,13
捕物帖,捕物帖,捕物帖,名詞,普通名詞,自動獲得:Wikipedia Wikipediaページ内一覧:時代劇 読み不明,1,13
に,に,に,助詞,格助詞,NIL,1,13
ユーモア,ゆーもあ,ユーモア,名詞,普通名詞,代表表記:ユーモア/ゆーもあ カテゴリ:抽象物,1,13
も,も,も,助詞,副助詞,NIL,1,13
いれて,いれて,いれる,動詞,*,代表表記:入れる/いれる 反義:動詞:出す/だす 自他動詞:自:入る/はいる,1,13
い,い,いる,接尾辞,動詞性接尾辞,代表表記:いる/いる,1,13
ます,ます,ます,接尾辞,動詞性接尾辞,代表表記:ます/ます,1,13
ね,ね,ね,助詞,終助詞,NIL,1,13
。,。,。,特殊,句点,NIL,1,13
野村,のむら,野村,名詞,人名,人名:日本:姓:46:0.00282,1,14
わたし,わたし,わたし,名詞,普通名詞,代表表記:私/わたし カテゴリ:人 漢字読み:訓,1,14
は,は,は,助詞,副助詞,NIL,1,14
「,「,「,特殊,括弧始,NIL,1,14
銭形平次,ぜにがたへいじ,銭形平次,名詞,普通名詞,自動獲得:Wikipedia Wikipedia上位語:時代劇シリーズ Wikipediaリダイレクト:銭形平次　捕物控,1,14
」,」,」,特殊,括弧終,NIL,1,14
は,は,は,助詞,副助詞,NIL,1,14
ユーモラスな,ゆーもらすな,ユーモラスだ,形容詞,*,代表表記:ユーモラスだ/ゆーもらすだ,1,14
会話,かいわ,会話,名詞,サ変名詞,代表表記:会話/かいわ カテゴリ:抽象物,1,14
で,で,で,助詞,格助詞,NIL,1,14
江戸,えど,江戸,名詞,固有名詞,代表表記:江戸/えど,1,14
時代,じだい,時代,名詞,時相名詞,代表表記:時代/じだい カテゴリ:時間 弱時相名詞,1,14
の,の,の,助詞,接続助詞,NIL,1,14
洒落,しゃれ,洒落だ,形容詞,*,代表表記:洒落だ/しゃれだ 動詞派生:洒落る/しゃれる,1,14
を,を,を,助詞,格助詞,NIL,1,14
出し,だし,出す,動詞,*,代表表記:出す/だす 反義:動詞:隠す/かくす;動詞:入れる/いれる 自他動詞:自:出る/でる 補文ト 付属動詞候補（基本）,1,14
たい,たい,たい,接尾辞,形容詞性述語接尾辞,代表表記:たい/たい,1,14
、,、,、,特殊,読点,NIL,1,14
アメリカ,あめりか,アメリカ,名詞,地名,代表表記:アメリカ/あめりか 地名:国:別称:米国,1,14
映画,えいが,映画,名詞,普通名詞,代表表記:映画/えいが ドメイン:文化・芸術 カテゴリ:抽象物,1,14
流儀,りゅうぎ,流儀,名詞,普通名詞,代表表記:流儀/りゅうぎ カテゴリ:抽象物,1,14
の,の,の,助詞,接続助詞,NIL,1,14
気,き,気,名詞,普通名詞,代表表記:気/き カテゴリ:抽象物 漢字読み:音,1,14
の,の,の,助詞,格助詞,NIL,1,14
きいた,きいた,きく,動詞,*,代表表記:利く/きく,1,14
会話,かいわ,会話,名詞,サ変名詞,代表表記:会話/かいわ カテゴリ:抽象物,1,14
で,で,で,助詞,格助詞,NIL,1,14
筋,すじ,筋,名詞,普通名詞,代表表記:筋/すじ カテゴリ:動物-部位;人工物-食べ物 漢字読み:訓,1,14
を,を,を,助詞,格助詞,NIL,1,14
進める,すすめる,進める,動詞,*,代表表記:進める/すすめる 可能動詞:進む/すすむ 付属動詞候補（基本）,1,14
ように,ように,ようだ,助動詞,*,NIL,1,14
し,し,する,接尾辞,動詞性接尾辞,代表表記:する/する,1,14
たい,たい,たい,接尾辞,形容詞性述語接尾辞,代表表記:たい/たい,1,14
と,と,と,助詞,格助詞,NIL,1,14
思って,おもって,思う,動詞,*,代表表記:思う/おもう 補文ト,1,14
いる,いる,いる,接尾辞,動詞性接尾辞,代表表記:いる/いる,1,14
んだ,んだ,んだ,助動詞,*,NIL,1,14
が,が,が,助詞,接続助詞,NIL,1,14
、,、,、,特殊,読点,NIL,1,14
「,「,「,特殊,括弧始,NIL,1,14
池田,いけだ,池田,名詞,人名,人名:日本:姓:35:0.00333,1,14
大助,だいすけ,大助,名詞,人名,人名:日本:名:1679:0.00011,1,14
」,」,」,特殊,括弧終,NIL,1,14
の,の,の,助詞,接続助詞,NIL,1,14
方,ほう,方,名詞,副詞的名詞,代表表記:方/ほう,1,14
は,は,は,助詞,副助詞,NIL,1,14
これ,これ,これ,指示詞,名詞形態指示詞,NIL,1,14
と,と,と,助詞,格助詞,NIL,1,14
は,は,は,助詞,副助詞,NIL,1,14
趣き,趣き,趣き,名詞,普通名詞,自動獲得:テキスト,1,14
を,を,を,助詞,格助詞,NIL,1,14
変えて,かえて,変える,動詞,*,代表表記:変える/かえる 自他動詞:自:変わる/かわる,1,14
、,、,、,特殊,読点,NIL,1,14
ストーリー,すとーりー,ストーリー,名詞,普通名詞,代表表記:ストーリー/すとーりー ドメイン:文化・芸術;メディア カテゴリ:抽象物,1,14
を,を,を,助詞,格助詞,NIL,1,14
主に,おもに,主だ,形容詞,*,代表表記:主だ/おもだ,1,14
する,する,する,接尾辞,動詞性接尾辞,代表表記:する/する,1,14
。,。,。,特殊,句点,NIL,1,14
こういう,こういう,こういう,指示詞,連体詞形態指示詞,NIL,1,15
風,かぜ,風,名詞,普通名詞,代表表記:風/かぜ カテゴリ:抽象物 漢字読み:訓,1,15
に,に,に,助詞,格助詞,NIL,1,15
二,に,二,名詞,数詞,カテゴリ:数量,1,15
つ,つ,つ,接尾辞,名詞性名詞助数辞,代表表記:つ/つ 準内容語 連語由来,1,15
の,の,の,助詞,接続助詞,NIL,1,15
捕物帖,捕物帖,捕物帖,名詞,普通名詞,自動獲得:Wikipedia Wikipediaページ内一覧:時代劇 読み不明,1,15
を,を,を,助詞,格助詞,NIL,1,15
区別,くべつ,区別,名詞,サ変名詞,代表表記:区別/くべつ カテゴリ:抽象物,1,15
して,して,する,動詞,*,代表表記:する/する 自他動詞:自:成る/なる 付属動詞候補（基本）,1,15
ある,ある,ある,接尾辞,動詞性接尾辞,代表表記:ある/ある,1,15
んだ,んだ,んだ,助動詞,*,NIL,1,15
。,。,。,特殊,句点,NIL,1,15
平次,平次,平次,名詞,人名,自動獲得:Wikipedia 読み不明 Wikipedia人名 Wikipedia名,2,0
と,と,と,助詞,格助詞,NIL,2,0
八五郎,はちごろう,八五郎,名詞,人名,自動獲得:Wikipedia Wikipedia人名 Wikipedia名,2,0
は,は,は,助詞,副助詞,NIL,2,0
社会,しゃかい,社会,名詞,普通名詞,代表表記:社会/しゃかい ドメイン:教育・学習;政治 カテゴリ:場所-その他,2,0
部長,ぶちょう,部長,名詞,普通名詞,代表表記:部長/ぶちょう ドメイン:ビジネス カテゴリ:人 人名末尾,2,0
と,と,と,助詞,格助詞,NIL,2,0
部員,ぶいん,部員,名詞,普通名詞,代表表記:部員/ぶいん ドメイン:スポーツ;教育・学習 カテゴリ:人,2,0
。,。,。,特殊,句点,NIL,2,0
野村,のむら,野村,名詞,人名,人名:日本:姓:46:0.00282,2,1
わたし,わたし,わたし,名詞,普通名詞,代表表記:私/わたし カテゴリ:人 漢字読み:訓,2,1
の,の,の,助詞,格助詞,NIL,2,1
知って,しって,知る,動詞,*,代表表記:知る/しる 自他動詞:自:知れる/しれる 補文ト,2,1
いる,いる,いる,接尾辞,動詞性接尾辞,代表表記:いる/いる,2,1
共同,きょうどう,共同,名詞,サ変名詞,代表表記:共同/きょうどう カテゴリ:抽象物 修飾（デ格）,2,1
通信,つうしん,通信,名詞,サ変名詞,代表表記:通信/つうしん ドメイン:教育・学習;科学・技術;メディア カテゴリ:抽象物,2,1
の,の,の,助詞,接続助詞,NIL,2,1
記者,きしゃ,記者,名詞,普通名詞,代表表記:記者/きしゃ ドメイン:メディア カテゴリ:人 人名末尾,2,1
な,な,だ,判定詞,*,NIL,2,1
んだ,んだ,んだ,助動詞,*,NIL,2,1
が,が,が,助詞,接続助詞,NIL,2,1
、,、,、,特殊,読点,NIL,2,1
銭形平次,ぜにがたへいじ,銭形平次,名詞,普通名詞,自動獲得:Wikipedia Wikipedia上位語:時代劇シリーズ Wikipediaリダイレクト:銭形平次　捕物控,2,1
と,と,と,助詞,格助詞,NIL,2,1
八五郎,はちごろう,八五郎,名詞,人名,自動獲得:Wikipedia Wikipedia人名 Wikipedia名,2,1
は,は,は,助詞,副助詞,NIL,2,1
親分,おやぶん,親分,名詞,普通名詞,代表表記:親分/おやぶん カテゴリ:人,2,1
と,と,と,助詞,格助詞,NIL,2,1
子分,こぶん,子分,名詞,普通名詞,代表表記:子分/こぶん カテゴリ:人,2,1
と,と,と,助詞,格助詞,NIL,2,1
いう,いう,いう,動詞,*,代表表記:言う/いう 補文ト,2,1
関係,かんけい,関係,名詞,サ変名詞,代表表記:関係/かんけい カテゴリ:抽象物,2,1
で,で,だ,判定詞,*,NIL,2,1
は,は,は,助詞,副助詞,NIL,2,1
なく,なく,ない,接尾辞,形容詞性述語接尾辞,代表表記:ない/ない,2,1
、,、,、,特殊,読点,NIL,2,1
社会,しゃかい,社会,名詞,普通名詞,代表表記:社会/しゃかい ドメイン:教育・学習;政治 カテゴリ:場所-その他,2,1
部長,ぶちょう,部長,名詞,普通名詞,代表表記:部長/ぶちょう ドメイン:ビジネス カテゴリ:人 人名末尾,2,1
あたり,あたり,あたり,接尾辞,名詞性名詞接尾辞,代表表記:あたり/あたり,2,1
と,と,と,助詞,格助詞,NIL,2,1
その,その,その,指示詞,連体詞形態指示詞,NIL,2,1
部員,ぶいん,部員,名詞,普通名詞,代表表記:部員/ぶいん ドメイン:スポーツ;教育・学習 カテゴリ:人,2,1
……,……,……,特殊,記号,NIL,2,1
そっくり,そっくり,そっくり,副詞,*,代表表記:そっくり/そっくり スル接続可能 数量修飾,2,1
新聞,しんぶん,新聞,名詞,普通名詞,代表表記:新聞/しんぶん ドメイン:メディア カテゴリ:人工物-その他,2,1
記者,きしゃ,記者,名詞,普通名詞,代表表記:記者/きしゃ ドメイン:メディア カテゴリ:人 人名末尾,2,1
的,てき,的だ,接尾辞,形容詞性名詞接尾辞,代表表記:的だ/てきだ カテゴリ:抽象物 準内容語,2,1
関係,かんけい,関係,名詞,サ変名詞,代表表記:関係/かんけい カテゴリ:抽象物,2,1
です,です,だ,判定詞,*,NIL,2,1
ね,ね,ね,助詞,終助詞,NIL,2,1
、,、,、,特殊,読点,NIL,2,1
と,と,と,助詞,格助詞,NIL,2,1
いって,いって,いう,動詞,*,代表表記:言う/いう 補文ト,2,1
いた,いた,いる,接尾辞,動詞性接尾辞,代表表記:いる/いる,2,1
が,が,が,助詞,接続助詞,NIL,2,1
、,、,、,特殊,読点,NIL,2,1
ま,ま,ま,接頭辞,名詞接頭辞,代表表記:真/ま 内容語,2,1
ァ,ァ,ァ,未定義語,カタカナ,未知語:カタカナ 品詞推定:名詞,2,1
そう,そう,そう,指示詞,副詞形態指示詞,NIL,2,1
いわ,いわ,いう,動詞,*,代表表記:言う/いう 補文ト,2,1
れる,れる,れる,接尾辞,動詞性接尾辞,代表表記:れる/れる,2,1
と,と,と,助詞,格助詞,NIL,2,1
、,、,、,特殊,読点,NIL,2,1
そう,そう,そう,指示詞,副詞形態指示詞,NIL,2,1
も,も,も,助詞,副助詞,NIL,2,1
いえる,いえる,いえる,動詞,*,代表表記:癒える/いえる ドメイン:健康・医学 自他動詞:他:癒す/いやす,2,1
。,。,。,特殊,句点,NIL,2,1
わたし,わたし,わたし,名詞,普通名詞,代表表記:私/わたし カテゴリ:人 漢字読み:訓,2,2
は,は,は,助詞,副助詞,NIL,2,2
長い,ながい,長い,形容詞,*,代表表記:長い/ながい 反義:形容詞:短い/みじかい,2,2
こと,こと,こと,名詞,形式名詞,NIL,2,2
社会,しゃかい,社会,名詞,普通名詞,代表表記:社会/しゃかい ドメイン:教育・学習;政治 カテゴリ:場所-その他,2,2
部長,ぶちょう,部長,名詞,普通名詞,代表表記:部長/ぶちょう ドメイン:ビジネス カテゴリ:人 人名末尾,2,2
（,（,（,特殊,括弧始,NIL,2,2
報知,ほうち,報知,名詞,サ変名詞,代表表記:報知/ほうち カテゴリ:抽象物 補文ト,2,2
新聞,しんぶん,新聞,名詞,普通名詞,代表表記:新聞/しんぶん ドメイン:メディア カテゴリ:人工物-その他,2,2
の,の,の,助詞,接続助詞,NIL,2,2
）,）,）,特殊,括弧終,NIL,2,2
を,を,を,助詞,格助詞,NIL,2,2
やって,やって,やる,動詞,*,代表表記:やる/やる 付属動詞候補（タ系）,2,2
いた,いた,いる,接尾辞,動詞性接尾辞,代表表記:いる/いる,2,2
が,が,が,助詞,接続助詞,NIL,2,2
、,、,、,特殊,読点,NIL,2,2
面白かった,おもしろかった,面白い,形容詞,*,代表表記:面白い/おもしろい 反義:形容詞:つまらない/つまらない,2,2
な,な,な,助詞,終助詞,NIL,2,2
。,。,。,特殊,句点,NIL,2,2
ずいぶん,ずいぶん,ずいぶん,副詞,*,代表表記:随分/ずいぶん,2,3
部員,ぶいん,部員,名詞,普通名詞,代表表記:部員/ぶいん ドメイン:スポーツ;教育・学習 カテゴリ:人,2,3
の,の,の,助詞,接続助詞,NIL,2,3
尻ぬぐい,しりぬぐい,尻ぬぐい,名詞,サ変名詞,代表表記:尻拭い/しりぬぐい カテゴリ:抽象物,2,3
も,も,も,助詞,副助詞,NIL,2,3
さ,さ,する,動詞,*,代表表記:する/する 自他動詞:自:成る/なる 付属動詞候補（基本）,2,3
せ,せ,せる,接尾辞,動詞性接尾辞,代表表記:せる/せる,2,3
られて,られて,られる,接尾辞,動詞性接尾辞,代表表記:られる/られる,2,3
ね,ね,ね,助詞,終助詞,NIL,2,3
。,。,。,特殊,句点,NIL,2,3
ある,ある,ある,連体詞,*,代表表記:或る/ある,2,4
日,にち,日,名詞,時相名詞,代表表記:日/にち カテゴリ:時間 漢字読み:音,2,4
社,しゃ,社,名詞,普通名詞,代表表記:社/しゃ カテゴリ:組織・団体 漢字読み:音 組織名末尾,2,4
へ,へ,へ,助詞,格助詞,NIL,2,4
いって,いって,いく,動詞,*,代表表記:行く/いく ドメイン:交通 反義:動詞:帰る/かえる 付属動詞候補（タ系）,2,4
みる,みる,みる,接尾辞,動詞性接尾辞,代表表記:みる/みる,2,4
と,と,と,助詞,格助詞,NIL,2,4
誰,だれ,誰,名詞,普通名詞,代表表記:誰/だれ カテゴリ:人,2,4
も,も,も,助詞,副助詞,NIL,2,4
い,い,いる,動詞,*,代表表記:射る/いる,2,4
ない,ない,ない,接尾辞,形容詞性述語接尾辞,代表表記:ない/ない,2,4
。,。,。,特殊,句点,NIL,2,4
変だ,へんだ,変だ,形容詞,*,代表表記:変だ/へんだ,2,5
な,な,な,助詞,終助詞,NIL,2,5
、,、,、,特殊,読点,NIL,2,5
どうした,どうした,どうした,指示詞,連体詞形態指示詞,NIL,2,5
ん,ん,ん,名詞,形式名詞,NIL,2,5
だろう,だろう,だ,判定詞,*,NIL,2,5
？,？,？,特殊,記号,NIL,2,5
と,と,と,助詞,格助詞,NIL,2,5
思って,おもって,思う,動詞,*,代表表記:思う/おもう 補文ト,2,5
いる,いる,いる,接尾辞,動詞性接尾辞,代表表記:いる/いる,2,5
と,と,と,助詞,格助詞,NIL,2,5
電話,でんわ,電話,名詞,サ変名詞,代表表記:電話/でんわ ドメイン:家庭・暮らし カテゴリ:人工物-その他 補文ト,2,5
が,が,が,助詞,格助詞,NIL,2,5
かかって,かかって,かかる,動詞,*,代表表記:係る/かかる 名詞派生:係/かかり,2,5
きて,きて,くる,接尾辞,動詞性接尾辞,代表表記:くる/くる,2,5
……,……,……,特殊,記号,NIL,2,5
みんな,みんな,みんな,副詞,*,代表表記:皆/みんな 修飾（デ格）,2,5
板橋,いたばし,板橋,名詞,地名,代表表記:板橋/いたばし 地名:日本:東京都:区,2,5
あたり,あたり,あたり,接尾辞,名詞性名詞接尾辞,代表表記:あたり/あたり,2,5
へ,へ,へ,助詞,格助詞,NIL,2,5
遊び,あそび,遊ぶ,動詞,*,代表表記:遊ぶ/あそぶ ドメイン:レクリエーション,2,5
に,に,に,助詞,格助詞,NIL,2,5
いって,いって,いく,動詞,*,代表表記:行く/いく ドメイン:交通 反義:動詞:帰る/かえる 付属動詞候補（タ系）,2,5
、,、,、,特殊,読点,NIL,2,5
勘定,かんじょう,勘定,名詞,サ変名詞,代表表記:勘定/かんじょう ドメイン:ビジネス カテゴリ:人工物-金銭,2,5
が,が,が,助詞,格助詞,NIL,2,5
払え,はらえ,払える,動詞,*,代表表記:払える/はらえる 可能動詞:払う/はらう,2,5
ない,ない,ない,接尾辞,形容詞性述語接尾辞,代表表記:ない/ない,2,5
もん,もん,もん,名詞,形式名詞,NIL,2,5
だ,だ,だ,判定詞,*,NIL,2,5
から,から,から,助詞,接続助詞,NIL,2,5
、,、,、,特殊,読点,NIL,2,5
帰れ,かえれ,帰れる,動詞,*,代表表記:帰れる/かえれる 可能動詞:帰る/かえる,2,5
ない,ない,ない,接尾辞,形容詞性述語接尾辞,代表表記:ない/ない,2,5
。,。,。,特殊,句点,NIL,2,5
そこ,そこ,そこ,指示詞,名詞形態指示詞,NIL,2,6
へ,へ,へ,助詞,格助詞,NIL,2,6
籠城,ろうじょう,籠城,名詞,サ変名詞,代表表記:籠城/ろうじょう カテゴリ:抽象物,2,6
して,して,する,動詞,*,代表表記:する/する 自他動詞:自:成る/なる 付属動詞候補（基本）,2,6
いる,いる,いる,接尾辞,動詞性接尾辞,代表表記:いる/いる,2,6
と,と,と,助詞,格助詞,NIL,2,6
いう,いう,いう,動詞,*,代表表記:言う/いう 補文ト,2,6
んだ,んだ,んだ,助動詞,*,NIL,2,6
。,。,。,特殊,句点,NIL,2,6
助け,たすけ,助け,名詞,普通名詞,代表表記:助け/たすけv 自他動詞:自:助かる/たすかる 連用形名詞化:助ける/たすける,2,7
に,に,に,助詞,格助詞,NIL,2,7
きて,きて,きる,動詞,*,代表表記:着る/きる ドメイン:家庭・暮らし 反義:動詞:脱ぐ/ぬぐ,2,7
下さい,ください,下さる,接尾辞,動詞性接尾辞,代表表記:下さる/くださる,2,7
って,って,う,接尾辞,動詞性接尾辞,代表表記:う/う,2,7
わけな,わけな,わけだ,助動詞,*,NIL,2,7
んだ,んだ,んだ,助動詞,*,NIL,2,7
。,。,。,特殊,句点,NIL,2,7
みんな,みんな,みんな,副詞,*,代表表記:皆/みんな 修飾（デ格）,2,8
を,を,を,助詞,格助詞,NIL,2,8
助け,たすけ,助ける,動詞,*,代表表記:助ける/たすける 自他動詞:自:助かる/たすかる,2,8
出して,だして,出す,動詞,*,代表表記:出す/だす 反義:動詞:隠す/かくす;動詞:入れる/いれる 自他動詞:自:出る/でる 補文ト 付属動詞候補（基本）,2,8
やら,やら,やる,動詞,*,代表表記:やる/やる 付属動詞候補（タ系）,2,8
ん,ん,ぬ,助動詞,*,NIL,2,8
こと,こと,こと,名詞,形式名詞,NIL,2,8
に,に,に,助詞,格助詞,NIL,2,8
は,は,は,助詞,副助詞,NIL,2,8
仕事,しごと,仕事,名詞,サ変名詞,代表表記:仕事/しごと ドメイン:家庭・暮らし;ビジネス カテゴリ:抽象物,2,8
に,に,に,助詞,格助詞,NIL,2,8
さしつかえる,さしつかえる,さしつかえる,動詞,*,代表表記:差し支える/さしつかえる,2,8
し,し,し,助詞,接続助詞,NIL,2,8
ね,ね,ね,助詞,終助詞,NIL,2,8
。,。,。,特殊,句点,NIL,2,8
しょっちゅう,しょっちゅう,しょっちゅう,副詞,*,代表表記:しょっちゅう/しょっちゅう,2,9
あった,あった,ある,動詞,*,代表表記:有る/ある 反義:形容詞:無い/ない 補文ト,2,9
よ,よ,よ,助詞,終助詞,NIL,2,9
。,。,。,特殊,句点,NIL,2,9
そういう,そういう,そういう,指示詞,連体詞形態指示詞,NIL,2,10
こと,こと,こと,名詞,形式名詞,NIL,2,10
が,が,が,助詞,格助詞,NIL,2,10
……,……,……,特殊,記号,NIL,2,10
。,。,。,特殊,句点,NIL,2,10
江戸,江戸,江戸,名詞,地名,代表表記:江戸/江戸 地名:日本 DEV:prefix1,2,11
川,かわ,川,名詞,普通名詞,代表表記:川/かわ カテゴリ:場所-自然 漢字読み:訓 地名末尾,2,11
ほ,ほ,ほ,名詞,普通名詞,代表表記:帆/ほ カテゴリ:人工物-その他 漢字読み:訓,2,11
ウ,ウ,ウ,未定義語,カタカナ,未知語:カタカナ 品詞推定:名詞,2,11
。,。,。,特殊,句点,NIL,2,11
野村,のむら,野村,名詞,地名,自動獲得:Wikipedia Wikipedia多義 Wikipedia地名,2,12
しか,しか,しか,助詞,副助詞,NIL,2,12
し,し,する,動詞,*,代表表記:する/する 自他動詞:自:成る/なる 付属動詞候補（基本）,2,12
楽しかった,たのしかった,楽しい,形容詞,*,代表表記:楽しい/たのしい,2,12
。,。,。,特殊,句点,NIL,2,12
ある,ある,ある,連体詞,*,代表表記:或る/ある,2,13
雑誌,ざっし,雑誌,名詞,普通名詞,代表表記:雑誌/ざっし ドメイン:文化・芸術 カテゴリ:人工物-その他;抽象物,2,13
社,しゃ,社,名詞,普通名詞,代表表記:社/しゃ カテゴリ:組織・団体 漢字読み:音 組織名末尾,2,13
で,で,で,助詞,格助詞,NIL,2,13
座談,ざだん,座談,名詞,サ変名詞,代表表記:座談/ざだん カテゴリ:抽象物,2,13
会,かい,会,名詞,普通名詞,代表表記:会/かい カテゴリ:抽象物 漢字読み:音 組織名末尾,2,13
を,を,を,助詞,格助詞,NIL,2,13
やって,やって,やる,動詞,*,代表表記:やる/やる 付属動詞候補（タ系）,2,13
、,、,、,特殊,読点,NIL,2,13
今,いま,今,名詞,時相名詞,代表表記:今/いま カテゴリ:時間 漢字読み:訓,2,13
まで,まで,まで,助詞,格助詞,NIL,2,13
に,に,に,助詞,格助詞,NIL,2,13
どんな,どんな,どんな,指示詞,連体詞形態指示詞,NIL,2,13
仕事,しごと,仕事,名詞,サ変名詞,代表表記:仕事/しごと ドメイン:家庭・暮らし;ビジネス カテゴリ:抽象物,2,13
が,が,が,助詞,格助詞,NIL,2,13
面白かった,おもしろかった,面白い,形容詞,*,代表表記:面白い/おもしろい 反義:形容詞:つまらない/つまらない,2,13
か,か,か,助詞,接続助詞,NIL,2,13
と,と,と,助詞,格助詞,NIL,2,13
、,、,、,特殊,読点,NIL,2,13
聞か,きか,聞く,動詞,*,代表表記:聞く/きく 自他動詞:自:聞こえる/きこえる 補文ト,2,13
れた,れた,れる,接尾辞,動詞性接尾辞,代表表記:れる/れる,2,13
んで,んで,んだ,助動詞,*,NIL,2,13
、,、,、,特殊,読点,NIL,2,13
なに,なに,なに,名詞,普通名詞,代表表記:何/なに カテゴリ:抽象物 漢字読み:訓,2,13
が,が,が,助詞,格助詞,NIL,2,13
面白い,おもしろい,面白い,形容詞,*,代表表記:面白い/おもしろい 反義:形容詞:つまらない/つまらない,2,13
と,と,と,助詞,格助詞,NIL,2,13
いって,いって,いう,動詞,*,代表表記:言う/いう 補文ト,2,13
新聞,しんぶん,新聞,名詞,普通名詞,代表表記:新聞/しんぶん ドメイン:メディア カテゴリ:人工物-その他,2,13
記者,きしゃ,記者,名詞,普通名詞,代表表記:記者/きしゃ ドメイン:メディア カテゴリ:人 人名末尾,2,13
くらい,くらい,くらい,助詞,副助詞,代表表記:くらい/くらい,2,13
面白い,おもしろい,面白い,形容詞,*,代表表記:面白い/おもしろい 反義:形容詞:つまらない/つまらない,2,13
こと,こと,こと,名詞,形式名詞,NIL,2,13
は,は,は,助詞,副助詞,NIL,2,13
なかった,なかった,ない,形容詞,*,代表表記:無い/ない 反義:動詞:有る/ある,2,13
、,、,、,特殊,読点,NIL,2,13
と,と,と,助詞,格助詞,NIL,2,13
いった,いった,いう,動詞,*,代表表記:言う/いう 補文ト,2,13
。,。,。,特殊,句点,NIL,2,13
江戸川,えどがわ,江戸川,名詞,人名,自動獲得:Wikipedia Wikipedia人名 Wikipedia多義 Wikipedia姓,2,14
野村,のむら,野村,名詞,人名,人名:日本:姓:46:0.00282,2,14
さん,さん,さん,接尾辞,名詞性名詞接尾辞,代表表記:さん/さん,2,14
は,は,は,助詞,副助詞,NIL,2,14
、,、,、,特殊,読点,NIL,2,14
ぼく,ぼく,ぼく,名詞,普通名詞,代表表記:僕/ぼく カテゴリ:人 漢字読み:音,2,14
の,の,の,助詞,接続助詞,NIL,2,14
恩人,おんじん,恩人,名詞,普通名詞,代表表記:恩人/おんじん カテゴリ:人,2,14
だ,だ,だ,判定詞,*,NIL,2,14
よ,よ,よ,助詞,終助詞,NIL,2,14
。,。,。,特殊,句点,NIL,2,14
あんた,あんた,あんた,名詞,普通名詞,代表表記:あなた/あなた カテゴリ:人,2,15
が,が,が,助詞,格助詞,NIL,2,15
「,「,「,特殊,括弧始,NIL,2,15
写真,しゃしん,写真,名詞,普通名詞,代表表記:写真/しゃしん ドメイン:文化・芸術;メディア カテゴリ:人工物-その他,2,15
報知,ほうち,報知,名詞,サ変名詞,代表表記:報知/ほうち カテゴリ:抽象物 補文ト,2,15
」,」,」,特殊,括弧終,NIL,2,15
と,と,と,助詞,格助詞,NIL,2,15
いう,いう,いう,動詞,*,代表表記:言う/いう 補文ト,2,15
週刊,しゅうかん,週刊,名詞,普通名詞,代表表記:週刊/しゅうかん ドメイン:文化・芸術 カテゴリ:抽象物,2,15
誌,し,誌,名詞,普通名詞,代表表記:誌/し ドメイン:文化・芸術;メディア カテゴリ:人工物-その他 漢字読み:音,2,15
を,を,を,助詞,格助詞,NIL,2,15
やって,やって,やる,動詞,*,代表表記:やる/やる 付属動詞候補（タ系）,2,15
いる,いる,いる,接尾辞,動詞性接尾辞,代表表記:いる/いる,2,15
ころ,ころ,ころ,名詞,副詞的名詞,代表表記:頃/ころ,2,15
、,、,、,特殊,読点,NIL,2,15
ぼく,ぼく,ぼく,名詞,普通名詞,代表表記:僕/ぼく カテゴリ:人 漢字読み:音,2,15
に,に,に,助詞,格助詞,NIL,2,15
原稿,げんこう,原稿,名詞,普通名詞,代表表記:原稿/げんこう カテゴリ:抽象物,2,15
を,を,を,助詞,格助詞,NIL,2,15
書か,かか,書く,動詞,*,代表表記:書く/かく 補文ト,2,15
せて,せて,せる,接尾辞,動詞性接尾辞,代表表記:せる/せる,2,15
くれた,くれた,くれる,接尾辞,動詞性接尾辞,代表表記:くれる/くれる,2,15
。,。,。,特殊,句点,NIL,2,15
「,「,「,特殊,括弧始,NIL,2,16
新,しん,新,接頭辞,名詞接頭辞,代表表記:新/しん 内容語 換言:+N:Nが新しい,2,16
青年,せいねん,青年,名詞,普通名詞,代表表記:青年/せいねん カテゴリ:人,2,16
」,」,」,特殊,括弧終,NIL,2,16
以外,いがい,以外,接尾辞,名詞性名詞接尾辞,代表表記:以外/いがい カテゴリ:抽象物 準内容語,2,16
に,に,に,助詞,格助詞,NIL,2,16
書いた,かいた,書く,動詞,*,代表表記:書く/かく 補文ト,2,16
の,の,の,名詞,形式名詞,NIL,2,16
は,は,は,助詞,副助詞,NIL,2,16
それ,それ,それ,指示詞,名詞形態指示詞,NIL,2,16
が,が,が,助詞,格助詞,NIL,2,16
はじめて,はじめて,はじめて,副詞,*,代表表記:初めて/はじめて,2,16
で,で,だ,判定詞,*,NIL,2,16
、,、,、,特殊,読点,NIL,2,16
しかも,しかも,しかも,接続詞,*,代表表記:しかも/しかも,2,16
新,しん,新,接頭辞,名詞接頭辞,代表表記:新/しん 内容語 換言:+N:Nが新しい,2,16
青年,せいねん,青年,名詞,普通名詞,代表表記:青年/せいねん カテゴリ:人,2,16
の,の,の,助詞,接続助詞,NIL,2,16
倍,ばい,倍,名詞,普通名詞,代表表記:倍/ばい カテゴリ:数量 漢字読み:音,2,16
の,の,の,助詞,接続助詞,NIL,2,16
原稿,げんこう,原稿,名詞,普通名詞,代表表記:原稿/げんこう カテゴリ:抽象物,2,16
料,りょう,料,名詞,普通名詞,代表表記:料/りょう カテゴリ:人工物-金銭 漢字読み:音,2,16
を,を,を,助詞,格助詞,NIL,2,16
くれた,くれた,くれる,動詞,*,代表表記:くれる/くれる,2,16
。,。,。,特殊,句点,NIL,2,16
まったく,まったく,まったく,副詞,*,代表表記:全く/まったく,2,17
忘れ,わすれ,忘れる,動詞,*,代表表記:忘れる/わすれる 反義:動詞:覚える/おぼえる 付属動詞候補（基本）,2,17
られ,られ,られる,接尾辞,動詞性接尾辞,代表表記:られる/られる,2,17
ない,ない,ない,接尾辞,形容詞性述語接尾辞,代表表記:ない/ない,2,17
。,。,。,特殊,句点,NIL,2,17
野村,のむら,野村,名詞,人名,人名:日本:姓:46:0.00282,2,18
わたし,わたし,わたし,名詞,普通名詞,代表表記:私/わたし カテゴリ:人 漢字読み:訓,2,18
の,の,の,助詞,接続助詞,NIL,2,18
恩人,おんじん,恩人,名詞,普通名詞,代表表記:恩人/おんじん カテゴリ:人,2,18
は,は,は,助詞,副助詞,NIL,2,18
、,、,、,特殊,読点,NIL,2,18
亡くなった,なくなった,亡くなる,動詞,*,代表表記:亡くなる/なくなる ドメイン:家庭・暮らし 自他動詞:他:亡くす/なくす,2,18
直木,直木,直木,名詞,人名,自動獲得:Wikipedia 読み不明 Wikipedia人名 Wikipedia姓,2,18
三十五,三十五,三十五,名詞,人名,自動獲得:Wikipedia 読み不明 Wikipedia人名 Wikipedia名,2,18
で,で,で,助詞,格助詞,NIL,2,18
ね,ね,ね,助詞,終助詞,NIL,2,18
。,。,。,特殊,句点,NIL,2,18
彼,かれ,彼,名詞,普通名詞,代表表記:彼/かれ カテゴリ:人 漢字読み:訓,2,19
は,は,は,助詞,副助詞,NIL,2,19
「,「,「,特殊,括弧始,NIL,2,19
文,ぶん,文,名詞,普通名詞,代表表記:文/ぶん カテゴリ:抽象物 漢字読み:音,2,19
藝,げい,藝,名詞,普通名詞,代表表記:芸/げい ドメイン:文化・芸術 カテゴリ:抽象物 漢字読み:音,2,19
春秋,しゅんじゅう,春秋,名詞,普通名詞,代表表記:春秋/しゅんじゅう カテゴリ:時間,2,19
」,」,」,特殊,括弧終,NIL,2,19
に,に,に,助詞,格助詞,NIL,2,19
さかんに,さかんに,さかんだ,形容詞,*,代表表記:盛んだ/さかんだ,2,19
わたし,わたし,わたし,名詞,普通名詞,代表表記:私/わたし カテゴリ:人 漢字読み:訓,2,19
を,を,を,助詞,格助詞,NIL,2,19
推賞,推賞,推賞,未定義語,その他,未知語:漢字 品詞推定:名詞,2,19
して,して,する,動詞,*,代表表記:する/する 自他動詞:自:成る/なる 付属動詞候補（基本）,2,19
くれた,くれた,くれる,接尾辞,動詞性接尾辞,代表表記:くれる/くれる,2,19
。,。,。,特殊,句点,NIL,2,19
わたし,わたし,わたし,名詞,普通名詞,代表表記:私/わたし カテゴリ:人 漢字読み:訓,2,20
は,は,は,助詞,副助詞,NIL,2,20
四十六,四十六,四十六,名詞,数詞,カテゴリ:数量 未知語:数字,2,20
歳,さい,歳,接尾辞,名詞性名詞助数辞,代表表記:歳/さい 準内容語,2,20
に,に,に,助詞,格助詞,NIL,2,20
なって,なって,なる,動詞,*,代表表記:成る/なる 自他動詞:他:成す/なす;他:する/する,2,20
小説,しょうせつ,小説,名詞,普通名詞,代表表記:小説/しょうせつ ドメイン:文化・芸術 カテゴリ:抽象物,2,20
を,を,を,助詞,格助詞,NIL,2,20
書き,かき,書く,動詞,*,代表表記:書く/かく 補文ト,2,20
はじめた,はじめた,はじめる,動詞,*,代表表記:始める/はじめる 反義:動詞:終える/おえる 自他動詞:自:始まる/はじまる 付属動詞候補（基本）,2,20
んだ,んだ,んだ,助動詞,*,NIL,2,20
けど,けど,けど,助詞,接続助詞,NIL,2,20
、,、,、,特殊,読点,NIL,2,20
妙な,みょうな,妙だ,形容詞,*,代表表記:妙だ/みょうだ,2,20
ところ,ところ,ところ,名詞,副詞的名詞,代表表記:ところ/ところ,2,20
に,に,に,助詞,格助詞,NIL,2,20
恩人,おんじん,恩人,名詞,普通名詞,代表表記:恩人/おんじん カテゴリ:人,2,20
が,が,が,助詞,格助詞,NIL,2,20
いる,いる,いる,動詞,*,代表表記:射る/いる,2,20
もん,もん,もん,名詞,形式名詞,NIL,2,20
で,で,で,助詞,格助詞,NIL,2,20
ね,ね,ね,助詞,終助詞,NIL,2,20
。,。,。,特殊,句点,NIL,2,20
山手,やまて,山手,名詞,普通名詞,代表表記:山手/やまて カテゴリ:場所-その他,2,21
樹一郎,樹一郎,樹一郎,名詞,人名,自動獲得:Wikipedia 読み不明 Wikipedia人名 Wikipedia名,2,21
君,くん,君,接尾辞,名詞性名詞接尾辞,代表表記:君/くん,2,21
も,も,も,助詞,副助詞,NIL,2,21
、,、,、,特殊,読点,NIL,2,21
わたし,わたし,わたし,名詞,普通名詞,代表表記:私/わたし カテゴリ:人 漢字読み:訓,2,21
に,に,に,助詞,格助詞,NIL,2,21
「,「,「,特殊,括弧始,NIL,2,21
譚海,譚海,譚海,未定義語,その他,未知語:漢字 品詞推定:名詞,2,21
」,」,」,特殊,括弧終,NIL,2,21
と,と,と,助詞,格助詞,NIL,2,21
いう,いう,いう,動詞,*,代表表記:言う/いう 補文ト,2,21
雑誌,ざっし,雑誌,名詞,普通名詞,代表表記:雑誌/ざっし ドメイン:文化・芸術 カテゴリ:人工物-その他;抽象物,2,21
に,に,に,助詞,格助詞,NIL,2,21
九,きゅう,九,名詞,数詞,カテゴリ:数量,2,21
年,ねん,年,接尾辞,名詞性名詞助数辞,代表表記:年/ねん カテゴリ:時間 準内容語,2,21
連載,れんさい,連載,名詞,サ変名詞,代表表記:連載/れんさい ドメイン:文化・芸術;メディア カテゴリ:抽象物,2,21
の,の,の,助詞,接続助詞,NIL,2,21
もの,もの,もの,名詞,形式名詞,NIL,2,21
を,を,を,助詞,格助詞,NIL,2,21
書か,かか,書く,動詞,*,代表表記:書く/かく 補文ト,2,21
して,して,す,接尾辞,動詞性接尾辞,代表表記:す/す,2,21
くれた,くれた,くれる,接尾辞,動詞性接尾辞,代表表記:くれる/くれる,2,21
。,。,。,特殊,句点,NIL,2,21
江戸,江戸,江戸,名詞,地名,代表表記:江戸/江戸 地名:日本 DEV:prefix1,2,22
川,かわ,川,名詞,普通名詞,代表表記:川/かわ カテゴリ:場所-自然 漢字読み:訓 地名末尾,2,22
一番,いちばん,一番,副詞,*,代表表記:一番/いちばん 用言弱修飾 相対名詞修飾,2,22
古い,ふるい,古い,形容詞,*,代表表記:古い/ふるい 反義:形容詞:新しい/あたらしい,2,22
捕物帖,捕物帖,捕物帖,名詞,普通名詞,自動獲得:Wikipedia Wikipediaページ内一覧:時代劇 読み不明,2,22
の,の,の,助詞,接続助詞,NIL,2,22
作者,さくしゃ,作者,名詞,普通名詞,代表表記:作者/さくしゃ ドメイン:文化・芸術 カテゴリ:人,2,22
と,と,と,助詞,格助詞,NIL,2,22
いう,いう,いう,動詞,*,代表表記:言う/いう 補文ト,2,22
と,と,と,助詞,格助詞,NIL,2,22
やっぱり,やっぱり,やっぱり,副詞,*,代表表記:やっぱり/やっぱり,2,22
岡本綺堂,おかもときどう,岡本綺堂,名詞,人名,自動獲得:Wikipedia Wikipedia上位語:劇作家/げきさくか Wikipedia人名,2,22
か,か,か,助詞,接続助詞,NIL,2,22
な,な,な,助詞,終助詞,NIL,2,22
？,？,？,特殊,記号,NIL,2,22
。,。,。,特殊,句点,NIL,2,22
野村,のむら,野村,名詞,人名,人名:日本:姓:46:0.00282,2,23
ま,ま,ま,接頭辞,ナ形容詞接頭辞,代表表記:真/ま,2,23
ァ,ァ,ァ,未定義語,カタカナ,未知語:カタカナ 品詞推定:名詞,2,23
そう,そう,そう,指示詞,副詞形態指示詞,NIL,2,23
だ,だ,だ,判定詞,*,NIL,2,23
ね,ね,ね,助詞,終助詞,NIL,2,23
。,。,。,特殊,句点,NIL,2,23
それ,それ,それ,指示詞,名詞形態指示詞,NIL,2,24
から,から,から,助詞,格助詞,NIL,2,24
佐々木,ささき,佐々木,名詞,人名,人名:日本:姓:37:0.00331,2,24
味津三,味津三,味津三,名詞,人名,自動獲得:Wikipedia 読み不明 Wikipedia人名 Wikipedia名,2,24
、,、,、,特殊,読点,NIL,2,24
林,はやし,林,名詞,人名,人名:日本:姓:21:0.00419,2,24
不忘,不忘,不忘,名詞,人名,自動獲得:Wikipedia 読み不明 Wikipedia人名 Wikipedia名,2,24
……,……,……,特殊,記号,NIL,2,24
みんな,みんな,みんな,副詞,*,代表表記:皆/みんな 修飾（デ格）,2,24
亡くなって,なくなって,亡くなる,動詞,*,代表表記:亡くなる/なくなる ドメイン:家庭・暮らし 自他動詞:他:亡くす/なくす,2,24
しまった,しまった,しまう,接尾辞,動詞性接尾辞,代表表記:しまう/しまう,2,24
。,。,。,特殊,句点,NIL,2,24
江戸川,えどがわ,江戸川,名詞,人名,自動獲得:Wikipedia Wikipedia人名 Wikipedia多義 Wikipedia姓,2,25
あの,あの,あの,指示詞,連体詞形態指示詞,NIL,2,25
銭形平次,ぜにがたへいじ,銭形平次,名詞,普通名詞,自動獲得:Wikipedia Wikipedia上位語:時代劇シリーズ Wikipediaリダイレクト:銭形平次　捕物控,2,25
の,の,の,助詞,接続助詞,NIL,2,25
投げ,なげ,投げ,名詞,普通名詞,代表表記:投げ/なげv 連用形名詞化:投げる/なげる,2,25
銭,せん,銭,名詞,普通名詞,代表表記:銭/せん ドメイン:ビジネス カテゴリ:人工物-金銭 漢字読み:音,2,25
……,……,……,特殊,記号,NIL,2,25
あんな,あんな,あんな,指示詞,連体詞形態指示詞,NIL,2,25
こと,こと,こと,名詞,形式名詞,NIL,2,25
が,が,が,助詞,格助詞,NIL,2,25
むかし,むかし,むかし,名詞,時相名詞,代表表記:昔/むかし カテゴリ:時間 漢字読み:訓,2,25
あった,あった,ある,動詞,*,代表表記:有る/ある 反義:形容詞:無い/ない 補文ト,2,25
の,の,のだ,助動詞,*,NIL,2,25
か,か,か,助詞,接続助詞,NIL,2,25
な,な,な,助詞,終助詞,NIL,2,25
？,？,？,特殊,記号,NIL,2,25
。,。,。,特殊,句点,NIL,2,25
野村,のむら,野村,名詞,人名,人名:日本:姓:46:0.00282,2,26
いや,いや,いや,感動詞,*,代表表記:いや/いや,2,26
、,、,、,特殊,読点,NIL,2,26
それ,それ,それ,指示詞,名詞形態指示詞,NIL,2,26
を,を,を,助詞,格助詞,NIL,2,26
ラジオ,らじお,ラジオ,名詞,普通名詞,代表表記:ラジオ/らじお ドメイン:メディア カテゴリ:人工物-その他,2,26
の,の,の,助詞,接続助詞,NIL,2,26
「,「,「,特殊,括弧始,NIL,2,26
朝,あさ,朝,名詞,時相名詞,代表表記:朝/あさ カテゴリ:時間 漢字読み:訓,2,26
の,の,の,助詞,接続助詞,NIL,2,26
訪問,ほうもん,訪問,名詞,サ変名詞,代表表記:訪問/ほうもん カテゴリ:抽象物,2,26
」,」,」,特殊,括弧終,NIL,2,26
の,の,の,助詞,接続助詞,NIL,2,26
アナウンサー,あなうんさー,アナウンサー,名詞,普通名詞,代表表記:アナウンサー/あなうんさー ドメイン:メディア カテゴリ:人,2,26
君,くん,君,接尾辞,名詞性名詞接尾辞,代表表記:君/くん,2,26
に,に,に,助詞,格助詞,NIL,2,26
きか,きか,きく,動詞,*,代表表記:利く/きく,2,26
れて,れて,れる,接尾辞,動詞性接尾辞,代表表記:れる/れる,2,26
弱った,よわった,弱る,動詞,*,代表表記:弱る/よわる 反義:動詞:強まる/つよまる 自他動詞:他:弱める/よわめる 形容詞派生:弱い/よわい,2,26
。,。,。,特殊,句点,NIL,2,26
あんな,あんな,あんな,指示詞,連体詞形態指示詞,NIL,2,27
の,の,の,名詞,形式名詞,NIL,2,27
は,は,は,助詞,副助詞,NIL,2,27
実際,じっさい,実際,副詞,*,代表表記:実際/じっさい,2,27
に,に,に,助詞,格助詞,NIL,2,27
は,は,は,助詞,副助詞,NIL,2,27
なかったろう,なかったろう,ない,形容詞,*,代表表記:無い/ない 反義:動詞:有る/ある,2,27
な,な,な,助詞,終助詞,NIL,2,27
。,。,。,特殊,句点,NIL,2,27
わたし,わたし,わたし,名詞,普通名詞,代表表記:私/わたし カテゴリ:人 漢字読み:訓,2,28
の,の,の,助詞,接続助詞,NIL,2,28
は,は,は,助詞,副助詞,NIL,2,28
「,「,「,特殊,括弧始,NIL,2,28
水滸,水滸,水滸,名詞,普通名詞,自動獲得:Wikipedia 読み不明 Wikipediaリダイレクト:水滸伝,2,28
伝,でん,伝,名詞,人名,自動獲得:Wikipedia Wikipedia人名 Wikipedia名 Wikipedia多義,2,28
」,」,」,特殊,括弧終,NIL,2,28
に,に,に,助詞,格助詞,NIL,2,28
出て,でて,出る,動詞,*,代表表記:出る/でる 反義:動詞:入る/はいる 自他動詞:他:出す/だす 補文ト,2,28
くる,くる,くる,接尾辞,動詞性接尾辞,代表表記:くる/くる,2,28
没,ぼつ,没,名詞,普通名詞,代表表記:没/ぼつ カテゴリ:抽象物 漢字読み:音,2,28
羽箭,羽箭,羽箭,未定義語,その他,未知語:漢字 品詞推定:名詞,2,28
張清,ちょうせい,張清,名詞,人名,自動獲得:Wikipedia Wikipedia上位語:登場人物,2,28
と,と,と,助詞,格助詞,NIL,2,28
いう,いう,いう,動詞,*,代表表記:言う/いう 補文ト,2,28
豪傑,ごうけつ,豪傑,名詞,普通名詞,代表表記:豪傑/ごうけつ カテゴリ:人,2,28
、,、,、,特殊,読点,NIL,2,28
腰,こし,腰,名詞,普通名詞,代表表記:腰/こし カテゴリ:動物-部位;抽象物 漢字読み:訓,2,28
に,に,に,助詞,格助詞,NIL,2,28
錦,にしき,錦,名詞,普通名詞,代表表記:錦/にしき カテゴリ:人工物-その他,2,28
の,の,の,助詞,接続助詞,NIL,2,28
袋,ふくろ,袋,名詞,普通名詞,代表表記:袋/ふくろ カテゴリ:人工物-その他 漢字読み:訓,2,28
を,を,を,助詞,格助詞,NIL,2,28
持って,もって,持つ,動詞,*,代表表記:持つ/もつ,2,28
いて,いて,いる,接尾辞,動詞性接尾辞,代表表記:いる/いる,2,28
、,、,、,特殊,読点,NIL,2,28
その,その,その,指示詞,連体詞形態指示詞,NIL,2,28
中,なか,中,名詞,副詞的名詞,代表表記:中/なか,2,28
から,から,から,助詞,格助詞,NIL,2,28
石ころ,いしころ,石ころ,名詞,普通名詞,代表表記:石ころ/いしころ カテゴリ:自然物,2,28
を,を,を,助詞,格助詞,NIL,2,28
とって,とって,とる,動詞,*,代表表記:取る/とる 自他動詞:自:取れる/とれる 付属動詞候補（基本）,2,28
投げる,なげる,投げる,動詞,*,代表表記:投げる/なげる,2,28
。,。,。,特殊,句点,NIL,2,28
これ,これ,これ,指示詞,名詞形態指示詞,NIL,2,29
に,に,に,助詞,格助詞,NIL,2,29
は,は,は,助詞,副助詞,NIL,2,29
さしも,さしも,さしも,副詞,*,代表表記:さしも/さしも,2,29
の,の,の,助詞,接続助詞,NIL,2,29
黒,くろ,黒,名詞,普通名詞,代表表記:黒/くろ カテゴリ:色 漢字読み:訓,2,29
旋風,せんぷう,旋風,名詞,普通名詞,代表表記:旋風/せんぷう カテゴリ:抽象物,2,29
も,も,も,助詞,副助詞,NIL,2,29
悩ま,なやま,悩む,動詞,*,代表表記:悩む/なやむ,2,29
さ,さ,す,接尾辞,動詞性接尾辞,代表表記:す/す,2,29
れる,れる,れる,接尾辞,動詞性接尾辞,代表表記:れる/れる,2,29
んだ,んだ,んだ,助動詞,*,NIL,2,29
が,が,が,助詞,接続助詞,NIL,2,29
、,、,、,特殊,読点,NIL,2,29
それ,それ,それ,指示詞,名詞形態指示詞,NIL,2,29
に,に,に,助詞,格助詞,NIL,2,29
ヒント,ひんと,ヒント,名詞,普通名詞,代表表記:ヒント/ひんと カテゴリ:抽象物 〜を〜に構成語,2,29
を,を,を,助詞,格助詞,NIL,2,29
得た,えた,得る,動詞,*,代表表記:得る/える 反義:動詞:失う/うしなう,2,29
と,と,と,助詞,格助詞,NIL,2,29
いえば,いえば,いう,動詞,*,代表表記:言う/いう 補文ト,2,29
いえる,いえる,いえる,動詞,*,代表表記:癒える/いえる ドメイン:健康・医学 自他動詞:他:癒す/いやす,2,29
し,し,し,助詞,接続助詞,NIL,2,29
……,……,……,特殊,記号,NIL,2,29
。,。,。,特殊,句点,NIL,2,29
吉田,よしだ,吉田,名詞,人名,人名:日本:姓:14:0.00529,3,0
首相,しゅしょう,首相,名詞,普通名詞,代表表記:首相/しゅしょう ドメイン:政治 カテゴリ:人 人名末尾,3,0
へ,へ,へ,助詞,格助詞,NIL,3,0
お礼,おれい,お礼,名詞,普通名詞,代表表記:御礼/おれい カテゴリ:人工物-その他;抽象物,3,0
し,し,する,動詞,*,代表表記:する/する 自他動詞:自:成る/なる 付属動詞候補（基本）,3,0
なくちゃ,なくちゃ,ない,接尾辞,形容詞性述語接尾辞,代表表記:ない/ない,3,0
ア,ア,ア,未定義語,カタカナ,未知語:カタカナ 品詞推定:名詞,3,0
……,……,……,特殊,記号,NIL,3,0
。,。,。,特殊,句点,NIL,3,0
江戸川,えどがわ,江戸川,名詞,人名,自動獲得:Wikipedia Wikipedia人名 Wikipedia多義 Wikipedia姓,3,1
あなた,あなた,あなた,名詞,普通名詞,代表表記:あなた/あなた カテゴリ:人,3,1
の,の,の,助詞,格助詞,NIL,3,1
は,は,は,助詞,副助詞,NIL,3,1
、,、,、,特殊,読点,NIL,3,1
はじめ,はじめ,はじめ,名詞,時相名詞,代表表記:初め/はじめ カテゴリ:時間,3,1
は,は,は,助詞,副助詞,NIL,3,1
外国,がいこく,外国,名詞,普通名詞,代表表記:外国/がいこく ドメイン:政治 カテゴリ:場所-その他,3,1
探偵,たんてい,探偵,名詞,サ変名詞,代表表記:探偵/たんてい カテゴリ:人,3,1
小説,しょうせつ,小説,名詞,普通名詞,代表表記:小説/しょうせつ ドメイン:文化・芸術 カテゴリ:抽象物,3,1
の,の,の,助詞,接続助詞,NIL,3,1
翻案,ほんあん,翻案,名詞,サ変名詞,代表表記:翻案/ほんあん ドメイン:文化・芸術 カテゴリ:抽象物,3,1
だ,だ,だ,判定詞,*,NIL,3,1
と,と,と,助詞,格助詞,NIL,3,1
思わ,おもわ,思う,動詞,*,代表表記:思う/おもう 補文ト,3,1
れた,れた,れる,接尾辞,動詞性接尾辞,代表表記:れる/れる,3,1
でしょう,でしょう,だろう,助動詞,*,NIL,3,1
？,？,？,特殊,記号,NIL,3,1
。,。,。,特殊,句点,NIL,3,1
野村,のむら,野村,名詞,人名,人名:日本:姓:46:0.00282,3,2
そう,そう,そう,名詞,人名,自動獲得:Wikipedia Wikipedia人名 Wikipedia名,3,2
、,、,、,特殊,読点,NIL,3,2
はじめ,はじめ,はじめ,名詞,時相名詞,代表表記:初め/はじめ カテゴリ:時間,3,2
は,は,は,助詞,副助詞,NIL,3,2
まちがえ,まちがえ,まちがえる,動詞,*,代表表記:間違える/まちがえる,3,2
られて,られて,られる,接尾辞,動詞性接尾辞,代表表記:られる/られる,3,2
ね,ね,ね,助詞,終助詞,NIL,3,2
。,。,。,特殊,句点,NIL,3,2
翻案,ほんあん,翻案,名詞,サ変名詞,代表表記:翻案/ほんあん ドメイン:文化・芸術 カテゴリ:抽象物,3,3
は,は,は,助詞,副助詞,NIL,3,3
全然,ぜんぜん,全然,副詞,*,代表表記:全然/ぜんぜん,3,3
ない,ない,ない,形容詞,*,代表表記:無い/ない 反義:動詞:有る/ある,3,3
。,。,。,特殊,句点,NIL,3,3
しかし,しかし,しかし,接続詞,*,代表表記:しかし/しかし,3,4
、,、,、,特殊,読点,NIL,3,4
どうも,どうも,どうも,副詞,*,代表表記:どうも/どうも,3,4
日本,にほん,日本,名詞,地名,代表表記:日本/にほん 地名:国,3,4
は,は,は,助詞,副助詞,NIL,3,4
探偵,たんてい,探偵,名詞,サ変名詞,代表表記:探偵/たんてい カテゴリ:人,3,4
小説,しょうせつ,小説,名詞,普通名詞,代表表記:小説/しょうせつ ドメイン:文化・芸術 カテゴリ:抽象物,3,4
や,や,や,助詞,接続助詞,NIL,3,4
捕物帖,捕物帖,捕物帖,名詞,普通名詞,自動獲得:Wikipedia Wikipediaページ内一覧:時代劇 読み不明,3,4
を,を,を,助詞,格助詞,NIL,3,4
目,め,目,名詞,普通名詞,代表表記:目/め カテゴリ:動物-部位 漢字読み:訓,3,4
の,の,の,助詞,接続助詞,NIL,3,4
仇,あだ,仇,名詞,普通名詞,代表表記:仇/あだ カテゴリ:抽象物,3,4
に,に,に,助詞,格助詞,NIL,3,4
する,する,する,動詞,*,代表表記:する/する 自他動詞:自:成る/なる 付属動詞候補（基本）,3,4
ね,ね,ね,助詞,終助詞,NIL,3,4
。,。,。,特殊,句点,NIL,3,4
小泉,こいずみ,小泉,名詞,人名,人名:日本:姓:6:0.00640,3,5
信三,信三,信三,名詞,人名,自動獲得:Wikipedia 読み不明 Wikipedia人名 Wikipedia名,3,5
氏,し,氏,接尾辞,名詞性名詞接尾辞,代表表記:氏/し,3,5
から,から,から,助詞,格助詞,NIL,3,5
聞いた,きいた,聞く,動詞,*,代表表記:聞く/きく 自他動詞:自:聞こえる/きこえる 補文ト,3,5
話,はなし,話,名詞,サ変名詞,代表表記:話/はなし カテゴリ:抽象物 動詞派生:話す/はなす 漢字読み:訓,3,5
だ,だ,だ,判定詞,*,NIL,3,5
が,が,が,助詞,接続助詞,NIL,3,5
……,……,……,特殊,記号,NIL,3,5
イギリス,いぎりす,イギリス,名詞,地名,代表表記:イギリス/いぎりす 地名:国:別称:英国,3,5
の,の,の,助詞,格助詞,NIL,3,5
ある,ある,ある,動詞,*,代表表記:有る/ある 反義:形容詞:無い/ない 補文ト,3,5
有名な,ゆうめいな,有名だ,形容詞,*,代表表記:有名だ/ゆうめいだ 反義:名詞-普通名詞:無名/むめい,3,5
首相,しゅしょう,首相,名詞,普通名詞,代表表記:首相/しゅしょう ドメイン:政治 カテゴリ:人 人名末尾,3,5
だ,だ,だ,判定詞,*,NIL,3,5
よ,よ,よ,助詞,終助詞,NIL,3,5
。,。,。,特殊,句点,NIL,3,5
政局,せいきょく,政局,名詞,普通名詞,代表表記:政局/せいきょく ドメイン:政治 カテゴリ:抽象物,3,6
の,の,の,助詞,接続助詞,NIL,3,6
動き,うごき,動き,名詞,普通名詞,代表表記:動き/うごきv 反義:動詞:止まる/とまる 自他動詞:他:動かす/うごかす 連用形名詞化:動く/うごく,3,6
が,が,が,助詞,格助詞,NIL,3,6
思わしくなくて,おもわしくなくて,思わしくない,形容詞,*,代表表記:思わしくない/おもわしくない,3,6
、,、,、,特殊,読点,NIL,3,6
憂鬱に,ゆううつに,憂鬱だ,形容詞,*,代表表記:憂鬱だ/ゆううつだ,3,6
なって,なって,なる,接尾辞,動詞性接尾辞,代表表記:なる/なる,3,6
いた,いた,いる,接尾辞,動詞性接尾辞,代表表記:いる/いる,3,6
。,。,。,特殊,句点,NIL,3,6
ある,ある,ある,連体詞,*,代表表記:或る/ある,3,7
日,にち,日,名詞,時相名詞,代表表記:日/にち カテゴリ:時間 漢字読み:音,3,7
とても,とても,とても,副詞,*,代表表記:とても/とても 用言弱修飾,3,7
愉快,ゆかい,愉快だ,形容詞,*,代表表記:愉快だ/ゆかいだ 反義:形容詞:不快だ/ふかいだ;形容詞:不愉快だ/ふゆかいだ,3,7
そうに,そうに,そうだ,接尾辞,形容詞性述語接尾辞,代表表記:そうだ/そうだ,3,7
ニコニコ,にこにこ,ニコニコ,副詞,*,代表表記:ニコニコ/にこにこ スル接続可能,3,7
して,して,する,動詞,*,代表表記:する/する 自他動詞:自:成る/なる 付属動詞候補（基本）,3,7
いる,いる,いる,接尾辞,動詞性接尾辞,代表表記:いる/いる,3,7
ので,ので,のだ,助動詞,*,NIL,3,7
、,、,、,特殊,読点,NIL,3,7
夫人,ふじん,夫人,名詞,普通名詞,代表表記:夫人/ふじん ドメイン:家庭・暮らし カテゴリ:人,3,7
が,が,が,助詞,格助詞,NIL,3,7
政局,せいきょく,政局,名詞,普通名詞,代表表記:政局/せいきょく ドメイン:政治 カテゴリ:抽象物,3,7
が,が,が,助詞,格助詞,NIL,3,7
うまい,うまい,うまい,形容詞,*,代表表記:上手い/うまい 反義:形容詞:下手だ/へただ,3,7
ぐあい,ぐあい,ぐあい,名詞,普通名詞,代表表記:具合/ぐあい カテゴリ:抽象物,3,7
に,に,に,助詞,格助詞,NIL,3,7
打開,だかい,打開,名詞,サ変名詞,代表表記:打開/だかい カテゴリ:抽象物,3,7
さ,さ,する,動詞,*,代表表記:する/する 自他動詞:自:成る/なる 付属動詞候補（基本）,3,7
れた,れた,れる,接尾辞,動詞性接尾辞,代表表記:れる/れる,3,7
か,か,か,助詞,接続助詞,NIL,3,7
、,、,、,特殊,読点,NIL,3,7
と,と,と,助詞,格助詞,NIL,3,7
喜び,よろこび,喜び,名詞,普通名詞,代表表記:喜び/よろこびv 反義:動詞:悲しむ/かなしむ 連用形名詞化:喜ぶ/よろこぶ,3,7
「,「,「,特殊,括弧始,NIL,3,7
どう,どう,どう,指示詞,副詞形態指示詞,NIL,3,7
なさった,なさった,なさる,動詞,*,代表表記:為さる/なさる 尊敬動詞:する/する,3,7
の,の,の,名詞,形式名詞,NIL,3,7
？,？,？,特殊,記号,NIL,3,7
予算,よさん,予算,名詞,普通名詞,代表表記:予算/よさん ドメイン:ビジネス;政治 カテゴリ:抽象物,3,7
が,が,が,助詞,格助詞,NIL,3,7
議会,ぎかい,議会,名詞,普通名詞,代表表記:議会/ぎかい ドメイン:政治 カテゴリ:組織・団体 組織名末尾,3,7
を,を,を,助詞,格助詞,NIL,3,7
通った,かよった,通う,動詞,*,代表表記:通う/かよう,3,7
ので,ので,のだ,助動詞,*,NIL,3,7
ございます,ございます,ございます,接尾辞,動詞性接尾辞,代表表記:御座います/ございます,3,7
か,か,か,助詞,終助詞,NIL,3,7
」,」,」,特殊,括弧終,NIL,3,7
と,と,と,助詞,格助詞,NIL,3,7
聞いたら,きいたら,聞く,動詞,*,代表表記:聞く/きく 自他動詞:自:聞こえる/きこえる 補文ト,3,7
「,「,「,特殊,括弧始,NIL,3,7
いや,いや,いや,感動詞,*,代表表記:いや/いや,3,7
、,、,、,特殊,読点,NIL,3,7
嬉しい,うれしい,嬉しい,形容詞,*,代表表記:嬉しい/うれしい 反義:形容詞:悲しい/かなしい,3,7
じゃ,じゃ,じゃ,助詞,副助詞,標準:で/で+は/は,3,7
ない,ない,ない,接尾辞,形容詞性述語接尾辞,代表表記:ない/ない,3,7
か,か,か,助詞,接続助詞,NIL,3,7
、,、,、,特殊,読点,NIL,3,7
コナン,こなん,コナン,名詞,人名,人名:外国,3,7
・,・,・,特殊,記号,NIL,3,7
ドイル,どいる,ドイル,名詞,人名,人名:外国,3,7
が,が,が,助詞,格助詞,NIL,3,7
また,また,また,副詞,*,代表表記:又/また,3,7
新しい,あたらしい,新しい,形容詞,*,代表表記:新しい/あたらしい 反義:形容詞:古い/ふるい,3,7
小説,しょうせつ,小説,名詞,普通名詞,代表表記:小説/しょうせつ ドメイン:文化・芸術 カテゴリ:抽象物,3,7
を,を,を,助詞,格助詞,NIL,3,7
書き,かき,書く,動詞,*,代表表記:書く/かく 補文ト,3,7
はじめた,はじめた,はじめる,動詞,*,代表表記:始める/はじめる 反義:動詞:終える/おえる 自他動詞:自:始まる/はじまる 付属動詞候補（基本）,3,7
そうだ,そうだ,そうだ,助動詞,*,NIL,3,7
」,」,」,特殊,括弧終,NIL,3,7
と,と,と,助詞,格助詞,NIL,3,7
いった,いった,いう,動詞,*,代表表記:言う/いう 補文ト,3,7
と,と,と,助詞,格助詞,NIL,3,7
いう,いう,いう,動詞,*,代表表記:言う/いう 補文ト,3,7
話,はなし,話,名詞,サ変名詞,代表表記:話/はなし カテゴリ:抽象物 動詞派生:話す/はなす 漢字読み:訓,3,7
。,。,。,特殊,句点,NIL,3,7
江戸川,えどがわ,江戸川,名詞,人名,自動獲得:Wikipedia Wikipedia人名 Wikipedia多義 Wikipedia姓,3,8
吉田,よしだ,吉田,名詞,人名,人名:日本:姓:14:0.00529,3,8
首相,しゅしょう,首相,名詞,普通名詞,代表表記:首相/しゅしょう ドメイン:政治 カテゴリ:人 人名末尾,3,8
も,も,も,助詞,副助詞,NIL,3,8
探偵,たんてい,探偵,名詞,サ変名詞,代表表記:探偵/たんてい カテゴリ:人,3,8
小説,しょうせつ,小説,名詞,普通名詞,代表表記:小説/しょうせつ ドメイン:文化・芸術 カテゴリ:抽象物,3,8
の,の,の,助詞,接続助詞,NIL,3,8
愛読,あいどく,愛読,名詞,サ変名詞,代表表記:愛読/あいどく ドメイン:レクリエーション カテゴリ:抽象物,3,8
者,しゃ,者,接尾辞,名詞性名詞接尾辞,代表表記:者/しゃ カテゴリ:人 内容語,3,8
な,な,だ,判定詞,*,NIL,3,8
んだ,んだ,んだ,助動詞,*,NIL,3,8
そうじゃ,そうじゃ,そうだ,接尾辞,形容詞性述語接尾辞,代表表記:そうだ/そうだ,3,8
ない,ない,ない,接尾辞,形容詞性述語接尾辞,代表表記:ない/ない,3,8
です,です,です,助動詞,*,NIL,3,8
か,か,か,助詞,終助詞,NIL,3,8
。,。,。,特殊,句点,NIL,3,8
野村,のむら,野村,名詞,人名,人名:日本:姓:46:0.00282,3,9
牧野,まきの,牧野,名詞,人名,人名:日本:姓:339:0.00084,3,9
伸顕,伸顕,伸顕,名詞,人名,自動獲得:Wikipedia 読み不明 Wikipedia人名 Wikipedia名,3,9
氏,し,氏,接尾辞,名詞性名詞接尾辞,代表表記:氏/し,3,9
も,も,も,助詞,副助詞,NIL,3,9
実に,じつに,実に,副詞,*,代表表記:実に/じつに 用言弱修飾,3,9
好きだった,すきだった,好きだ,形容詞,*,代表表記:好きだ/すきだ 反義:形容詞:嫌いだ/きらいだ 動詞派生:好く/すく,3,9
らしい,らしい,らしい,助動詞,*,NIL,3,9
。,。,。,特殊,句点,NIL,3,9
ある,ある,ある,連体詞,*,代表表記:或る/ある,3,10
外交,がいこう,外交,名詞,普通名詞,代表表記:外交/がいこう ドメイン:政治 カテゴリ:抽象物,3,10
官,かん,官,名詞,普通名詞,代表表記:官/かん ドメイン:政治 カテゴリ:抽象物 漢字読み:音,3,10
が,が,が,助詞,格助詞,NIL,3,10
外国,がいこく,外国,名詞,普通名詞,代表表記:外国/がいこく ドメイン:政治 カテゴリ:場所-その他,3,10
へ,へ,へ,助詞,格助詞,NIL,3,10
いく,いく,いく,動詞,*,代表表記:行く/いく ドメイン:交通 反義:動詞:帰る/かえる 付属動詞候補（タ系）,3,10
前,まえ,前,名詞,副詞的名詞,代表表記:前/まえ,3,10
に,に,に,助詞,格助詞,NIL,3,10
、,、,、,特殊,読点,NIL,3,10
牧野,まきの,牧野,名詞,人名,人名:日本:姓:339:0.00084,3,10
さん,さん,さん,接尾辞,名詞性名詞接尾辞,代表表記:さん/さん,3,10
を,を,を,助詞,格助詞,NIL,3,10
訪ねて,たずねて,訪ねる,動詞,*,代表表記:訪ねる/たずねる,3,10
「,「,「,特殊,括弧始,NIL,3,10
なに,なに,なに,名詞,普通名詞,代表表記:何/なに カテゴリ:抽象物 漢字読み:訓,3,10
か,か,か,助詞,接続助詞,NIL,3,10
ご,ご,ご,接頭辞,名詞接頭辞,代表表記:御/お,3,10
注文,ちゅうもん,注文,名詞,サ変名詞,代表表記:注文/ちゅうもん ドメイン:料理・食事;ビジネス カテゴリ:抽象物 補文ト,3,10
は,は,は,助詞,副助詞,NIL,3,10
？,？,？,特殊,記号,NIL,3,10
」,」,」,特殊,括弧終,NIL,3,10
と,と,と,助詞,格助詞,NIL,3,10
聞いたら,きいたら,聞く,動詞,*,代表表記:聞く/きく 自他動詞:自:聞こえる/きこえる 補文ト,3,10
「,「,「,特殊,括弧始,NIL,3,10
面白い,おもしろい,面白い,形容詞,*,代表表記:面白い/おもしろい 反義:形容詞:つまらない/つまらない,3,10
探偵,たんてい,探偵,名詞,サ変名詞,代表表記:探偵/たんてい カテゴリ:人,3,10
小説,しょうせつ,小説,名詞,普通名詞,代表表記:小説/しょうせつ ドメイン:文化・芸術 カテゴリ:抽象物,3,10
を,を,を,助詞,格助詞,NIL,3,10
二,に,二,名詞,数詞,カテゴリ:数量,3,10
、,、,、,特殊,読点,NIL,3,10
三,さん,三,名詞,数詞,カテゴリ:数量,3,10
冊,さつ,冊,接尾辞,名詞性名詞助数辞,代表表記:冊/さつ 準内容語,3,10
送って,おくって,送る,動詞,*,代表表記:送る/おくる 反義:動詞:迎える/むかえる,3,10
くれ,くれ,くれる,接尾辞,動詞性接尾辞,代表表記:くれる/くれる,3,10
」,」,」,特殊,括弧終,NIL,3,10
と,と,と,助詞,格助詞,NIL,3,10
いった,いった,いう,動詞,*,代表表記:言う/いう 補文ト,3,10
そうだ,そうだ,そうだ,助動詞,*,NIL,3,10
。,。,。,特殊,句点,NIL,3,10
江戸川,えどがわ,江戸川,名詞,人名,自動獲得:Wikipedia Wikipedia人名 Wikipedia多義 Wikipedia姓,3,11
探偵,たんてい,探偵,名詞,サ変名詞,代表表記:探偵/たんてい カテゴリ:人,3,11
小説,しょうせつ,小説,名詞,普通名詞,代表表記:小説/しょうせつ ドメイン:文化・芸術 カテゴリ:抽象物,3,11
は,は,は,助詞,副助詞,NIL,3,11
、,、,、,特殊,読点,NIL,3,11
外国,がいこく,外国,名詞,普通名詞,代表表記:外国/がいこく ドメイン:政治 カテゴリ:場所-その他,3,11
で,で,で,助詞,格助詞,NIL,3,11
は,は,は,助詞,副助詞,NIL,3,11
老人,ろうじん,老人,名詞,普通名詞,代表表記:老人/ろうじん カテゴリ:人,3,11
が,が,が,助詞,格助詞,NIL,3,11
読んで,よんで,読む,動詞,*,代表表記:読む/よむ,3,11
いる,いる,いる,接尾辞,動詞性接尾辞,代表表記:いる/いる,3,11
。,。,。,特殊,句点,NIL,3,11
日本,にほん,日本,名詞,地名,代表表記:日本/にほん 地名:国,3,12
で,で,で,助詞,格助詞,NIL,3,12
は,は,は,助詞,副助詞,NIL,3,12
若い,わかい,若い,形容詞,*,代表表記:若い/わかい,3,12
もの,もの,もの,名詞,形式名詞,NIL,3,12
が,が,が,助詞,格助詞,NIL,3,12
読む,よむ,読む,動詞,*,代表表記:読む/よむ,3,12
。,。,。,特殊,句点,NIL,3,12
まるで,まるで,まるで,副詞,*,代表表記:まるで/まるで,3,13
反対だ,はんたいだ,反対だ,形容詞,*,代表表記:反対だ/はんたいだ,3,13
。,。,。,特殊,句点,NIL,3,13
ぼく,ぼく,ぼく,名詞,普通名詞,代表表記:僕/ぼく カテゴリ:人 漢字読み:音,3,14
は,は,は,助詞,副助詞,NIL,3,14
書き,かき,書く,動詞,*,代表表記:書く/かく 補文ト,3,14
はじめて,はじめて,はじめる,動詞,*,代表表記:始める/はじめる 反義:動詞:終える/おえる 自他動詞:自:始まる/はじまる 付属動詞候補（基本）,3,14
から,から,から,助詞,接続助詞,NIL,3,14
二十五,二十五,二十五,名詞,数詞,カテゴリ:数量 未知語:数字,3,14
年,ねん,年,接尾辞,名詞性名詞助数辞,代表表記:年/ねん カテゴリ:時間 準内容語,3,14
に,に,に,助詞,格助詞,NIL,3,14
なる,なる,なる,動詞,*,代表表記:成る/なる 自他動詞:他:成す/なす;他:する/する,3,14
が,が,が,助詞,接続助詞,NIL,3,14
、,、,、,特殊,読点,NIL,3,14
このごろ,このごろ,このごろ,名詞,時相名詞,代表表記:この頃/このごろ カテゴリ:時間,3,14
に,に,に,助詞,格助詞,NIL,3,14
なって,なって,なる,動詞,*,代表表記:成る/なる 自他動詞:他:成す/なす;他:する/する,3,14
、,、,、,特殊,読点,NIL,3,14
代議士,だいぎし,代議士,名詞,普通名詞,代表表記:代議士/だいぎし ドメイン:政治 カテゴリ:人 人名末尾,3,14
に,に,に,助詞,格助詞,NIL,3,14
なって,なって,なる,動詞,*,代表表記:成る/なる 自他動詞:他:成す/なす;他:する/する,3,14
いる,いる,いる,接尾辞,動詞性接尾辞,代表表記:いる/いる,3,14
くらい,くらい,くらい,名詞,副詞的名詞,代表表記:くらい/くらい,3,14
の,の,の,助詞,接続助詞,NIL,3,14
年輩,ねんぱい,年輩,名詞,普通名詞,代表表記:年輩/ねんぱい カテゴリ:人,3,14
の,の,の,助詞,接続助詞,NIL,3,14
人,じん,人,名詞,普通名詞,代表表記:人/じん カテゴリ:人 漢字読み:音,3,14
に,に,に,助詞,格助詞,NIL,3,14
、,、,、,特殊,読点,NIL,3,14
「,「,「,特殊,括弧始,NIL,3,14
読んで,よんで,読む,動詞,*,代表表記:読む/よむ,3,14
い,い,いる,接尾辞,動詞性接尾辞,代表表記:いる/いる,3,14
ます,ます,ます,接尾辞,動詞性接尾辞,代表表記:ます/ます,3,14
よ,よ,よ,助詞,終助詞,NIL,3,14
」,」,」,特殊,括弧終,NIL,3,14
と,と,と,助詞,格助詞,NIL,3,14
いわ,いわ,いう,動詞,*,代表表記:言う/いう 補文ト,3,14
れる,れる,れる,接尾辞,動詞性接尾辞,代表表記:れる/れる,3,14
ように,ように,ようだ,助動詞,*,NIL,3,14
なった,なった,なる,接尾辞,動詞性接尾辞,代表表記:なる/なる,3,14
。,。,。,特殊,句点,NIL,3,14
嬉しく,うれしく,嬉しい,形容詞,*,代表表記:嬉しい/うれしい 反義:形容詞:悲しい/かなしい,3,15
なる,なる,なる,接尾辞,動詞性接尾辞,代表表記:なる/なる,3,15
ね,ね,ね,助詞,終助詞,NIL,3,15
。,。,。,特殊,句点,NIL,3,15
野村,のむら,野村,名詞,人名,人名:日本:姓:46:0.00282,3,16
吉田,よしだ,吉田,名詞,人名,人名:日本:姓:14:0.00529,3,16
首相,しゅしょう,首相,名詞,普通名詞,代表表記:首相/しゅしょう ドメイン:政治 カテゴリ:人 人名末尾,3,16
が,が,が,助詞,格助詞,NIL,3,16
わたし,わたし,わたし,名詞,普通名詞,代表表記:私/わたし カテゴリ:人 漢字読み:訓,3,16
の,の,の,助詞,接続助詞,NIL,3,16
捕物帖,捕物帖,捕物帖,名詞,普通名詞,自動獲得:Wikipedia Wikipediaページ内一覧:時代劇 読み不明,3,16
を,を,を,助詞,格助詞,NIL,3,16
読んで,よんで,読む,動詞,*,代表表記:読む/よむ,3,16
いる,いる,いる,接尾辞,動詞性接尾辞,代表表記:いる/いる,3,16
と,と,と,助詞,格助詞,NIL,3,16
いう,いう,いう,動詞,*,代表表記:言う/いう 補文ト,3,16
んで,んで,んだ,助動詞,*,NIL,3,16
、,、,、,特殊,読点,NIL,3,16
新聞,しんぶん,新聞,名詞,普通名詞,代表表記:新聞/しんぶん ドメイン:メディア カテゴリ:人工物-その他,3,16
や,や,や,助詞,接続助詞,NIL,3,16
ラジオ,らじお,ラジオ,名詞,普通名詞,代表表記:ラジオ/らじお ドメイン:メディア カテゴリ:人工物-その他,3,16
で,で,で,助詞,格助詞,NIL,3,16
ずいぶん,ずいぶん,ずいぶん,副詞,*,代表表記:随分/ずいぶん,3,16
冷,冷,冷だ,形容詞,*,代表表記:冷だ/冷だ 自動獲得:テキスト 副詞識別,3,16
かさ,かさ,かす,動詞,*,代表表記:化す/かす,3,16
れて,れて,れる,接尾辞,動詞性接尾辞,代表表記:れる/れる,3,16
、,、,、,特殊,読点,NIL,3,16
困った,こまった,困る,動詞,*,代表表記:困る/こまる,3,16
よ,よ,よ,助詞,終助詞,NIL,3,16
。,。,。,特殊,句点,NIL,3,16
しかし,しかし,しかし,接続詞,*,代表表記:しかし/しかし,3,17
、,、,、,特殊,読点,NIL,3,17
おかげ,おかげ,おかげ,名詞,普通名詞,代表表記:お陰/おかげ カテゴリ:抽象物 修飾（デ格）,3,17
で,で,で,助詞,格助詞,NIL,3,17
、,、,、,特殊,読点,NIL,3,17
だいぶ,だいぶ,だいぶ,副詞,*,代表表記:大分/だいぶ,3,17
宣伝,せんでん,宣伝,名詞,サ変名詞,代表表記:宣伝/せんでん ドメイン:ビジネス;メディア カテゴリ:抽象物 補文ト,3,17
に,に,に,助詞,格助詞,NIL,3,17
なって,なって,なる,動詞,*,代表表記:成る/なる 自他動詞:他:成す/なす;他:する/する,3,17
ね,ね,ね,助詞,終助詞,NIL,3,17
。,。,。,特殊,句点,NIL,3,17
そのうち,そのうち,そのうち,副詞,*,代表表記:其の内/そのうち 修飾（ニ格）,3,18
に,に,に,助詞,格助詞,NIL,3,18
お礼,おれい,お礼,名詞,普通名詞,代表表記:御礼/おれい カテゴリ:人工物-その他;抽象物,3,18
に,に,に,助詞,格助詞,NIL,3,18
いか,いか,いく,動詞,*,代表表記:行く/いく ドメイン:交通 反義:動詞:帰る/かえる 付属動詞候補（タ系）,3,18
ない,ない,ない,接尾辞,形容詞性述語接尾辞,代表表記:ない/ない,3,18
と,と,と,助詞,格助詞,NIL,3,18
いかんな,いかんな,いかんだ,形容詞,*,代表表記:遺憾だ/いかんだ,3,18
。,。,。,特殊,句点,NIL,3,18
江戸川,えどがわ,江戸川,名詞,人名,自動獲得:Wikipedia Wikipedia人名 Wikipedia多義 Wikipedia姓,3,19
この前,このまえ,この前,名詞,時相名詞,代表表記:此前/このまえ カテゴリ:時間,3,19
アメリカ,あめりか,アメリカ,名詞,地名,代表表記:アメリカ/あめりか 地名:国:別称:米国,3,19
へ,へ,へ,助詞,格助詞,NIL,3,19
いった,いった,いく,動詞,*,代表表記:行く/いく ドメイン:交通 反義:動詞:帰る/かえる 付属動詞候補（タ系）,3,19
金森,かなもり,金森,名詞,人名,人名:日本:姓:1001:0.00022,3,19
徳次郎,徳次郎,徳次郎,名詞,人名,自動獲得:Wikipedia 読み不明 Wikipedia人名 Wikipedia名,3,19
氏,し,氏,接尾辞,名詞性名詞接尾辞,代表表記:氏/し,3,19
に,に,に,助詞,格助詞,NIL,3,19
会った,あった,会う,動詞,*,代表表記:会う/あう 反義:動詞:分かれる/わかれる;動詞:別れる/わかれる,3,19
。,。,。,特殊,句点,NIL,3,19
アメリカ,あめりか,アメリカ,名詞,地名,代表表記:アメリカ/あめりか 地名:国:別称:米国,3,20
で,で,で,助詞,格助詞,NIL,3,20
国会,こっかい,国会,名詞,普通名詞,代表表記:国会/こっかい ドメイン:政治 カテゴリ:組織・団体,3,20
の,の,の,助詞,接続助詞,NIL,3,20
図書,としょ,図書,名詞,普通名詞,代表表記:図書/としょ ドメイン:文化・芸術 カテゴリ:抽象物,3,20
館,かん,館,名詞,普通名詞,代表表記:館/かん カテゴリ:場所-施設 漢字読み:音,3,20
へ,へ,へ,助詞,格助詞,NIL,3,20
案内,あんない,案内,名詞,サ変名詞,代表表記:案内/あんない カテゴリ:抽象物,3,20
さ,さ,する,動詞,*,代表表記:する/する 自他動詞:自:成る/なる 付属動詞候補（基本）,3,20
れた,れた,れる,接尾辞,動詞性接尾辞,代表表記:れる/れる,3,20
。,。,。,特殊,句点,NIL,3,20
たいした,たいした,たいする,動詞,*,代表表記:対する/たいする,3,21
ライブラリー,らいぶらりー,ライブラリー,名詞,普通名詞,代表表記:ライブラリー/らいぶらりー ドメイン:教育・学習;科学・技術 カテゴリ:場所-施設;抽象物 多義,3,21
で,で,で,助詞,格助詞,NIL,3,21
ね,ね,ね,助詞,終助詞,NIL,3,21
。,。,。,特殊,句点,NIL,3,21
アメリカ,あめりか,アメリカ,名詞,地名,代表表記:アメリカ/あめりか 地名:国:別称:米国,3,22
の,の,の,助詞,接続助詞,NIL,3,22
議員,ぎいん,議員,名詞,普通名詞,代表表記:議員/ぎいん ドメイン:政治 カテゴリ:人,3,22
さん,さん,さん,接尾辞,名詞性名詞接尾辞,代表表記:さん/さん,3,22
は,は,は,助詞,副助詞,NIL,3,22
、,、,、,特殊,読点,NIL,3,22
ずいぶん,ずいぶん,ずいぶん,副詞,*,代表表記:随分/ずいぶん,3,22
勉強,べんきょう,勉強,名詞,サ変名詞,代表表記:勉強/べんきょう ドメイン:教育・学習 カテゴリ:抽象物,3,22
する,する,する,動詞,*,代表表記:する/する 自他動詞:自:成る/なる 付属動詞候補（基本）,3,22
でしょう,でしょう,だろう,助動詞,*,NIL,3,22
ね,ね,ね,助詞,終助詞,NIL,3,22
と,と,と,助詞,格助詞,NIL,3,22
彼,かれ,彼,名詞,普通名詞,代表表記:彼/かれ カテゴリ:人 漢字読み:訓,3,22
が,が,が,助詞,格助詞,NIL,3,22
きく,きく,きく,動詞,*,代表表記:利く/きく,3,22
と,と,と,助詞,格助詞,NIL,3,22
、,、,、,特殊,読点,NIL,3,22
「,「,「,特殊,括弧始,NIL,3,22
なあ,なあ,なあ,感動詞,*,代表表記:なあ/なあ,3,22
に,に,に,助詞,格助詞,NIL,3,22
、,、,、,特殊,読点,NIL,3,22
読んで,よんで,読む,動詞,*,代表表記:読む/よむ,3,22
いる,いる,いる,接尾辞,動詞性接尾辞,代表表記:いる/いる,3,22
の,の,の,名詞,形式名詞,NIL,3,22
は,は,は,助詞,副助詞,NIL,3,22
フィクション,ふぃくしょん,フィクション,名詞,普通名詞,代表表記:フィクション/ふぃくしょん ドメイン:文化・芸術 カテゴリ:抽象物,3,22
（,（,（,特殊,括弧始,NIL,3,22
小説,しょうせつ,小説,名詞,普通名詞,代表表記:小説/しょうせつ ドメイン:文化・芸術 カテゴリ:抽象物,3,22
）,）,）,特殊,括弧終,NIL,3,22
か,か,か,助詞,接続助詞,NIL,3,22
デテクティヴ,デテクティヴ,デテクティヴ,未定義語,カタカナ,未知語:カタカナ 品詞推定:名詞,3,22
（,（,（,特殊,括弧始,NIL,3,22
探偵,たんてい,探偵,名詞,サ変名詞,代表表記:探偵/たんてい カテゴリ:人,3,22
もの,もの,もの,名詞,普通名詞,代表表記:物/もの カテゴリ:人工物-その他 漢字読み:訓,3,22
）,）,）,特殊,括弧終,NIL,3,22
です,です,だ,判定詞,*,NIL,3,22
よ,よ,よ,助詞,終助詞,NIL,3,22
」,」,」,特殊,括弧終,NIL,3,22
と,と,と,助詞,格助詞,NIL,3,22
いって,いって,いう,動詞,*,代表表記:言う/いう 補文ト,3,22
いた,いた,いる,接尾辞,動詞性接尾辞,代表表記:いる/いる,3,22
そうだ,そうだ,そうだ,助動詞,*,NIL,3,22
。,。,。,特殊,句点,NIL,3,22
探偵,たんてい,探偵,名詞,サ変名詞,代表表記:探偵/たんてい カテゴリ:人,4,0
小説,しょうせつ,小説,名詞,普通名詞,代表表記:小説/しょうせつ ドメイン:文化・芸術 カテゴリ:抽象物,4,0
は,は,は,助詞,副助詞,NIL,4,0
犯罪,はんざい,犯罪,名詞,普通名詞,代表表記:犯罪/はんざい ドメイン:政治 カテゴリ:抽象物,4,0
の,の,の,助詞,接続助詞,NIL,4,0
予防,よぼう,予防,名詞,サ変名詞,代表表記:予防/よぼう ドメイン:健康・医学 カテゴリ:抽象物,4,0
薬,くすり,薬,名詞,普通名詞,代表表記:薬/くすり ドメイン:健康・医学 カテゴリ:人工物-その他 漢字読み:訓,4,0
である,である,だ,判定詞,*,NIL,4,0
。,。,。,特殊,句点,NIL,4,0
野村,のむら,野村,名詞,人名,人名:日本:姓:46:0.00282,4,1
わたし,わたし,わたし,名詞,普通名詞,代表表記:私/わたし カテゴリ:人 漢字読み:訓,4,1
は,は,は,助詞,副助詞,NIL,4,1
ね,ね,ね,助詞,終助詞,NIL,4,1
、,、,、,特殊,読点,NIL,4,1
こう,こう,こう,指示詞,副詞形態指示詞,NIL,4,1
思う,おもう,思う,動詞,*,代表表記:思う/おもう 補文ト,4,1
んだ,んだ,んだ,助動詞,*,NIL,4,1
。,。,。,特殊,句点,NIL,4,1
探偵,たんてい,探偵,名詞,サ変名詞,代表表記:探偵/たんてい カテゴリ:人,4,2
小説,しょうせつ,小説,名詞,普通名詞,代表表記:小説/しょうせつ ドメイン:文化・芸術 カテゴリ:抽象物,4,2
は,は,は,助詞,副助詞,NIL,4,2
盲目,もうもく,盲目だ,形容詞,*,代表表記:盲目だ/もうもくだ,4,2
的,てき,的だ,接尾辞,形容詞性名詞接尾辞,代表表記:的だ/てきだ カテゴリ:抽象物 準内容語,4,2
本能,ほんのう,本能,名詞,普通名詞,代表表記:本能/ほんのう カテゴリ:抽象物,4,2
の,の,の,助詞,接続助詞,NIL,4,2
安全,あんぜん,安全だ,形容詞,*,代表表記:安全だ/あんぜんだ 反義:形容詞:危険だ/きけんだ,4,2
弁,べん,弁,名詞,普通名詞,代表表記:弁/べん カテゴリ:抽象物 漢字読み:音,4,2
だ,だ,だ,判定詞,*,NIL,4,2
と,と,と,助詞,格助詞,NIL,4,2
。,。,。,特殊,句点,NIL,4,2
探偵,たんてい,探偵,名詞,サ変名詞,代表表記:探偵/たんてい カテゴリ:人,4,3
小説,しょうせつ,小説,名詞,普通名詞,代表表記:小説/しょうせつ ドメイン:文化・芸術 カテゴリ:抽象物,4,3
を,を,を,助詞,格助詞,NIL,4,3
読んで,よんで,読む,動詞,*,代表表記:読む/よむ,4,3
いる,いる,いる,接尾辞,動詞性接尾辞,代表表記:いる/いる,4,3
人,じん,人,名詞,普通名詞,代表表記:人/じん カテゴリ:人 漢字読み:音,4,3
は,は,は,助詞,副助詞,NIL,4,3
兇悪,兇悪,兇悪,名詞,普通名詞,自動獲得:Wiktionary 読み不明,4,3
な,な,だ,判定詞,*,NIL,4,3
犯罪,はんざい,犯罪,名詞,普通名詞,代表表記:犯罪/はんざい ドメイン:政治 カテゴリ:抽象物,4,3
は,は,は,助詞,副助詞,NIL,4,3
やら,やら,やる,動詞,*,代表表記:やる/やる 付属動詞候補（タ系）,4,3
ない,ない,ない,接尾辞,形容詞性述語接尾辞,代表表記:ない/ない,4,3
。,。,。,特殊,句点,NIL,4,3
先生,せんせい,先生,名詞,普通名詞,代表表記:先生/せんせい ドメイン:教育・学習 カテゴリ:人 人名末尾,4,4
に,に,に,助詞,格助詞,NIL,4,4
毒,どく,毒,名詞,普通名詞,代表表記:毒/どく カテゴリ:人工物-その他 漢字読み:音,4,4
入り,いり,入り,接尾辞,名詞性名詞接尾辞,代表表記:入り/いり カテゴリ:抽象物 内容語 換言:N+:Nに入る,4,4
ウイスキー,ういすきー,ウイスキー,名詞,普通名詞,代表表記:ウイスキー/ういすきー ドメイン:料理・食事 カテゴリ:人工物-食べ物,4,4
を,を,を,助詞,格助詞,NIL,4,4
贈って,おくって,贈る,動詞,*,代表表記:贈る/おくる,4,4
殺した,ころした,殺す,動詞,*,代表表記:殺す/ころす 反義:動詞:生かす/いかす,4,4
東大,とうだい,東大,名詞,組織名,代表表記:東大/とうだい,4,4
小石川,こいしかわ,小石川,名詞,人名,自動獲得:Wikipedia Wikipedia人名 Wikipedia多義 Wikipedia姓,4,4
分院,分院,分院,未定義語,その他,未知語:漢字 品詞推定:名詞,4,4
の,の,の,助詞,接続助詞,NIL,4,4
蓮見,蓮見,蓮見,名詞,人名,自動獲得:Wikipedia 読み不明 Wikipedia人名 Wikipedia姓,4,4
。,。,。,特殊,句点,NIL,4,4
あんな,あんな,あんな,指示詞,連体詞形態指示詞,NIL,4,5
犯罪,はんざい,犯罪,名詞,普通名詞,代表表記:犯罪/はんざい ドメイン:政治 カテゴリ:抽象物,4,5
は,は,は,助詞,副助詞,NIL,4,5
一見,いっけん,一見,副詞,*,代表表記:一見/いっけん スル接続可能,4,5
探偵,たんてい,探偵,名詞,サ変名詞,代表表記:探偵/たんてい カテゴリ:人,4,5
小説,しょうせつ,小説,名詞,普通名詞,代表表記:小説/しょうせつ ドメイン:文化・芸術 カテゴリ:抽象物,4,5
を,を,を,助詞,格助詞,NIL,4,5
まねた,まねた,まねる,動詞,*,代表表記:真似る/まねる,4,5
ようで,ようで,ようだ,助動詞,*,NIL,4,5
、,、,、,特殊,読点,NIL,4,5
しかし,しかし,しかし,接続詞,*,代表表記:しかし/しかし,4,5
決して,けっして,決して,副詞,*,代表表記:決して/けっして,4,5
あの,あの,あの,指示詞,連体詞形態指示詞,NIL,4,5
犯人,はんにん,犯人,名詞,普通名詞,代表表記:犯人/はんにん ドメイン:政治 カテゴリ:人,4,5
は,は,は,助詞,副助詞,NIL,4,5
探偵,たんてい,探偵,名詞,サ変名詞,代表表記:探偵/たんてい カテゴリ:人,4,5
小説,しょうせつ,小説,名詞,普通名詞,代表表記:小説/しょうせつ ドメイン:文化・芸術 カテゴリ:抽象物,4,5
を,を,を,助詞,格助詞,NIL,4,5
読んで,よんで,読む,動詞,*,代表表記:読む/よむ,4,5
い,い,いる,接尾辞,動詞性接尾辞,代表表記:いる/いる,4,5
ない,ない,ない,接尾辞,形容詞性述語接尾辞,代表表記:ない/ない,4,5
ね,ね,ね,助詞,終助詞,NIL,4,5
。,。,。,特殊,句点,NIL,4,5
探偵,たんてい,探偵,名詞,サ変名詞,代表表記:探偵/たんてい カテゴリ:人,4,6
小説,しょうせつ,小説,名詞,普通名詞,代表表記:小説/しょうせつ ドメイン:文化・芸術 カテゴリ:抽象物,4,6
は,は,は,助詞,副助詞,NIL,4,6
想像,そうぞう,想像,名詞,サ変名詞,代表表記:想像/そうぞう カテゴリ:抽象物 補文ト,4,6
力,ちから,力,名詞,普通名詞,代表表記:力/ちから カテゴリ:抽象物 漢字読み:訓,4,6
を,を,を,助詞,格助詞,NIL,4,6
養う,やしなう,養う,動詞,*,代表表記:養う/やしなう,4,6
の,の,の,名詞,形式名詞,NIL,4,6
に,に,に,助詞,格助詞,NIL,4,6
役立つ,やくだつ,役立つ,動詞,*,代表表記:役立つ/やくだつ 自他動詞:他:役立てる/やくだてる,4,6
よ,よ,よ,助詞,終助詞,NIL,4,6
。,。,。,特殊,句点,NIL,4,6
想像,そうぞう,想像,名詞,サ変名詞,代表表記:想像/そうぞう カテゴリ:抽象物 補文ト,4,7
力,ちから,力,名詞,普通名詞,代表表記:力/ちから カテゴリ:抽象物 漢字読み:訓,4,7
を,を,を,助詞,格助詞,NIL,4,7
もって,もって,もる,動詞,*,代表表記:漏る/もる 自他動詞:他:漏らす/もらす,4,7
い,い,いる,接尾辞,動詞性接尾辞,代表表記:いる/いる,4,7
ない,ない,ない,接尾辞,形容詞性述語接尾辞,代表表記:ない/ない,4,7
と,と,と,助詞,格助詞,NIL,4,7
いう,いう,いう,動詞,*,代表表記:言う/いう 補文ト,4,7
こと,こと,こと,名詞,形式名詞,NIL,4,7
は,は,は,助詞,副助詞,NIL,4,7
恐ろしい,おそろしい,恐ろしい,形容詞,*,代表表記:恐ろしい/おそろしい,4,7
こと,こと,こと,名詞,形式名詞,NIL,4,7
で,で,だ,判定詞,*,NIL,4,7
、,、,、,特殊,読点,NIL,4,7
ああ,ああ,ああ,指示詞,副詞形態指示詞,NIL,4,7
すれば,すれば,する,動詞,*,代表表記:する/する 自他動詞:自:成る/なる 付属動詞候補（基本）,4,7
、,、,、,特殊,読点,NIL,4,7
こう,こう,こう,指示詞,副詞形態指示詞,NIL,4,7
なる,なる,なる,動詞,*,代表表記:成る/なる 自他動詞:他:成す/なす;他:する/する,4,7
と,と,と,助詞,格助詞,NIL,4,7
いう,いう,いう,動詞,*,代表表記:言う/いう 補文ト,4,7
こと,こと,こと,名詞,形式名詞,NIL,4,7
を,を,を,助詞,格助詞,NIL,4,7
知ら,しら,知る,動詞,*,代表表記:知る/しる 自他動詞:自:知れる/しれる 補文ト,4,7
ない,ない,ない,接尾辞,形容詞性述語接尾辞,代表表記:ない/ない,4,7
。,。,。,特殊,句点,NIL,4,7
だから,だから,だから,接続詞,*,代表表記:だから/だから,4,8
どんな,どんな,どんな,指示詞,連体詞形態指示詞,NIL,4,8
兇悪,兇悪,兇悪,名詞,普通名詞,自動獲得:Wiktionary 読み不明,4,8
な,な,だ,判定詞,*,NIL,4,8
犯罪,はんざい,犯罪,名詞,普通名詞,代表表記:犯罪/はんざい ドメイン:政治 カテゴリ:抽象物,4,8
でも,でも,でも,助詞,副助詞,NIL,4,8
やれる,やれる,やれる,動詞,*,代表表記:やれる/やれる 可能動詞:やる/やる 付属動詞候補（タ系）,4,8
。,。,。,特殊,句点,NIL,4,8
少年,しょうねん,少年,名詞,普通名詞,代表表記:少年/しょうねん カテゴリ:人,4,9
犯罪,はんざい,犯罪,名詞,普通名詞,代表表記:犯罪/はんざい ドメイン:政治 カテゴリ:抽象物,4,9
の,の,の,助詞,格助詞,NIL,4,9
多い,おおい,多い,形容詞,*,代表表記:多い/おおい 反義:形容詞:少ない/すくない,4,9
の,の,の,名詞,形式名詞,NIL,4,9
も,も,も,助詞,副助詞,NIL,4,9
、,、,、,特殊,読点,NIL,4,9
少年,しょうねん,少年,名詞,普通名詞,代表表記:少年/しょうねん カテゴリ:人,4,9
たち,たち,たち,接尾辞,名詞性名詞接尾辞,代表表記:達/たち,4,9
が,が,が,助詞,格助詞,NIL,4,9
精神,せいしん,精神,名詞,普通名詞,代表表記:精神/せいしん カテゴリ:抽象物,4,9
的失緊,的失緊,的失緊,未定義語,その他,未知語:漢字 品詞推定:名詞,4,9
状態,じょうたい,状態,名詞,普通名詞,代表表記:状態/じょうたい カテゴリ:抽象物,4,9
に,に,に,助詞,格助詞,NIL,4,9
なって,なって,なる,動詞,*,代表表記:成る/なる 自他動詞:他:成す/なす;他:する/する,4,9
いる,いる,いる,接尾辞,動詞性接尾辞,代表表記:いる/いる,4,9
ため,ため,ため,名詞,副詞的名詞,代表表記:為/ため,4,9
で,で,だ,判定詞,*,NIL,4,9
、,、,、,特殊,読点,NIL,4,9
オシッコ,オシッコ,オシッコ,名詞,普通名詞,自動獲得:Wikipedia Wikipediaリダイレクト:尿,4,9
を,を,を,助詞,格助詞,NIL,4,9
たれ流す,たれながす,たれ流す,動詞,*,代表表記:垂れ流す/たれながす,4,9
の,の,の,名詞,形式名詞,NIL,4,9
と,と,と,助詞,格助詞,NIL,4,9
なんら,なんら,なんら,副詞,*,代表表記:何ら/なんら,4,9
違い,ちがい,違い,名詞,普通名詞,代表表記:違い/ちがいv 反義:形容詞:同じだ/おなじだ 自他動詞:他:違える/ちがえる 連用形名詞化:違う/ちがう 付属動詞候補（基本）,4,9
が,が,が,助詞,格助詞,NIL,4,9
ない,ない,ない,形容詞,*,代表表記:無い/ない 反義:動詞:有る/ある,4,9
。,。,。,特殊,句点,NIL,4,9
本能,ほんのう,本能,名詞,普通名詞,代表表記:本能/ほんのう カテゴリ:抽象物,4,10
の,の,の,助詞,格助詞,NIL,4,10
おもむく,おもむく,おもむく,動詞,*,代表表記:赴く/おもむく,4,10
まま,まま,まま,名詞,副詞的名詞,代表表記:まま/まま,4,10
に,に,に,助詞,格助詞,NIL,4,10
やって,やって,やる,動詞,*,代表表記:やる/やる 付属動詞候補（タ系）,4,10
しまう,しまう,しまう,接尾辞,動詞性接尾辞,代表表記:しまう/しまう,4,10
と,と,と,助詞,格助詞,NIL,4,10
いう,いう,いう,動詞,*,代表表記:言う/いう 補文ト,4,10
状態,じょうたい,状態,名詞,普通名詞,代表表記:状態/じょうたい カテゴリ:抽象物,4,10
な,な,だ,判定詞,*,NIL,4,10
んだ,んだ,んだ,助動詞,*,NIL,4,10
。,。,。,特殊,句点,NIL,4,10
想像,そうぞう,想像,名詞,サ変名詞,代表表記:想像/そうぞう カテゴリ:抽象物 補文ト,4,11
力,ちから,力,名詞,普通名詞,代表表記:力/ちから カテゴリ:抽象物 漢字読み:訓,4,11
を,を,を,助詞,格助詞,NIL,4,11
盛んに,さかんに,盛んだ,形容詞,*,代表表記:盛んだ/さかんだ,4,11
すれば,すれば,する,動詞,*,代表表記:する/する 自他動詞:自:成る/なる 付属動詞候補（基本）,4,11
行為,こうい,行為,名詞,普通名詞,代表表記:行為/こうい カテゴリ:抽象物,4,11
の,の,の,助詞,接続助詞,NIL,4,11
結果,けっか,結果,名詞,副詞的名詞,代表表記:結果/けっか,4,11
に,に,に,助詞,格助詞,NIL,4,11
ついて,ついて,つく,動詞,*,代表表記:付く/つく 自他動詞:他:付ける/つける 補文ト 付属動詞候補（基本）,4,11
考える,かんがえる,考える,動詞,*,代表表記:考える/かんがえる 補文ト,4,11
から,から,から,助詞,接続助詞,NIL,4,11
犯罪,はんざい,犯罪,名詞,普通名詞,代表表記:犯罪/はんざい ドメイン:政治 カテゴリ:抽象物,4,11
予防,よぼう,予防,名詞,サ変名詞,代表表記:予防/よぼう ドメイン:健康・医学 カテゴリ:抽象物,4,11
に,に,に,助詞,格助詞,NIL,4,11
なる,なる,なる,動詞,*,代表表記:成る/なる 自他動詞:他:成す/なす;他:する/する,4,11
と,と,と,助詞,格助詞,NIL,4,11
思う,おもう,思う,動詞,*,代表表記:思う/おもう 補文ト,4,11
ね,ね,ね,助詞,終助詞,NIL,4,11
。,。,。,特殊,句点,NIL,4,11
江戸,江戸,江戸,名詞,地名,代表表記:江戸/江戸 地名:日本 DEV:prefix1,4,12
川,かわ,川,名詞,普通名詞,代表表記:川/かわ カテゴリ:場所-自然 漢字読み:訓 地名末尾,4,12
むかし,むかし,むかし,名詞,時相名詞,代表表記:昔/むかし カテゴリ:時間 漢字読み:訓,4,12
は,は,は,助詞,副助詞,NIL,4,12
ちょっとした,ちょっとした,ちょっとした,連体詞,*,代表表記:ちょっとした/ちょっとした,4,12
手,て,手,名詞,普通名詞,代表表記:手/て カテゴリ:動物-部位;抽象物 漢字読み:訓 〜を〜に構成語,4,12
の,の,の,助詞,格助詞,NIL,4,12
こんだ,こんだ,こむ,動詞,*,代表表記:込む/こむ 反義:動詞:空く/すく 付属動詞候補（基本）,4,12
犯罪,はんざい,犯罪,名詞,普通名詞,代表表記:犯罪/はんざい ドメイン:政治 カテゴリ:抽象物,4,12
が,が,が,助詞,格助詞,NIL,4,12
ある,ある,ある,動詞,*,代表表記:有る/ある 反義:形容詞:無い/ない 補文ト,4,12
と,と,と,助詞,格助詞,NIL,4,12
、,、,、,特殊,読点,NIL,4,12
犯人,はんにん,犯人,名詞,普通名詞,代表表記:犯人/はんにん ドメイン:政治 カテゴリ:人,4,12
は,は,は,助詞,副助詞,NIL,4,12
探偵,たんてい,探偵,名詞,サ変名詞,代表表記:探偵/たんてい カテゴリ:人,4,12
小説,しょうせつ,小説,名詞,普通名詞,代表表記:小説/しょうせつ ドメイン:文化・芸術 カテゴリ:抽象物,4,12
の,の,の,助詞,接続助詞,NIL,4,12
愛読,あいどく,愛読,名詞,サ変名詞,代表表記:愛読/あいどく ドメイン:レクリエーション カテゴリ:抽象物,4,12
者,しゃ,者,接尾辞,名詞性名詞接尾辞,代表表記:者/しゃ カテゴリ:人 内容語,4,12
に,に,に,助詞,格助詞,NIL,4,12
して,して,する,動詞,*,代表表記:する/する 自他動詞:自:成る/なる 付属動詞候補（基本）,4,12
しまったり,しまったり,しまう,接尾辞,動詞性接尾辞,代表表記:しまう/しまう,4,12
した,した,する,接尾辞,動詞性接尾辞,代表表記:する/する,4,12
もの,もの,もの,名詞,形式名詞,NIL,4,12
だ,だ,だ,判定詞,*,NIL,4,12
ね,ね,ね,助詞,終助詞,NIL,4,12
。,。,。,特殊,句点,NIL,4,12
ところで,ところで,ところで,接続詞,*,代表表記:ところで/ところで,4,13
あなた,あなた,あなた,名詞,普通名詞,代表表記:あなた/あなた カテゴリ:人,4,13
の,の,の,助詞,接続助詞,NIL,4,13
奥さん,おくさん,奥さん,名詞,普通名詞,代表表記:奥さん/おくさん ドメイン:家庭・暮らし カテゴリ:人,4,13
は,は,は,助詞,副助詞,NIL,4,13
、,、,、,特殊,読点,NIL,4,13
あなた,あなた,あなた,名詞,普通名詞,代表表記:あなた/あなた カテゴリ:人,4,13
の,の,の,助詞,接続助詞,NIL,4,13
作品,さくひん,作品,名詞,普通名詞,代表表記:作品/さくひん ドメイン:文化・芸術 カテゴリ:抽象物,4,13
を,を,を,助詞,格助詞,NIL,4,13
読んで,よんで,読む,動詞,*,代表表記:読む/よむ,4,13
いる,いる,いる,接尾辞,動詞性接尾辞,代表表記:いる/いる,4,13
？,？,？,特殊,記号,NIL,4,13
。,。,。,特殊,句点,NIL,4,13
野村,のむら,野村,名詞,人名,人名:日本:姓:46:0.00282,4,14
それ,それ,それ,指示詞,名詞形態指示詞,NIL,4,14
が,が,が,助詞,格助詞,NIL,4,14
また,また,また,助詞,接続助詞,NIL,4,14
どうして,どうして,どうして,指示詞,副詞形態指示詞,NIL,4,14
女房,にょうぼう,女房,名詞,普通名詞,代表表記:女房/にょうぼう ドメイン:家庭・暮らし カテゴリ:人,4,14
と,と,と,助詞,格助詞,NIL,4,14
いう,いう,いう,動詞,*,代表表記:言う/いう 補文ト,4,14
もの,もの,もの,名詞,形式名詞,NIL,4,14
は,は,は,助詞,副助詞,NIL,4,14
こんなに,こんなに,こんなに,指示詞,副詞形態指示詞,NIL,4,14
も,も,も,助詞,副助詞,NIL,4,14
亭主,ていしゅ,亭主,名詞,普通名詞,代表表記:亭主/ていしゅ ドメイン:家庭・暮らし カテゴリ:人,4,14
の,の,の,助詞,接続助詞,NIL,4,14
もの,もの,もの,名詞,形式名詞,NIL,4,14
を,を,を,助詞,格助詞,NIL,4,14
読ま,よま,読む,動詞,*,代表表記:読む/よむ,4,14
ない,ない,ない,接尾辞,形容詞性述語接尾辞,代表表記:ない/ない,4,14
んだ,んだ,んだ,助動詞,*,NIL,4,14
、,、,、,特殊,読点,NIL,4,14
と,と,と,助詞,格助詞,NIL,4,14
いつか,いつか,いつか,副詞,*,代表表記:何時か/いつか,4,14
話,はなし,話,名詞,サ変名詞,代表表記:話/はなし カテゴリ:抽象物 動詞派生:話す/はなす 漢字読み:訓,4,14
合った,あった,合う,動詞,*,代表表記:合う/あう 反義:動詞:離れる/はなれる 自他動詞:他:合わす/あわす 付属動詞候補（基本）,4,14
こと,こと,こと,名詞,形式名詞,NIL,4,14
が,が,が,助詞,格助詞,NIL,4,14
ある,ある,ある,動詞,*,代表表記:有る/ある 反義:形容詞:無い/ない 補文ト,4,14
んだ,んだ,んだ,助動詞,*,NIL,4,14
が,が,が,助詞,接続助詞,NIL,4,14
、,、,、,特殊,読点,NIL,4,14
うち,うち,うち,名詞,普通名詞,代表表記:内/うち カテゴリ:場所-機能;抽象物 漢字読み:訓,4,14
の,の,の,助詞,接続助詞,NIL,4,14
女房,にょうぼう,女房,名詞,普通名詞,代表表記:女房/にょうぼう ドメイン:家庭・暮らし カテゴリ:人,4,14
は,は,は,助詞,副助詞,NIL,4,14
まるで,まるで,まるで,副詞,*,代表表記:まるで/まるで,4,14
読ま,よま,読む,動詞,*,代表表記:読む/よむ,4,14
ない,ない,ない,接尾辞,形容詞性述語接尾辞,代表表記:ない/ない,4,14
ね,ね,ね,助詞,終助詞,NIL,4,14
。,。,。,特殊,句点,NIL,4,14
もっとも,もっとも,もっとも,副詞,*,代表表記:最も/もっとも 用言弱修飾,4,15
子供,こども,子供,名詞,普通名詞,代表表記:子供/こども カテゴリ:人,4,15
は,は,は,助詞,副助詞,NIL,4,15
熱心な,ねっしんな,熱心だ,形容詞,*,代表表記:熱心だ/ねっしんだ,4,15
愛読,あいどく,愛読,名詞,サ変名詞,代表表記:愛読/あいどく ドメイン:レクリエーション カテゴリ:抽象物,4,15
者,しゃ,者,接尾辞,名詞性名詞接尾辞,代表表記:者/しゃ カテゴリ:人 内容語,4,15
で,で,だ,判定詞,*,NIL,4,15
ね,ね,ね,助詞,終助詞,NIL,4,15
。,。,。,特殊,句点,NIL,4,15
女房,にょうぼう,女房,名詞,普通名詞,代表表記:女房/にょうぼう ドメイン:家庭・暮らし カテゴリ:人,4,16
と,と,と,助詞,格助詞,NIL,4,16
いう,いう,いう,動詞,*,代表表記:言う/いう 補文ト,4,16
もの,もの,もの,名詞,形式名詞,NIL,4,16
は,は,は,助詞,副助詞,NIL,4,16
、,、,、,特殊,読点,NIL,4,16
亭主,ていしゅ,亭主,名詞,普通名詞,代表表記:亭主/ていしゅ ドメイン:家庭・暮らし カテゴリ:人,4,16
を,を,を,助詞,格助詞,NIL,4,16
一,いち,一,名詞,数詞,カテゴリ:数量,4,16
から,から,から,助詞,格助詞,NIL,4,16
十,じゅう,十,名詞,数詞,カテゴリ:数量,4,16
まで,まで,まで,助詞,格助詞,NIL,4,16
知り,しり,知る,動詞,*,代表表記:知る/しる 自他動詞:自:知れる/しれる 補文ト,4,16
すぎて,すぎて,すぎる,接尾辞,動詞性接尾辞,代表表記:過ぎる/すぎる,4,16
いる,いる,いる,接尾辞,動詞性接尾辞,代表表記:いる/いる,4,16
から,から,から,助詞,接続助詞,NIL,4,16
、,、,、,特殊,読点,NIL,4,16
その,その,その,指示詞,連体詞形態指示詞,NIL,4,16
書く,かく,書く,動詞,*,代表表記:書く/かく 補文ト,4,16
もの,もの,もの,名詞,形式名詞,NIL,4,16
に,に,に,助詞,格助詞,NIL,4,16
も,も,も,助詞,副助詞,NIL,4,16
興味,きょうみ,興味,名詞,普通名詞,代表表記:興味/きょうみ カテゴリ:抽象物,4,16
を,を,を,助詞,格助詞,NIL,4,16
持た,もた,持つ,動詞,*,代表表記:持つ/もつ,4,16
ん,ん,ぬ,助動詞,*,NIL,4,16
のじゃ,のじゃ,のだ,助動詞,*,NIL,4,16
ない,ない,ない,接尾辞,形容詞性述語接尾辞,代表表記:ない/ない,4,16
か,か,か,助詞,接続助詞,NIL,4,16
ね,ね,ね,助詞,終助詞,NIL,4,16
。,。,。,特殊,句点,NIL,4,16
江戸川,えどがわ,江戸川,名詞,人名,自動獲得:Wikipedia Wikipedia人名 Wikipedia多義 Wikipedia姓,4,17
亭主,ていしゅ,亭主,名詞,普通名詞,代表表記:亭主/ていしゅ ドメイン:家庭・暮らし カテゴリ:人,4,17
が,が,が,助詞,格助詞,NIL,4,17
道楽,どうらく,道楽,名詞,サ変名詞,代表表記:道楽/どうらく カテゴリ:抽象物,4,17
を,を,を,助詞,格助詞,NIL,4,17
はじめる,はじめる,はじめる,動詞,*,代表表記:始める/はじめる 反義:動詞:終える/おえる 自他動詞:自:始まる/はじまる 付属動詞候補（基本）,4,17
と,と,と,助詞,格助詞,NIL,4,17
、,、,、,特殊,読点,NIL,4,17
こんど,こんど,こんど,名詞,時相名詞,代表表記:今度/こんど カテゴリ:時間,4,17
は,は,は,助詞,副助詞,NIL,4,17
読む,よむ,読む,動詞,*,代表表記:読む/よむ,4,17
。,。,。,特殊,句点,NIL,4,17
作品,さくひん,作品,名詞,普通名詞,代表表記:作品/さくひん ドメイン:文化・芸術 カテゴリ:抽象物,4,18
のどっかに,のどかに,のどかだ,形容詞,*,代表表記:のどかだ/のどかだ 非標準表記:DH,4,18
現われて,あらわれて,現われる,動詞,*,代表表記:現れる/あらわれる 反義:動詞:隠れる/かくれる 自他動詞:他:現す/あらわす,4,18
いやし,いやし,いやす,動詞,*,代表表記:癒す/いやす ドメイン:健康・医学 自他動詞:自:癒える/いえる,4,18
ない,ない,ない,接尾辞,形容詞性述語接尾辞,代表表記:ない/ない,4,18
か,か,か,助詞,接続助詞,NIL,4,18
と,と,と,助詞,格助詞,NIL,4,18
隅,すみ,隅,名詞,普通名詞,代表表記:隅/すみ カテゴリ:場所-機能 漢字読み:訓,4,18
から,から,から,助詞,格助詞,NIL,4,18
隅,すみ,隅,名詞,普通名詞,代表表記:隅/すみ カテゴリ:場所-機能 漢字読み:訓,4,18
まで,まで,まで,助詞,格助詞,NIL,4,18
……,……,……,特殊,記号,NIL,4,18
。,。,。,特殊,句点,NIL,4,18
野村,のむら,野村,名詞,人名,人名:日本:姓:46:0.00282,4,19
道楽,どうらく,道楽,名詞,サ変名詞,代表表記:道楽/どうらく カテゴリ:抽象物,4,19
は,は,は,助詞,副助詞,NIL,4,19
し,し,する,動詞,*,代表表記:する/する 自他動詞:自:成る/なる 付属動詞候補（基本）,4,19
ない,ない,ない,接尾辞,形容詞性述語接尾辞,代表表記:ない/ない,4,19
ね,ね,ね,助詞,終助詞,NIL,4,19
。,。,。,特殊,句点,NIL,4,19
およそ,およそ,およそ,副詞,*,代表表記:凡そ/およそ 数量修飾 相対名詞修飾,4,20
探偵,たんてい,探偵,名詞,サ変名詞,代表表記:探偵/たんてい カテゴリ:人,4,20
作家,さっか,作家,名詞,普通名詞,代表表記:作家/さっか ドメイン:文化・芸術 カテゴリ:人,4,20
と,と,と,助詞,格助詞,NIL,4,20
いう,いう,いう,動詞,*,代表表記:言う/いう 補文ト,4,20
もの,もの,もの,名詞,形式名詞,NIL,4,20
は,は,は,助詞,副助詞,NIL,4,20
……,……,……,特殊,記号,NIL,4,20
（,（,（,特殊,括弧始,NIL,4,20
記者,きしゃ,記者,名詞,普通名詞,代表表記:記者/きしゃ ドメイン:メディア カテゴリ:人 人名末尾,4,20
に,に,に,助詞,格助詞,NIL,4,20
向って,向って,向う,動詞,*,代表表記:向う/向う 自動獲得:テキスト,4,20
）,）,）,特殊,括弧終,NIL,4,20
これ,これ,これ,指示詞,名詞形態指示詞,NIL,4,20
は,は,は,助詞,副助詞,NIL,4,20
特筆,とくひつ,特筆,名詞,サ変名詞,代表表記:特筆/とくひつ カテゴリ:抽象物,4,20
大,だい,大,接頭辞,名詞接頭辞,代表表記:大/だい 反義:接頭辞-名詞接頭辞:小/しょう 内容語 換言:+N:Nが大きい,4,20
書,しょ,書,名詞,普通名詞,代表表記:書/しょ カテゴリ:抽象物 漢字読み:音,4,20
して,して,する,動詞,*,代表表記:する/する 自他動詞:自:成る/なる 付属動詞候補（基本）,4,20
もらい,もらい,もらう,接尾辞,動詞性接尾辞,代表表記:もらう/もらう,4,20
たい,たい,たい,接尾辞,形容詞性述語接尾辞,代表表記:たい/たい,4,20
な,な,な,助詞,終助詞,NIL,4,20
江戸川,えどがわ,江戸川,名詞,人名,自動獲得:Wikipedia Wikipedia人名 Wikipedia多義 Wikipedia姓,4,20
さん,さん,さん,接尾辞,名詞性名詞接尾辞,代表表記:さん/さん,4,20
しかり,しかり,しかる,動詞,*,代表表記:叱る/しかる,4,20
、,、,、,特殊,読点,NIL,4,20
大下,おおした,大下,名詞,人名,人名:日本:姓:1131:0.00018,4,20
宇陀児,宇陀児,宇陀児,名詞,人名,自動獲得:Wikipedia 読み不明 Wikipedia人名 Wikipedia名,4,20
君,くん,君,接尾辞,名詞性名詞接尾辞,代表表記:君/くん,4,20
しかり,しかり,しかり,感動詞,*,代表表記:然り/しかり,4,20
。,。,。,特殊,句点,NIL,4,20
みんな,みんな,みんな,副詞,*,代表表記:皆/みんな 修飾（デ格）,4,21
女学校,じょがっこう,女学校,名詞,普通名詞,代表表記:女学校/じょがっこう ドメイン:教育・学習 カテゴリ:場所-施設,4,21
の,の,の,助詞,接続助詞,NIL,4,21
校長,こうちょう,校長,名詞,普通名詞,代表表記:校長/こうちょう ドメイン:教育・学習 カテゴリ:人 人名末尾,4,21
に,に,に,助詞,格助詞,NIL,4,21
して,して,する,動詞,*,代表表記:する/する 自他動詞:自:成る/なる 付属動詞候補（基本）,4,21
も,も,も,助詞,副助詞,NIL,4,21
いい,いい,いい,形容詞,*,代表表記:良い/よい 反義:形容詞:悪い/わるい,4,21
人,じん,人,名詞,普通名詞,代表表記:人/じん カテゴリ:人 漢字読み:音,4,21
たち,たち,たち,接尾辞,名詞性名詞接尾辞,代表表記:達/たち,4,21
ばかり,ばかり,ばかり,助詞,副助詞,NIL,4,21
だ,だ,だ,判定詞,*,NIL,4,21
。,。,。,特殊,句点,NIL,4,21
エロ,えろ,エロ,名詞,普通名詞,代表表記:エロ/えろ 自動獲得:テキスト 副詞識別,4,22
っぽい,っぽい,っぽい,接尾辞,形容詞性名詞接尾辞,代表表記:っぽい/っぽい,4,22
絵,え,絵,名詞,普通名詞,代表表記:絵/え カテゴリ:人工物-その他;抽象物 漢字読み:音,4,22
を,を,を,助詞,格助詞,NIL,4,22
描いた,えがいた,描く,動詞,*,代表表記:描く/えがく ドメイン:文化・芸術,4,22
歌麿,歌麿,歌麿,名詞,普通名詞,自動獲得:Wikipedia 読み不明 Wikipedia上位語:日本映画 Wikipediaリダイレクト:喜多川歌麿,4,22
が,が,が,助詞,格助詞,NIL,4,22
ガマガエル,ガマガエル,ガマガエル,名詞,普通名詞,自動獲得:Wikipedia Wikipediaリダイレクト:ニホンヒキガエル,4,22
みたいな,みたいな,みたいだ,助動詞,*,NIL,4,22
男,おとこ,男,名詞,普通名詞,代表表記:男/おとこ カテゴリ:人 漢字読み:訓,4,22
だった,だった,だ,判定詞,*,NIL,4,22
そうで,そうで,そうだ,助動詞,*,NIL,4,22
、,、,、,特殊,読点,NIL,4,22
男,おとこ,男,名詞,普通名詞,代表表記:男/おとこ カテゴリ:人 漢字読み:訓,4,22
っぷり,っぷり,っぷり,接尾辞,名詞性述語接尾辞,代表表記:っぷり/っぷり,4,22
の,の,の,助詞,格助詞,NIL,4,22
いい,いい,いい,形容詞,*,代表表記:良い/よい 反義:形容詞:悪い/わるい,4,22
の,の,の,名詞,形式名詞,NIL,4,22
に,に,に,助詞,格助詞,NIL,4,22
は,は,は,助詞,副助詞,NIL,4,22
色っぽい,いろっぽい,色っぽい,形容詞,*,代表表記:色っぽい/いろっぽい,4,22
小説,しょうせつ,小説,名詞,普通名詞,代表表記:小説/しょうせつ ドメイン:文化・芸術 カテゴリ:抽象物,4,22
が,が,が,助詞,格助詞,NIL,4,22
書け,かけ,書ける,動詞,*,代表表記:書ける/かける 可能動詞:書く/かく 補文ト,4,22
ない,ない,ない,接尾辞,形容詞性述語接尾辞,代表表記:ない/ない,4,22
の,の,の,名詞,形式名詞,NIL,4,22
と,と,と,助詞,格助詞,NIL,4,22
同然,どうぜん,同然だ,形容詞,*,代表表記:同然だ/どうぜんだ,4,22
、,、,、,特殊,読点,NIL,4,22
奇々怪々,奇々怪々,奇々怪々,名詞,普通名詞,自動獲得:Wikipedia Wikipediaページ内一覧:クレージーメキシコ大作戦 読み不明 Wikipedia上位語:谷啓主演作品,4,22
な,な,だ,判定詞,*,NIL,4,22
作品,さくひん,作品,名詞,普通名詞,代表表記:作品/さくひん ドメイン:文化・芸術 カテゴリ:抽象物,4,22
を,を,を,助詞,格助詞,NIL,4,22
書く,かく,書く,動詞,*,代表表記:書く/かく 補文ト,4,22
人,じん,人,名詞,普通名詞,代表表記:人/じん カテゴリ:人 漢字読み:音,4,22
は,は,は,助詞,副助詞,NIL,4,22
みんな,みんな,みんな,副詞,*,代表表記:皆/みんな 修飾（デ格）,4,22
善良な,ぜんりょうな,善良だ,形容詞,*,代表表記:善良だ/ぜんりょうだ,4,22
男らしい,おとこらしい,男らしい,形容詞,*,代表表記:男らしい/おとこらしい 名詞派生:男/おとこ,4,22
。,。,。,特殊,句点,NIL,4,22
江戸川,えどがわ,江戸川,名詞,人名,自動獲得:Wikipedia Wikipedia人名 Wikipedia多義 Wikipedia姓,4,23
怪奇な,かいきな,怪奇だ,形容詞,*,代表表記:怪奇だ/かいきだ,4,23
もの,もの,もの,名詞,形式名詞,NIL,4,23
を,を,を,助詞,格助詞,NIL,4,23
書く,かく,書く,動詞,*,代表表記:書く/かく 補文ト,4,23
ぼく,ぼく,ぼく,名詞,普通名詞,代表表記:僕/ぼく カテゴリ:人 漢字読み:音,4,23
は,は,は,助詞,副助詞,NIL,4,23
いい,いい,いい,形容詞,*,代表表記:良い/よい 反義:形容詞:悪い/わるい,4,23
男,おとこ,男,名詞,普通名詞,代表表記:男/おとこ カテゴリ:人 漢字読み:訓,4,23
と,と,と,助詞,格助詞,NIL,4,23
いう,いう,いう,動詞,*,代表表記:言う/いう 補文ト,4,23
こと,こと,こと,名詞,形式名詞,NIL,4,23
に,に,に,助詞,格助詞,NIL,4,23
なる,なる,なる,動詞,*,代表表記:成る/なる 自他動詞:他:成す/なす;他:する/する,4,23
か,か,か,助詞,接続助詞,NIL,4,23
な,な,な,助詞,終助詞,NIL,4,23
？,？,？,特殊,記号,NIL,4,23
ハッハッハ,ハハハ,ハハハ,名詞,普通名詞,自動獲得:Wikipedia Wikipediaページ内一覧:キム・サンギョン 非標準表記:DH,4,23
。,。,。,特殊,句点,NIL,4,23
レコード,れこーど,レコード,名詞,普通名詞,代表表記:レコード/れこーど ドメイン:文化・芸術 カテゴリ:抽象物,4,24
道楽,どうらく,道楽,名詞,サ変名詞,代表表記:道楽/どうらく カテゴリ:抽象物,4,24
の,の,の,助詞,接続助詞,NIL,4,24
方,かた,方,名詞,普通名詞,代表表記:方/かた カテゴリ:抽象物 漢字読み:訓,4,24
は,は,は,助詞,副助詞,NIL,4,24
どう,どう,どう,指示詞,副詞形態指示詞,NIL,4,24
なって,なって,なる,動詞,*,代表表記:成る/なる 自他動詞:他:成す/なす;他:する/する,4,24
いる,いる,いる,接尾辞,動詞性接尾辞,代表表記:いる/いる,4,24
？,？,？,特殊,記号,NIL,4,24
（,（,（,特殊,括弧始,NIL,4,24
野村,のむら,野村,名詞,人名,人名:日本:姓:46:0.00282,4,24
氏,し,氏,接尾辞,名詞性名詞接尾辞,代表表記:氏/し,4,24
は,は,は,助詞,副助詞,NIL,4,24
「,「,「,特殊,括弧始,NIL,4,24
あら,あら,あら,名詞,普通名詞,代表表記:粗/あら カテゴリ:人工物-その他;抽象物,4,24
えびす,えびす,えびす,名詞,固有名詞,代表表記:恵比須/えびす,4,24
」,」,」,特殊,括弧終,NIL,4,24
の,の,の,助詞,接続助詞,NIL,4,24
別名,べつめい,別名,名詞,普通名詞,代表表記:別名/べつめい カテゴリ:抽象物,4,24
で,で,で,助詞,格助詞,NIL,4,24
レコード,れこーど,レコード,名詞,普通名詞,代表表記:レコード/れこーど ドメイン:文化・芸術 カテゴリ:抽象物,4,24
音楽,おんがく,音楽,名詞,普通名詞,代表表記:音楽/おんがく ドメイン:文化・芸術 カテゴリ:抽象物,4,24
に,に,に,助詞,格助詞,NIL,4,24
ついて,ついて,つく,動詞,*,代表表記:付く/つく 自他動詞:他:付ける/つける 補文ト 付属動詞候補（基本）,4,24
書いて,かいて,書く,動詞,*,代表表記:書く/かく 補文ト,4,24
いる,いる,いる,接尾辞,動詞性接尾辞,代表表記:いる/いる,4,24
。,。,。,特殊,句点,NIL,4,24
日本,にほん,日本,名詞,地名,代表表記:日本/にほん 地名:国,4,25
有数,ゆうすう,有数,名詞,普通名詞,代表表記:有数/ゆうすう カテゴリ:抽象物,4,25
の,の,の,助詞,接続助詞,NIL,4,25
権威,けんい,権威,名詞,普通名詞,代表表記:権威/けんい カテゴリ:抽象物,4,25
者,しゃ,者,接尾辞,名詞性名詞接尾辞,代表表記:者/しゃ カテゴリ:人 内容語,4,25
である,である,だ,判定詞,*,NIL,4,25
）,）,）,特殊,括弧終,NIL,4,25
。,。,。,特殊,句点,NIL,4,25
英訳,えいやく,英訳,名詞,サ変名詞,代表表記:英訳/えいやく カテゴリ:抽象物,5,0
出来,でき,出来る,動詞,*,代表表記:出来る/できる,5,0
なかった,なかった,ない,接尾辞,形容詞性述語接尾辞,代表表記:ない/ない,5,0
平次,平次,平次,名詞,人名,自動獲得:Wikipedia 読み不明 Wikipedia人名 Wikipedia名,5,0
捕物控,捕物控,捕物控,名詞,普通名詞,自動獲得:Wikipedia Wikipediaページ内一覧:大塚周夫 読み不明,5,0
。,。,。,特殊,句点,NIL,5,0
野村,のむら,野村,名詞,人名,人名:日本:姓:46:0.00282,5,1
蒐集,蒐集,蒐集,名詞,普通名詞,自動獲得:Wikipedia 読み不明 Wikipediaリダイレクト:コレクション,5,1
した,した,する,動詞,*,代表表記:する/する 自他動詞:自:成る/なる 付属動詞候補（基本）,5,1
レコード,れこーど,レコード,名詞,普通名詞,代表表記:レコード/れこーど ドメイン:文化・芸術 カテゴリ:抽象物,5,1
を,を,を,助詞,格助詞,NIL,5,1
保存,ほぞん,保存,名詞,サ変名詞,代表表記:保存/ほぞん カテゴリ:抽象物,5,1
する,する,する,動詞,*,代表表記:する/する 自他動詞:自:成る/なる 付属動詞候補（基本）,5,1
の,の,の,名詞,形式名詞,NIL,5,1
に,に,に,助詞,格助詞,NIL,5,1
鉄筋,てっきん,鉄筋,名詞,普通名詞,代表表記:鉄筋/てっきん カテゴリ:人工物-その他,5,1
コンクリート,こんくりーと,コンクリート,名詞,普通名詞,代表表記:コンクリート/こんくりーと カテゴリ:人工物-その他,5,1
の,の,の,助詞,接続助詞,NIL,5,1
倉庫,そうこ,倉庫,名詞,普通名詞,代表表記:倉庫/そうこ カテゴリ:場所-施設,5,1
でも,でも,でも,助詞,副助詞,NIL,5,1
建て,たて,建てる,動詞,*,代表表記:建てる/たてる 可能動詞:建つ/たつ,5,1
たい,たい,たい,接尾辞,形容詞性述語接尾辞,代表表記:たい/たい,5,1
と,と,と,助詞,格助詞,NIL,5,1
思って,おもって,思う,動詞,*,代表表記:思う/おもう 補文ト,5,1
いる,いる,いる,接尾辞,動詞性接尾辞,代表表記:いる/いる,5,1
んだ,んだ,んだ,助動詞,*,NIL,5,1
が,が,が,助詞,格助詞,NIL,5,1
……,……,……,特殊,記号,NIL,5,1
。,。,。,特殊,句点,NIL,5,1
毎年,まいとし,毎年,名詞,時相名詞,代表表記:毎年/まいとし カテゴリ:時間,5,2
一ぺん,いっぺん,一ぺん,名詞,サ変名詞,代表表記:一変/いっぺん カテゴリ:抽象物,5,2
は,は,は,助詞,副助詞,NIL,5,2
手,て,手,名詞,普通名詞,代表表記:手/て カテゴリ:動物-部位;抽象物 漢字読み:訓 〜を〜に構成語,5,2
いれ,いれ,いれ,名詞,普通名詞,代表表記:入れ/いれv 反義:動詞:出す/だす 自他動詞:自:入る/はいる 連用形名詞化:入れる/いれる,5,2
を,を,を,助詞,格助詞,NIL,5,2
し,し,する,動詞,*,代表表記:する/する 自他動詞:自:成る/なる 付属動詞候補（基本）,5,2
ない,ない,ない,接尾辞,形容詞性述語接尾辞,代表表記:ない/ない,5,2
と,と,と,助詞,格助詞,NIL,5,2
レコード,れこーど,レコード,名詞,普通名詞,代表表記:レコード/れこーど ドメイン:文化・芸術 カテゴリ:抽象物,5,2
は,は,は,助詞,副助詞,NIL,5,2
傷む,いたむ,傷む,動詞,*,代表表記:痛む/いたむ ドメイン:健康・医学 自他動詞:他:痛める/いためる 形容詞派生:痛い/いたい,5,2
し,し,し,助詞,接続助詞,NIL,5,2
、,、,、,特殊,読点,NIL,5,2
手,て,手,名詞,普通名詞,代表表記:手/て カテゴリ:動物-部位;抽象物 漢字読み:訓 〜を〜に構成語,5,2
いれ,いれ,いれ,名詞,普通名詞,代表表記:入れ/いれv 反義:動詞:出す/だす 自他動詞:自:入る/はいる 連用形名詞化:入れる/いれる,5,2
を,を,を,助詞,格助詞,NIL,5,2
する,する,する,動詞,*,代表表記:する/する 自他動詞:自:成る/なる 付属動詞候補（基本）,5,2
と,と,と,助詞,格助詞,NIL,5,2
なる,なる,なる,動詞,*,代表表記:成る/なる 自他動詞:他:成す/なす;他:する/する,5,2
と,と,と,助詞,接続助詞,NIL,5,2
半日,はんにち,半日,名詞,時相名詞,代表表記:半日/はんにち カテゴリ:時間 弱時相名詞,5,2
ずつ,ずつ,ずつ,接尾辞,名詞性名詞接尾辞,代表表記:ずつ/ずつ,5,2
仕事,しごと,仕事,名詞,サ変名詞,代表表記:仕事/しごと ドメイン:家庭・暮らし;ビジネス カテゴリ:抽象物,5,2
を,を,を,助詞,格助詞,NIL,5,2
する,する,する,動詞,*,代表表記:する/する 自他動詞:自:成る/なる 付属動詞候補（基本）,5,2
と,と,と,助詞,格助詞,NIL,5,2
して,して,する,動詞,*,代表表記:する/する 自他動詞:自:成る/なる 付属動詞候補（基本）,5,2
、,、,、,特殊,読点,NIL,5,2
五,ご,五,名詞,数詞,カテゴリ:数量,5,2
人,にん,人,接尾辞,名詞性名詞助数辞,代表表記:人/にん カテゴリ:人 準内容語,5,2
で,で,で,助詞,格助詞,NIL,5,2
半年,はんとし,半年,名詞,時相名詞,代表表記:半年/はんとし カテゴリ:時間 弱時相名詞,5,2
かかる,かかる,かかる,動詞,*,代表表記:係る/かかる 名詞派生:係/かかり,5,2
。,。,。,特殊,句点,NIL,5,2
あなた,あなた,あなた,名詞,普通名詞,代表表記:あなた/あなた カテゴリ:人,5,3
の,の,の,助詞,接続助詞,NIL,5,3
徳川,徳川,徳川,名詞,普通名詞,自動獲得:テキスト 意味分類:人:0.667;人名:0.333,5,3
時代,じだい,時代,名詞,時相名詞,代表表記:時代/じだい カテゴリ:時間 弱時相名詞,5,3
の,の,の,助詞,接続助詞,NIL,5,3
軟派,なんぱ,軟派,名詞,サ変名詞,代表表記:軟派/なんぱ カテゴリ:抽象物,5,3
もの,もの,もの,名詞,普通名詞,代表表記:物/もの カテゴリ:人工物-その他 漢字読み:訓,5,3
の,の,の,助詞,接続助詞,NIL,5,3
蒐集,蒐集,蒐集,名詞,普通名詞,自動獲得:Wikipedia 読み不明 Wikipediaリダイレクト:コレクション,5,3
だって,だって,だって,助詞,副助詞,NIL,5,3
たいした,たいした,たいする,動詞,*,代表表記:対する/たいする,5,3
もの,もの,もの,名詞,形式名詞,NIL,5,3
だ,だ,だ,判定詞,*,NIL,5,3
よ,よ,よ,助詞,終助詞,NIL,5,3
。,。,。,特殊,句点,NIL,5,3
西鶴,西鶴,西鶴,名詞,普通名詞,自動獲得:Wikipedia 読み不明 Wikipediaリダイレクト:井原西鶴,5,4
の,の,の,助詞,接続助詞,NIL,5,4
オリジナル,おりじなる,オリジナルだ,形容詞,*,代表表記:オリジナルだ/おりじなるだ,5,4
を,を,を,助詞,格助詞,NIL,5,4
そろえて,そろえて,そろえる,動詞,*,代表表記:揃える/そろえる 可能動詞:揃う/そろう,5,4
持って,もって,持つ,動詞,*,代表表記:持つ/もつ,5,4
いる,いる,いる,接尾辞,動詞性接尾辞,代表表記:いる/いる,5,4
人,じん,人,名詞,普通名詞,代表表記:人/じん カテゴリ:人 漢字読み:音,5,4
って,って,って,助詞,副助詞,NIL,5,4
い,い,いる,動詞,*,代表表記:射る/いる,5,4
ない,ない,ない,接尾辞,形容詞性述語接尾辞,代表表記:ない/ない,5,4
よ,よ,よ,助詞,終助詞,NIL,5,4
。,。,。,特殊,句点,NIL,5,4
江戸川,えどがわ,江戸川,名詞,人名,自動獲得:Wikipedia Wikipedia人名 Wikipedia多義 Wikipedia姓,5,5
ああいう,ああいう,ああいう,指示詞,連体詞形態指示詞,NIL,5,5
蒐集,蒐集,蒐集,名詞,普通名詞,自動獲得:Wikipedia 読み不明 Wikipediaリダイレクト:コレクション,5,5
は,は,は,助詞,副助詞,NIL,5,5
案外,あんがい,案外,副詞,*,代表表記:案外/あんがい,5,5
金,かね,金,名詞,普通名詞,代表表記:金/かね カテゴリ:人工物-金銭 漢字読み:訓,5,5
が,が,が,助詞,格助詞,NIL,5,5
かから,かから,かかる,動詞,*,代表表記:係る/かかる 名詞派生:係/かかり,5,5
んで,んで,んだ,助動詞,*,NIL,5,5
ね,ね,ね,助詞,終助詞,NIL,5,5
。,。,。,特殊,句点,NIL,5,5
今,いま,今,名詞,時相名詞,代表表記:今/いま カテゴリ:時間 漢字読み:訓,5,6
は,は,は,助詞,副助詞,NIL,5,6
国産,こくさん,国産,名詞,普通名詞,代表表記:国産/こくさん カテゴリ:人工物-その他;抽象物 反義:名詞-サ変名詞:舶来/はくらい,5,6
的な,てきな,的だ,接尾辞,形容詞性名詞接尾辞,代表表記:的だ/てきだ カテゴリ:抽象物 準内容語,5,6
もの,もの,もの,名詞,形式名詞,NIL,5,6
は,は,は,助詞,副助詞,NIL,5,6
安い,やすい,安い,形容詞,*,代表表記:安い/やすい 反義:形容詞:高い/たかい,5,6
。,。,。,特殊,句点,NIL,5,6
野村,のむら,野村,名詞,人名,人名:日本:姓:46:0.00282,5,7
コレクション,これくしょん,コレクション,名詞,普通名詞,代表表記:コレクション/これくしょん ドメイン:文化・芸術 カテゴリ:抽象物,5,7
は,は,は,助詞,副助詞,NIL,5,7
あと,あと,あと,名詞,時相名詞,代表表記:後/あと カテゴリ:場所-機能;時間 漢字読み:訓 〜を〜に構成語 弱時相名詞 修飾（デ格） 数量修飾,5,7
が,が,が,助詞,格助詞,NIL,5,7
楽しみで,たのしみで,楽しみだ,形容詞,*,代表表記:楽しみだ/たのしみだ,5,7
ね,ね,ね,助詞,終助詞,NIL,5,7
。,。,。,特殊,句点,NIL,5,7
今,いま,今,名詞,時相名詞,代表表記:今/いま カテゴリ:時間 漢字読み:訓,5,8
は,は,は,助詞,副助詞,NIL,5,8
あんまり,あんまり,あんまり,副詞,*,代表表記:あんまり/あんまり,5,8
レコード,れこーど,レコード,名詞,普通名詞,代表表記:レコード/れこーど ドメイン:文化・芸術 カテゴリ:抽象物,5,8
も,も,も,助詞,副助詞,NIL,5,8
聞か,きか,聞く,動詞,*,代表表記:聞く/きく 自他動詞:自:聞こえる/きこえる 補文ト,5,8
ん,ん,ぬ,助動詞,*,NIL,5,8
けど,けど,けど,助詞,接続助詞,NIL,5,8
、,、,、,特殊,読点,NIL,5,8
専門,せんもん,専門,名詞,普通名詞,代表表記:専門/せんもん カテゴリ:抽象物 〜を〜に構成語,5,8
家,か,家,接尾辞,名詞性名詞接尾辞,代表表記:家/か カテゴリ:人 内容語,5,8
が,が,が,助詞,格助詞,NIL,5,8
訪ねて,たずねて,訪ねる,動詞,*,代表表記:訪ねる/たずねる,5,8
くる,くる,くる,接尾辞,動詞性接尾辞,代表表記:くる/くる,5,8
と,と,と,助詞,格助詞,NIL,5,8
、,、,、,特殊,読点,NIL,5,8
聞か,きか,聞く,動詞,*,代表表記:聞く/きく 自他動詞:自:聞こえる/きこえる 補文ト,5,8
せる,せる,せる,接尾辞,動詞性接尾辞,代表表記:せる/せる,5,8
こと,こと,こと,名詞,形式名詞,NIL,5,8
に,に,に,助詞,格助詞,NIL,5,8
して,して,する,動詞,*,代表表記:する/する 自他動詞:自:成る/なる 付属動詞候補（基本）,5,8
いる,いる,いる,接尾辞,動詞性接尾辞,代表表記:いる/いる,5,8
。,。,。,特殊,句点,NIL,5,8
今日,きょう,今日,名詞,時相名詞,代表表記:今日/きょう カテゴリ:時間,5,9
も,も,も,助詞,副助詞,NIL,5,9
今ごろ,いまごろ,今ごろ,名詞,時相名詞,代表表記:今頃/いまごろ カテゴリ:時間,5,9
二,に,二,名詞,数詞,カテゴリ:数量,5,9
組,くみ,組,名詞,普通名詞,代表表記:組/くみ カテゴリ:抽象物 動詞派生:組む/くむ 漢字読み:訓,5,9
家,か,家,接尾辞,名詞性名詞接尾辞,代表表記:家/か カテゴリ:人 内容語,5,9
へ,へ,へ,助詞,格助詞,NIL,5,9
きて,きて,きる,動詞,*,代表表記:着る/きる ドメイン:家庭・暮らし 反義:動詞:脱ぐ/ぬぐ,5,9
いる,いる,いる,接尾辞,動詞性接尾辞,代表表記:いる/いる,5,9
はずだ,はずだ,はずだ,助動詞,*,NIL,5,9
。,。,。,特殊,句点,NIL,5,9
江戸川,えどがわ,江戸川,名詞,人名,自動獲得:Wikipedia Wikipedia人名 Wikipedia多義 Wikipedia姓,5,10
おたがい,おたがい,おたがい,名詞,普通名詞,代表表記:御互い/おたがい カテゴリ:抽象物,5,10
だんだん,だんだん,だんだん,副詞,*,代表表記:段々/だんだん,5,10
年,とし,年,名詞,時相名詞,代表表記:年/とし カテゴリ:時間 漢字読み:訓 弱時相名詞,5,10
を,を,を,助詞,格助詞,NIL,5,10
とって,とって,とる,動詞,*,代表表記:取る/とる 自他動詞:自:取れる/とれる 付属動詞候補（基本）,5,10
いく,いく,いく,接尾辞,動詞性接尾辞,代表表記:いく/いく,5,10
が,が,が,助詞,接続助詞,NIL,5,10
、,、,、,特殊,読点,NIL,5,10
作品,さくひん,作品,名詞,普通名詞,代表表記:作品/さくひん ドメイン:文化・芸術 カテゴリ:抽象物,5,10
の,の,の,助詞,接続助詞,NIL,5,10
主人公,しゅじんこう,主人公,名詞,普通名詞,代表表記:主人公/しゅじんこう ドメイン:文化・芸術 カテゴリ:人 〜を〜に構成語,5,10
は,は,は,助詞,副助詞,NIL,5,10
いつまでも,いつまでも,いつまでも,副詞,*,代表表記:何時迄も/いつまでも,5,10
若い,わかい,若い,形容詞,*,代表表記:若い/わかい,5,10
ね,ね,ね,助詞,終助詞,NIL,5,10
。,。,。,特殊,句点,NIL,5,10
野村,のむら,野村,名詞,人名,人名:日本:姓:46:0.00282,5,11
銭形平次,ぜにがたへいじ,銭形平次,名詞,普通名詞,自動獲得:Wikipedia Wikipedia上位語:時代劇シリーズ Wikipediaリダイレクト:銭形平次　捕物控,5,11
は,は,は,助詞,副助詞,NIL,5,11
何,なん,何,名詞,数詞,カテゴリ:数量,5,11
年,ねん,年,接尾辞,名詞性名詞助数辞,代表表記:年/ねん カテゴリ:時間 準内容語,5,11
経って,たって,経つ,動詞,*,代表表記:経つ/たつ,5,11
も,も,も,助詞,副助詞,NIL,5,11
三十,三十,三十,名詞,数詞,カテゴリ:数量 未知語:数字,5,11
だ,だ,だ,判定詞,*,NIL,5,11
。,。,。,特殊,句点,NIL,5,11
年,とし,年,名詞,時相名詞,代表表記:年/とし カテゴリ:時間 漢字読み:訓 弱時相名詞,5,12
を,を,を,助詞,格助詞,NIL,5,12
とら,とら,とる,動詞,*,代表表記:取る/とる 自他動詞:自:取れる/とれる 付属動詞候補（基本）,5,12
せる,せる,せる,接尾辞,動詞性接尾辞,代表表記:せる/せる,5,12
と,と,と,助詞,格助詞,NIL,5,12
失敗,しっぱい,失敗,名詞,サ変名詞,代表表記:失敗/しっぱい カテゴリ:抽象物 反義:名詞-サ変名詞:成功/せいこう,5,12
する,する,する,動詞,*,代表表記:する/する 自他動詞:自:成る/なる 付属動詞候補（基本）,5,12
よ,よ,よ,助詞,終助詞,NIL,5,12
。,。,。,特殊,句点,NIL,5,12
歯,は,歯,名詞,普通名詞,代表表記:歯/は ドメイン:健康・医学 カテゴリ:動物-部位 漢字読み:訓,5,13
の,の,の,助詞,格助詞,NIL,5,13
抜けた,ぬけた,抜ける,動詞,*,代表表記:抜ける/ぬける 自他動詞:他:抜く/ぬく;他:抜かす/ぬかす 付属動詞候補（基本）,5,13
オヤジ,おやじ,オヤジ,名詞,普通名詞,代表表記:親父/おやじ ドメイン:家庭・暮らし カテゴリ:人,5,13
に,に,に,助詞,格助詞,NIL,5,13
なって,なって,なる,動詞,*,代表表記:成る/なる 自他動詞:他:成す/なす;他:する/する,5,13
しまった,しまった,しまう,接尾辞,動詞性接尾辞,代表表記:しまう/しまう,5,13
んじゃ,んじゃ,んだ,助動詞,*,NIL,5,13
ア,ア,ア,未定義語,カタカナ,未知語:カタカナ 品詞推定:名詞,5,13
……,……,……,特殊,記号,NIL,5,13
。,。,。,特殊,句点,NIL,5,13
一ぺん,いっぺん,一ぺん,名詞,普通名詞,代表表記:一片/いっぺん カテゴリ:人工物-その他,5,14
お,お,お,接頭辞,名詞接頭辞,代表表記:御/お,5,14
静,せい,静,名詞,普通名詞,代表表記:静/せい カテゴリ:抽象物 漢字読み:音,5,14
（,（,（,特殊,括弧始,NIL,5,14
平次,平次,平次,名詞,人名,自動獲得:Wikipedia 読み不明 Wikipedia人名 Wikipedia名,5,14
の,の,の,助詞,接続助詞,NIL,5,14
女房,にょうぼう,女房,名詞,普通名詞,代表表記:女房/にょうぼう ドメイン:家庭・暮らし カテゴリ:人,5,14
）,）,）,特殊,括弧終,NIL,5,14
を,を,を,助詞,格助詞,NIL,5,14
妊娠,にんしん,妊娠,名詞,サ変名詞,代表表記:妊娠/にんしん ドメイン:健康・医学;家庭・暮らし カテゴリ:抽象物,5,14
さ,さ,する,動詞,*,代表表記:する/する 自他動詞:自:成る/なる 付属動詞候補（基本）,5,14
せた,せた,せる,接尾辞,動詞性接尾辞,代表表記:せる/せる,5,14
こと,こと,こと,名詞,形式名詞,NIL,5,14
が,が,が,助詞,格助詞,NIL,5,14
ある,ある,ある,動詞,*,代表表記:有る/ある 反義:形容詞:無い/ない 補文ト,5,14
が,が,が,助詞,接続助詞,NIL,5,14
、,、,、,特殊,読点,NIL,5,14
その後,そのご,その後,名詞,時相名詞,代表表記:その後/そのご カテゴリ:時間,5,14
子供,こども,子供,名詞,普通名詞,代表表記:子供/こども カテゴリ:人,5,14
の,の,の,助詞,格助詞,NIL,5,14
出る,でる,出る,動詞,*,代表表記:出る/でる 反義:動詞:入る/はいる 自他動詞:他:出す/だす 補文ト,5,14
作品,さくひん,作品,名詞,普通名詞,代表表記:作品/さくひん ドメイン:文化・芸術 カテゴリ:抽象物,5,14
は,は,は,助詞,副助詞,NIL,5,14
書いて,かいて,書く,動詞,*,代表表記:書く/かく 補文ト,5,14
ない,ない,ない,接尾辞,形容詞性述語接尾辞,代表表記:ない/ない,5,14
。,。,。,特殊,句点,NIL,5,14
どうやら,どうやら,どうやら,副詞,*,代表表記:どうやら/どうやら,5,15
あれ,あれ,あれ,指示詞,名詞形態指示詞,NIL,5,15
は,は,は,助詞,副助詞,NIL,5,15
流れた,ながれた,流れる,動詞,*,代表表記:流れる/ながれる 自他動詞:他:流す/ながす,5,15
らしい,らしい,らしい,助動詞,*,NIL,5,15
。,。,。,特殊,句点,NIL,5,15
ハッハッハ,ハハハ,ハハハ,名詞,普通名詞,自動獲得:Wikipedia Wikipediaページ内一覧:キム・サンギョン 非標準表記:DH,5,16
。,。,。,特殊,句点,NIL,5,16
平次,平次,平次,名詞,人名,自動獲得:Wikipedia 読み不明 Wikipedia人名 Wikipedia名,5,17
も,も,も,助詞,副助詞,NIL,5,17
はじめ,はじめ,はじめ,名詞,時相名詞,代表表記:初め/はじめ カテゴリ:時間,5,17
は,は,は,助詞,副助詞,NIL,5,17
元禄,げんろく,元禄,名詞,固有名詞,代表表記:元禄/げんろく,5,17
時代,じだい,時代,名詞,時相名詞,代表表記:時代/じだい カテゴリ:時間 弱時相名詞,5,17
に,に,に,助詞,格助詞,NIL,5,17
して,して,する,動詞,*,代表表記:する/する 自他動詞:自:成る/なる 付属動詞候補（基本）,5,17
書いた,かいた,書く,動詞,*,代表表記:書く/かく 補文ト,5,17
んだ,んだ,んだ,助動詞,*,NIL,5,17
が,が,が,助詞,接続助詞,NIL,5,17
ね,ね,ね,助詞,終助詞,NIL,5,17
。,。,。,特殊,句点,NIL,5,17
次第に,しだいに,次第に,副詞,*,代表表記:次第に/しだいに,5,18
書き,かき,書く,動詞,*,代表表記:書く/かく 補文ト,5,18
にくく,にくく,にくい,接尾辞,形容詞性述語接尾辞,代表表記:にくい/にくい 反義:接尾辞-形容詞性述語接尾辞:やすい/やすい,5,18
なって,なって,なる,接尾辞,動詞性接尾辞,代表表記:なる/なる,5,18
、,、,、,特殊,読点,NIL,5,18
今,いま,今,名詞,時相名詞,代表表記:今/いま カテゴリ:時間 漢字読み:訓,5,18
は,は,は,助詞,副助詞,NIL,5,18
化政度,化政度,化政度,未定義語,その他,未知語:漢字 品詞推定:名詞,5,18
の,の,の,助詞,接続助詞,NIL,5,18
つもり,つもり,つもり,名詞,形式名詞,NIL,5,18
で,で,で,助詞,格助詞,NIL,5,18
書いて,かいて,書く,動詞,*,代表表記:書く/かく 補文ト,5,18
いる,いる,いる,接尾辞,動詞性接尾辞,代表表記:いる/いる,5,18
。,。,。,特殊,句点,NIL,5,18
江戸川,えどがわ,江戸川,名詞,人名,自動獲得:Wikipedia Wikipedia人名 Wikipedia多義 Wikipedia姓,5,19
ぼく,ぼく,ぼく,名詞,普通名詞,代表表記:僕/ぼく カテゴリ:人 漢字読み:音,5,19
は,は,は,助詞,副助詞,NIL,5,19
自分,じぶん,自分,名詞,普通名詞,代表表記:自分/じぶん カテゴリ:人 修飾（デ格）,5,19
の,の,の,助詞,接続助詞,NIL,5,19
短,たん,短,接頭辞,名詞接頭辞,代表表記:短/たん 内容語 換言:+N:Nが短い,5,19
篇,へん,篇,名詞,普通名詞,代表表記:編/へん カテゴリ:抽象物 漢字読み:音,5,19
の,の,の,助詞,接続助詞,NIL,5,19
英訳,えいやく,英訳,名詞,サ変名詞,代表表記:英訳/えいやく カテゴリ:抽象物,5,19
を,を,を,助詞,格助詞,NIL,5,19
自費,じひ,自費,名詞,普通名詞,代表表記:自費/じひ カテゴリ:抽象物,5,19
出版,しゅっぱん,出版,名詞,サ変名詞,代表表記:出版/しゅっぱん ドメイン:文化・芸術;メディア カテゴリ:抽象物,5,19
しょうと,しょうと,しょうと,名詞,普通名詞,代表表記:商都/しょうと カテゴリ:場所-その他,5,19
思って,おもって,思う,動詞,*,代表表記:思う/おもう 補文ト,5,19
ね,ね,ね,助詞,終助詞,NIL,5,19
。,。,。,特殊,句点,NIL,5,19
「,「,「,特殊,括弧始,NIL,5,20
心理,しんり,心理,名詞,普通名詞,代表表記:心理/しんり カテゴリ:抽象物,5,20
試験,しけん,試験,名詞,サ変名詞,代表表記:試験/しけん ドメイン:教育・学習 カテゴリ:抽象物,5,20
」,」,」,特殊,括弧終,NIL,5,20
「,「,「,特殊,括弧始,NIL,5,20
人間,にんげん,人間,名詞,普通名詞,代表表記:人間/にんげん カテゴリ:人,5,20
｜,｜,｜,特殊,記号,NIL,5,20
椅子,いす,椅子,名詞,普通名詞,代表表記:椅子/いす カテゴリ:人工物-その他,5,20
」,」,」,特殊,括弧終,NIL,5,20
「,「,「,特殊,括弧始,NIL,5,20
双生児,そうせいじ,双生児,名詞,普通名詞,代表表記:双生児/そうせいじ カテゴリ:人,5,20
」,」,」,特殊,括弧終,NIL,5,20
と,と,と,助詞,格助詞,NIL,5,20
いった,いった,いう,動詞,*,代表表記:言う/いう 補文ト,5,20
もの,もの,もの,名詞,形式名詞,NIL,5,20
を,を,を,助詞,格助詞,NIL,5,20
ハリス,ハリス,ハリス,名詞,組織名,自動獲得:Wikipedia Wikipedia多義,5,20
と,と,と,助詞,格助詞,NIL,5,20
いう,いう,いう,動詞,*,代表表記:言う/いう 補文ト,5,20
人,じん,人,名詞,普通名詞,代表表記:人/じん カテゴリ:人 漢字読み:音,5,20
が,が,が,助詞,格助詞,NIL,5,20
訳して,やくして,訳す,動詞,*,代表表記:訳す/やくす ドメイン:文化・芸術 同義:動詞:訳する/やくする,5,20
くれた,くれた,くれる,接尾辞,動詞性接尾辞,代表表記:くれる/くれる,5,20
。,。,。,特殊,句点,NIL,5,20
間もなく,まもなく,間もなく,副詞,*,代表表記:間も無く/まもなく,5,21
出せる,だせる,出せる,動詞,*,代表表記:出せる/だせる 可能動詞:出す/だす 補文ト 付属動詞候補（基本）,5,21
と,と,と,助詞,格助詞,NIL,5,21
思う,おもう,思う,動詞,*,代表表記:思う/おもう 補文ト,5,21
。,。,。,特殊,句点,NIL,5,21
野村,のむら,野村,名詞,人名,人名:日本:姓:46:0.00282,5,22
いつか,いつか,いつか,副詞,*,代表表記:何時か/いつか,5,22
わたし,わたし,わたし,名詞,普通名詞,代表表記:私/わたし カテゴリ:人 漢字読み:訓,5,22
の,の,の,助詞,接続助詞,NIL,5,22
捕物帖,捕物帖,捕物帖,名詞,普通名詞,自動獲得:Wikipedia Wikipediaページ内一覧:時代劇 読み不明,5,22
を,を,を,助詞,格助詞,NIL,5,22
訳す,やくす,訳す,動詞,*,代表表記:訳す/やくす ドメイン:文化・芸術 同義:動詞:訳する/やくする,5,22
んだ,んだ,んだ,助動詞,*,NIL,5,22
と,と,と,助詞,格助詞,NIL,5,22
いって,いって,いう,動詞,*,代表表記:言う/いう 補文ト,5,22
アメリカ,あめりか,アメリカ,名詞,地名,代表表記:アメリカ/あめりか 地名:国:別称:米国,5,22
人,じん,人,名詞,普通名詞,代表表記:人/じん カテゴリ:人 漢字読み:音,5,22
が,が,が,助詞,格助詞,NIL,5,22
持って,もって,持つ,動詞,*,代表表記:持つ/もつ,5,22
いった,いった,いく,接尾辞,動詞性接尾辞,代表表記:いく/いく,5,22
が,が,が,助詞,接続助詞,NIL,5,22
、,、,、,特殊,読点,NIL,5,22
とても,とても,とても,副詞,*,代表表記:とても/とても 用言弱修飾,5,22
ダメです,だめです,ダメだ,形容詞,*,代表表記:駄目だ/だめだ,5,22
、,、,、,特殊,読点,NIL,5,22
と,と,と,助詞,格助詞,NIL,5,22
いって,いって,いう,動詞,*,代表表記:言う/いう 補文ト,5,22
きた,きた,くる,接尾辞,動詞性接尾辞,代表表記:くる/くる,5,22
。,。,。,特殊,句点,NIL,5,22
英語,えいご,英語,名詞,普通名詞,代表表記:英語/えいご ドメイン:教育・学習 カテゴリ:抽象物,5,23
に,に,に,助詞,格助詞,NIL,5,23
なら,なら,なる,動詞,*,代表表記:成る/なる 自他動詞:他:成す/なす;他:する/する,5,23
ん,ん,ぬ,助動詞,*,NIL,5,23
らしい,らしい,らしい,助動詞,*,NIL,5,23
。,。,。,特殊,句点,NIL,5,23
だいいち,だいいち,だいいち,副詞,*,代表表記:だいいち/だいいち,5,24
親分,おやぶん,親分,名詞,普通名詞,代表表記:親分/おやぶん カテゴリ:人,5,24
と,と,と,助詞,格助詞,NIL,5,24
いう,いう,いう,動詞,*,代表表記:言う/いう 補文ト,5,24
言葉,ことば,言葉,名詞,普通名詞,代表表記:言葉/ことば カテゴリ:抽象物,5,24
が,が,が,助詞,格助詞,NIL,5,24
ない,ない,ない,形容詞,*,代表表記:無い/ない 反義:動詞:有る/ある,5,24
。,。,。,特殊,句点,NIL,5,24
ボス,ぼす,ボス,名詞,普通名詞,代表表記:ボス/ぼす カテゴリ:人,5,25
で,で,で,助詞,格助詞,NIL,5,25
は,は,は,助詞,副助詞,NIL,5,25
困る,こまる,困る,動詞,*,代表表記:困る/こまる,5,25
し,し,し,助詞,接続助詞,NIL,5,25
……,……,……,特殊,記号,NIL,5,25
。,。,。,特殊,句点,NIL,5,25
ハッハッハ,ハハハ,ハハハ,名詞,普通名詞,自動獲得:Wikipedia Wikipediaページ内一覧:キム・サンギョン 非標準表記:DH,5,26
。,。,。,特殊,句点,NIL,5,26
