見出し,読み,原型,品詞,品詞細分類,意味情報,章ラベル,章番号,文番号
あれ,あれ,あれ,指示詞,名詞形態指示詞,NIL,< 章なし >,0,0
は,は,は,助詞,副助詞,NIL,< 章なし >,0,0
、,、,、,特殊,読点,NIL,< 章なし >,0,0
白昼,はくちゅう,白昼,名詞,時相名詞,代表表記:白昼/はくちゅう カテゴリ:時間,< 章なし >,0,0
の,の,の,助詞,接続助詞,NIL,< 章なし >,0,0
悪夢,あくむ,悪夢,名詞,普通名詞,代表表記:悪夢/あくむ カテゴリ:抽象物,< 章なし >,0,0
であった,であった,だ,判定詞,*,NIL,< 章なし >,0,0
か,か,か,助詞,接続助詞,NIL,< 章なし >,0,0
、,、,、,特殊,読点,NIL,< 章なし >,0,0
それとも,それとも,それとも,接続詞,*,代表表記:それとも/それとも,< 章なし >,0,0
現実,げんじつ,現実,名詞,普通名詞,代表表記:現実/げんじつ カテゴリ:抽象物 反義:名詞-普通名詞:理想/りそう;名詞-サ変名詞:空想/くうそう 修飾（ニ格）,< 章なし >,0,0
の,の,の,助詞,接続助詞,NIL,< 章なし >,0,0
出来事,できごと,出来事,名詞,普通名詞,代表表記:出来事/できごと カテゴリ:抽象物,< 章なし >,0,0
であった,であった,だ,判定詞,*,NIL,< 章なし >,0,0
か,か,か,助詞,接続助詞,NIL,< 章なし >,0,0
。,。,。,特殊,句点,NIL,< 章なし >,0,0
晩春,ばんしゅん,晩春,名詞,時相名詞,代表表記:晩春/ばんしゅん カテゴリ:時間,< 章なし >,0,1
の,の,の,助詞,接続助詞,NIL,< 章なし >,0,1
生,せい,生,名詞,普通名詞,代表表記:生/せい カテゴリ:抽象物 漢字読み:音,< 章なし >,0,1
暖い,暖い,暖い,形容詞,*,代表表記:暖い/暖い 自動獲得:テキスト,< 章なし >,0,1
風,かぜ,風,名詞,普通名詞,代表表記:風/かぜ カテゴリ:抽象物 漢字読み:訓,< 章なし >,0,1
が,が,が,助詞,格助詞,NIL,< 章なし >,0,1
、,、,、,特殊,読点,NIL,< 章なし >,0,1
オドロオドロ,オドロオドロ,オドロオドロ,副詞,*,自動認識 未知語:擬音語擬態語 する連続可能,< 章なし >,0,1
と,と,と,助詞,格助詞,NIL,< 章なし >,0,1
、,、,、,特殊,読点,NIL,< 章なし >,0,1
火照った,ほてった,火照る,動詞,*,代表表記:火照る/ほてる,< 章なし >,0,1
頬,ほお,頬,名詞,普通名詞,代表表記:頬/ほお カテゴリ:動物-部位,< 章なし >,0,1
に,に,に,助詞,格助詞,NIL,< 章なし >,0,1
感ぜ,かんぜ,感ずる,動詞,*,代表表記:感ずる/かんずる 同義:動詞:感じる/かんじる 補文ト,< 章なし >,0,1
られる,られる,られる,接尾辞,動詞性接尾辞,代表表記:られる/られる,< 章なし >,0,1
、,、,、,特殊,読点,NIL,< 章なし >,0,1
蒸し暑い,むしあつい,蒸し暑い,形容詞,*,代表表記:蒸し暑い/むしあつい,< 章なし >,0,1
日,にち,日,名詞,時相名詞,代表表記:日/にち カテゴリ:時間 漢字読み:音,< 章なし >,0,1
の,の,の,助詞,接続助詞,NIL,< 章なし >,0,1
午後,ごご,午後,名詞,時相名詞,代表表記:午後/ごご カテゴリ:時間,< 章なし >,0,1
であった,であった,だ,判定詞,*,NIL,< 章なし >,0,1
。,。,。,特殊,句点,NIL,< 章なし >,0,1
用事,ようじ,用事,名詞,普通名詞,代表表記:用事/ようじ カテゴリ:抽象物,< 章なし >,0,2
が,が,が,助詞,格助詞,NIL,< 章なし >,0,2
あって,あって,ある,動詞,*,代表表記:有る/ある 反義:形容詞:無い/ない 補文ト,< 章なし >,0,2
通った,かよった,通う,動詞,*,代表表記:通う/かよう,< 章なし >,0,2
の,の,のだ,助動詞,*,NIL,< 章なし >,0,2
か,か,か,助詞,接続助詞,NIL,< 章なし >,0,2
、,、,、,特殊,読点,NIL,< 章なし >,0,2
散歩,さんぽ,散歩,名詞,サ変名詞,代表表記:散歩/さんぽ ドメイン:レクリエーション カテゴリ:抽象物,< 章なし >,0,2
の,の,の,助詞,接続助詞,NIL,< 章なし >,0,2
みちすがら,みちすがら,みちすがら,副詞,*,代表表記:道すがら/みちすがら,< 章なし >,0,2
であった,であった,だ,判定詞,*,NIL,< 章なし >,0,2
の,の,の,助詞,格助詞,NIL,< 章なし >,0,2
か,か,か,助詞,接続助詞,NIL,< 章なし >,0,2
、,、,、,特殊,読点,NIL,< 章なし >,0,2
それ,それ,それ,指示詞,名詞形態指示詞,NIL,< 章なし >,0,2
さえ,さえ,さえ,助詞,副助詞,NIL,< 章なし >,0,2
ぼんやり,ぼんやり,ぼんやり,副詞,*,代表表記:ボンヤリ/ぼんやり スル接続可能,< 章なし >,0,2
と,と,と,助詞,格助詞,NIL,< 章なし >,0,2
して,して,する,動詞,*,代表表記:する/する 自他動詞:自:成る/なる 付属動詞候補（基本）,< 章なし >,0,2
思い出せ,おもいだせ,思い出せる,動詞,*,代表表記:思い出せる/おもいだせる 可能動詞:思い出す/おもいだす 補文ト,< 章なし >,0,2
ぬ,ぬ,ぬ,助動詞,*,NIL,< 章なし >,0,2
けれど,けれど,けれど,助詞,接続助詞,NIL,< 章なし >,0,2
、,、,、,特殊,読点,NIL,< 章なし >,0,2
私,わたし,私,名詞,普通名詞,代表表記:私/わたし カテゴリ:人 漢字読み:訓,< 章なし >,0,2
は,は,は,助詞,副助詞,NIL,< 章なし >,0,2
、,、,、,特殊,読点,NIL,< 章なし >,0,2
ある,ある,ある,連体詞,*,代表表記:或る/ある,< 章なし >,0,2
場末,ばすえ,場末,名詞,普通名詞,代表表記:場末/ばすえ カテゴリ:場所-その他,< 章なし >,0,2
の,の,の,助詞,格助詞,NIL,< 章なし >,0,2
、,、,、,特殊,読点,NIL,< 章なし >,0,2
見る,みる,見る,動詞,*,代表表記:見る/みる 自他動詞:自:見える/みえる 補文ト,< 章なし >,0,2
限り,かぎり,限り,名詞,副詞的名詞,代表表記:限り/かぎり,< 章なし >,0,2
何処,どこ,何処,指示詞,名詞形態指示詞,代表表記:どこ/どこ,< 章なし >,0,2
まで,まで,まで,助詞,格助詞,NIL,< 章なし >,0,2
も,も,も,助詞,副助詞,NIL,< 章なし >,0,2
何処,どこ,何処,指示詞,名詞形態指示詞,代表表記:どこ/どこ,< 章なし >,0,2
まで,まで,まで,助詞,格助詞,NIL,< 章なし >,0,2
も,も,も,助詞,副助詞,NIL,< 章なし >,0,2
、,、,、,特殊,読点,NIL,< 章なし >,0,2
真直,真直,真直,名詞,人名,自動獲得:Wikipedia 読み不明 Wikipedia人名 Wikipedia名,< 章なし >,0,2
に,に,に,助詞,格助詞,NIL,< 章なし >,0,2
続いて,つづいて,続く,動詞,*,代表表記:続く/つづく 自他動詞:他:続ける/つづける,< 章なし >,0,2
いる,いる,いる,接尾辞,動詞性接尾辞,代表表記:いる/いる,< 章なし >,0,2
、,、,、,特殊,読点,NIL,< 章なし >,0,2
広い,ひろい,広い,形容詞,*,代表表記:広い/ひろい 反義:形容詞:狭い/せまい,< 章なし >,0,2
埃,ほこり,埃,名詞,普通名詞,代表表記:埃/ほこり カテゴリ:自然物,< 章なし >,0,2
っぽい,っぽい,っぽい,接尾辞,形容詞性名詞接尾辞,代表表記:っぽい/っぽい,< 章なし >,0,2
大通り,おおどおり,大通り,名詞,普通名詞,代表表記:大通り/おおどおり ドメイン:交通 カテゴリ:場所-その他,< 章なし >,0,2
を,を,を,助詞,格助詞,NIL,< 章なし >,0,2
歩いて,あるいて,歩く,動詞,*,代表表記:歩く/あるく,< 章なし >,0,2
いた,いた,いる,接尾辞,動詞性接尾辞,代表表記:いる/いる,< 章なし >,0,2
。,。,。,特殊,句点,NIL,< 章なし >,0,2
洗い,あらい,洗い,名詞,普通名詞,代表表記:洗い/あらいv ドメイン:家庭・暮らし 連用形名詞化:洗う/あらう,< 章なし >,0,3
ざらした,ざらした,ざらす,動詞,*,代表表記:晒す/さらす 濁音化D ドメイン:料理・食事,< 章なし >,0,3
単衣,ひとえ,単衣,名詞,普通名詞,自動獲得:Wikipedia,< 章なし >,0,3
物,ぶつ,物,名詞,普通名詞,代表表記:物/ぶつ カテゴリ:人工物-その他 漢字読み:音,< 章なし >,0,3
の,の,だ,判定詞,*,NIL,< 章なし >,0,3
様に,ように,様だ,助動詞,*,NIL,< 章なし >,0,3
白茶,はくちゃ,白茶,名詞,普通名詞,自動獲得:Wikipedia Wikipedia上位語:中国茶,< 章なし >,0,3
けた,けた,けた,名詞,普通名詞,代表表記:桁/けた カテゴリ:数量,< 章なし >,0,3
商家,しょうか,商家,名詞,普通名詞,代表表記:商家/しょうか カテゴリ:場所-施設,< 章なし >,0,3
が,が,が,助詞,格助詞,NIL,< 章なし >,0,3
、,、,、,特殊,読点,NIL,< 章なし >,0,3
黙って,だまって,黙る,動詞,*,代表表記:黙る/だまる,< 章なし >,0,3
軒,のき,軒,名詞,普通名詞,代表表記:軒/のき ドメイン:家庭・暮らし カテゴリ:場所-施設部位 漢字読み:訓,< 章なし >,0,3
を,を,を,助詞,格助詞,NIL,< 章なし >,0,3
並べて,ならべて,並べる,動詞,*,代表表記:並べる/ならべる 可能動詞:並ぶ/ならぶ 付属動詞候補（基本）,< 章なし >,0,3
いた,いた,いる,接尾辞,動詞性接尾辞,代表表記:いる/いる,< 章なし >,0,3
。,。,。,特殊,句点,NIL,< 章なし >,0,3
三,さん,三,名詞,数詞,カテゴリ:数量,< 章なし >,0,4
尺,しゃく,尺,接尾辞,名詞性名詞助数辞,代表表記:尺/しゃく 準内容語,< 章なし >,0,4
の,の,の,助詞,接続助詞,NIL,< 章なし >,0,4
ショー,しょー,ショー,名詞,普通名詞,代表表記:ショー/しょー ドメイン:文化・芸術 カテゴリ:抽象物,< 章なし >,0,4
ウインドウ,ういんどう,ウインドウ,名詞,普通名詞,代表表記:ウインドー/ういんどー カテゴリ:場所-施設部位,< 章なし >,0,4
に,に,に,助詞,格助詞,NIL,< 章なし >,0,4
、,、,、,特殊,読点,NIL,< 章なし >,0,4
埃,ほこり,埃,名詞,普通名詞,代表表記:埃/ほこり カテゴリ:自然物,< 章なし >,0,4
で,で,で,助詞,格助詞,NIL,< 章なし >,0,4
だん,だん,だん,名詞,普通名詞,代表表記:団/だん カテゴリ:組織・団体 漢字読み:音,< 章なし >,0,4
だら,だら,だら,名詞,普通名詞,代表表記:鱈/たら 濁音化D ドメイン:料理・食事 カテゴリ:動物;人工物-食べ物,< 章なし >,0,4
染め,そめ,染め,名詞,普通名詞,代表表記:染め/そめv 自他動詞:自:染まる/そまる 連用形名詞化:染める/そめる,< 章なし >,0,4
に,に,に,助詞,格助詞,NIL,< 章なし >,0,4
した,した,する,動詞,*,代表表記:する/する 自他動詞:自:成る/なる 付属動詞候補（基本）,< 章なし >,0,4
小学生,しょうがくせい,小学生,名詞,普通名詞,代表表記:小学生/しょうがくせい ドメイン:教育・学習 カテゴリ:人,< 章なし >,0,4
の,の,の,助詞,接続助詞,NIL,< 章なし >,0,4
運動,うんどう,運動,名詞,サ変名詞,代表表記:運動/うんどう カテゴリ:抽象物,< 章なし >,0,4
シャツ,しゃつ,シャツ,名詞,普通名詞,代表表記:シャツ/しゃつ ドメイン:家庭・暮らし カテゴリ:人工物-衣類,< 章なし >,0,4
が,が,が,助詞,格助詞,NIL,< 章なし >,0,4
下って,くだって,下る,動詞,*,代表表記:下る/くだる,< 章なし >,0,4
いたり,いたり,いる,接尾辞,動詞性接尾辞,代表表記:いる/いる,< 章なし >,0,4
、,、,、,特殊,読点,NIL,< 章なし >,0,4
碁盤,ごばん,碁盤,名詞,普通名詞,代表表記:碁盤/ごばん ドメイン:レクリエーション;スポーツ カテゴリ:人工物-その他,< 章なし >,0,4
の,の,の,助詞,接続助詞,NIL,< 章なし >,0,4
様,よう,様,名詞,副詞的名詞,代表表記:様/よう,< 章なし >,0,4
に,に,に,助詞,格助詞,NIL,< 章なし >,0,4
仕切った,しきった,仕切る,動詞,*,代表表記:仕切る/しきる,< 章なし >,0,4
薄っぺらな,うすっぺらな,薄っぺらだ,形容詞,*,代表表記:薄っぺらだ/うすっぺらだ 同義:形容詞:薄い,< 章なし >,0,4
木箱,きばこ,木箱,名詞,普通名詞,代表表記:木箱/きばこ カテゴリ:人工物-その他,< 章なし >,0,4
の,の,の,助詞,接続助詞,NIL,< 章なし >,0,4
中,なか,中,名詞,副詞的名詞,代表表記:中/なか,< 章なし >,0,4
に,に,に,助詞,格助詞,NIL,< 章なし >,0,4
、,、,、,特殊,読点,NIL,< 章なし >,0,4
赤,あか,赤,名詞,普通名詞,代表表記:赤/あか カテゴリ:色 漢字読み:訓,< 章なし >,0,4
や,や,や,助詞,接続助詞,NIL,< 章なし >,0,4
黄,き,黄,名詞,普通名詞,代表表記:黄/き カテゴリ:色 漢字読み:訓,< 章なし >,0,4
や,や,や,助詞,接続助詞,NIL,< 章なし >,0,4
白,しろ,白,名詞,普通名詞,代表表記:白/しろ カテゴリ:色 漢字読み:訓,< 章なし >,0,4
や,や,や,助詞,接続助詞,NIL,< 章なし >,0,4
茶色,ちゃいろ,茶色,名詞,普通名詞,代表表記:茶色/ちゃいろ カテゴリ:色,< 章なし >,0,4
など,など,など,助詞,副助詞,NIL,< 章なし >,0,4
の,の,の,助詞,格助詞,NIL,< 章なし >,0,4
、,、,、,特殊,読点,NIL,< 章なし >,0,4
砂,すな,砂,名詞,普通名詞,代表表記:砂/すな カテゴリ:自然物 漢字読み:訓,< 章なし >,0,4
の,の,だ,判定詞,*,NIL,< 章なし >,0,4
様な,ような,様だ,助動詞,*,NIL,< 章なし >,0,4
種,しゅ,種,名詞,普通名詞,代表表記:種/しゅ カテゴリ:抽象物 漢字読み:音,< 章なし >,0,4
物,ぶつ,物,名詞,普通名詞,代表表記:物/ぶつ カテゴリ:人工物-その他 漢字読み:音,< 章なし >,0,4
を,を,を,助詞,格助詞,NIL,< 章なし >,0,4
入れた,いれた,入れる,動詞,*,代表表記:入れる/いれる 反義:動詞:出す/だす 自他動詞:自:入る/はいる,< 章なし >,0,4
の,の,の,名詞,形式名詞,NIL,< 章なし >,0,4
が,が,が,助詞,格助詞,NIL,< 章なし >,0,4
、,、,、,特殊,読点,NIL,< 章なし >,0,4
店,てん,店,名詞,普通名詞,代表表記:店/てん ドメイン:ビジネス カテゴリ:場所-施設 漢字読み:音,< 章なし >,0,4
一杯に,いっぱいに,一杯だ,形容詞,*,代表表記:一杯だ/いっぱいだ,< 章なし >,0,4
並んで,ならんで,並ぶ,動詞,*,代表表記:並ぶ/ならぶ 自他動詞:他:並べる/ならべる 付属動詞候補（基本）,< 章なし >,0,4
いたり,いたり,いる,接尾辞,動詞性接尾辞,代表表記:いる/いる,< 章なし >,0,4
、,、,、,特殊,読点,NIL,< 章なし >,0,4
狭い,せまい,狭い,形容詞,*,代表表記:狭い/せまい 反義:形容詞:広い/ひろい,< 章なし >,0,4
薄暗い,うすぐらい,薄暗い,形容詞,*,代表表記:薄暗い/うすぐらい,< 章なし >,0,4
家,いえ,家,名詞,普通名詞,代表表記:家/いえ ドメイン:家庭・暮らし カテゴリ:組織・団体;場所-施設 漢字読み:訓,< 章なし >,0,4
中,ちゅう,中,接尾辞,名詞性名詞接尾辞,代表表記:中/ちゅう 内容語,< 章なし >,0,4
が,が,が,助詞,格助詞,NIL,< 章なし >,0,4
、,、,、,特殊,読点,NIL,< 章なし >,0,4
天井,てんじょう,天井,名詞,普通名詞,代表表記:天井/てんじょう ドメイン:家庭・暮らし カテゴリ:場所-施設部位,< 章なし >,0,4
から,から,から,助詞,格助詞,NIL,< 章なし >,0,4
どこ,どこ,どこ,指示詞,名詞形態指示詞,代表表記:どこ/どこ,< 章なし >,0,4
から,から,から,助詞,格助詞,NIL,< 章なし >,0,4
、,、,、,特殊,読点,NIL,< 章なし >,0,4
自転車,じてんしゃ,自転車,名詞,普通名詞,代表表記:自転車/じてんしゃ ドメイン:交通 カテゴリ:人工物-乗り物,< 章なし >,0,4
の,の,の,助詞,接続助詞,NIL,< 章なし >,0,4
フレーム,ふれーむ,フレーム,名詞,普通名詞,代表表記:フレーム/ふれーむ カテゴリ:人工物-その他,< 章なし >,0,4
や,や,や,助詞,接続助詞,NIL,< 章なし >,0,4
タイヤ,たいや,タイヤ,名詞,普通名詞,代表表記:タイヤ/たいや ドメイン:交通 カテゴリ:人工物-その他,< 章なし >,0,4
で,で,で,助詞,格助詞,NIL,< 章なし >,0,4
充満,じゅうまん,充満,名詞,サ変名詞,代表表記:充満/じゅうまん カテゴリ:抽象物,< 章なし >,0,4
して,して,する,動詞,*,代表表記:する/する 自他動詞:自:成る/なる 付属動詞候補（基本）,< 章なし >,0,4
いたり,いたり,いる,接尾辞,動詞性接尾辞,代表表記:いる/いる,< 章なし >,0,4
、,、,、,特殊,読点,NIL,< 章なし >,0,4
そして,そして,そして,接続詞,*,代表表記:そして/そして,< 章なし >,0,4
、,、,、,特殊,読点,NIL,< 章なし >,0,4
それ,それ,それ,指示詞,名詞形態指示詞,NIL,< 章なし >,0,4
ら,ら,ら,接尾辞,名詞性名詞接尾辞,代表表記:ら/ら,< 章なし >,0,4
の,の,の,助詞,格助詞,NIL,< 章なし >,0,4
殺風景な,さっぷうけいな,殺風景だ,形容詞,*,代表表記:殺風景だ/さっぷうけいだ,< 章なし >,0,4
家々,いえいえ,家々,名詞,普通名詞,代表表記:家々/いえいえ カテゴリ:場所-施設,< 章なし >,0,4
の,の,の,助詞,接続助詞,NIL,< 章なし >,0,4
間,あいだ,間,名詞,副詞的名詞,代表表記:間/あいだ,< 章なし >,0,4
に,に,に,助詞,格助詞,NIL,< 章なし >,0,4
挟まって,はさまって,挟まる,動詞,*,代表表記:挟まる/はさまる 自他動詞:他:挟む/はさむ,< 章なし >,0,4
、,、,、,特殊,読点,NIL,< 章なし >,0,4
細い,ほそい,細い,形容詞,*,代表表記:細い/ほそい 反義:形容詞:太い/ふとい,< 章なし >,0,4
格子戸,こうしど,格子戸,名詞,普通名詞,代表表記:格子戸/こうしど カテゴリ:場所-施設,< 章なし >,0,4
の,の,の,助詞,接続助詞,NIL,< 章なし >,0,4
奥,おく,奥,名詞,普通名詞,代表表記:奥/おく カテゴリ:場所-機能 漢字読み:訓,< 章なし >,0,4
に,に,に,助詞,格助詞,NIL,< 章なし >,0,4
すすけた,すすけた,すすける,動詞,*,代表表記:煤ける/すすける,< 章なし >,0,4
御神燈,御神燈,御神燈,未定義語,その他,未知語:漢字 品詞推定:名詞,< 章なし >,0,4
の,の,の,助詞,格助詞,NIL,< 章なし >,0,4
下った,くだった,下る,動詞,*,代表表記:下る/くだる,< 章なし >,0,4
二,に,二,名詞,数詞,カテゴリ:数量,< 章なし >,0,4
階,かい,階,接尾辞,名詞性名詞助数辞,代表表記:階/かい 準内容語,< 章なし >,0,4
家,いえ,家,名詞,普通名詞,代表表記:家/いえ ドメイン:家庭・暮らし カテゴリ:組織・団体;場所-施設 漢字読み:訓,< 章なし >,0,4
が,が,が,助詞,格助詞,NIL,< 章なし >,0,4
、,、,、,特殊,読点,NIL,< 章なし >,0,4
そんなに,そんなに,そんなに,指示詞,副詞形態指示詞,NIL,< 章なし >,0,4
両方,りょうほう,両方,名詞,普通名詞,代表表記:両方/りょうほう カテゴリ:抽象物,< 章なし >,0,4
から,から,から,助詞,格助詞,NIL,< 章なし >,0,4
押しつけちゃ,おしつけちゃ,押しつける,動詞,*,代表表記:押し付ける/おしつける,< 章なし >,0,4
厭だ,厭だ,厭だ,形容詞,*,代表表記:厭だ/厭だ 自動獲得:テキスト 副詞識別,< 章なし >,0,4
わ,わ,わ,助詞,終助詞,NIL,< 章なし >,0,4
と,と,と,助詞,格助詞,NIL,< 章なし >,0,4
いう,いう,いう,動詞,*,代表表記:言う/いう 補文ト,< 章なし >,0,4
恰好,かっこう,恰好だ,形容詞,*,代表表記:恰好だ/かっこうだ,< 章なし >,0,4
を,を,を,助詞,格助詞,NIL,< 章なし >,0,4
して,して,する,動詞,*,代表表記:する/する 自他動詞:自:成る/なる 付属動詞候補（基本）,< 章なし >,0,4
、,、,、,特殊,読点,NIL,< 章なし >,0,4
ボロンボロン,ボロンボロン,ボロンボロン,副詞,*,自動認識 未知語:擬音語擬態語 する連続可能,< 章なし >,0,4
と,と,と,助詞,格助詞,NIL,< 章なし >,0,4
猥褻な,わいせつな,猥褻だ,形容詞,*,代表表記:猥褻だ/わいせつだ,< 章なし >,0,4
三味線,しゃみせん,三味線,名詞,普通名詞,代表表記:三味線/しゃみせん ドメイン:文化・芸術 カテゴリ:人工物-その他,< 章なし >,0,4
の,の,の,助詞,接続助詞,NIL,< 章なし >,0,4
音,おと,音,名詞,普通名詞,代表表記:音/おと カテゴリ:抽象物 漢字読み:訓,< 章なし >,0,4
を,を,を,助詞,格助詞,NIL,< 章なし >,0,4
洩,洩れ,洩,名詞,普通名詞,代表表記:洩れ/洩れ 自動獲得:テキスト 連用形名詞化:洩れる/洩れる 送り仮名引っ込み,< 章なし >,0,4
して,して,する,動詞,*,代表表記:する/する 自他動詞:自:成る/なる 付属動詞候補（基本）,< 章なし >,0,4
いたり,いたり,いる,接尾辞,動詞性接尾辞,代表表記:いる/いる,< 章なし >,0,4
した,した,する,接尾辞,動詞性接尾辞,代表表記:する/する,< 章なし >,0,4
。,。,。,特殊,句点,NIL,< 章なし >,0,4
「,「,「,特殊,括弧始,NIL,< 章なし >,0,5
アップク,アップク,アップク,未定義語,カタカナ,未知語:カタカナ 品詞推定:名詞,< 章なし >,0,5
、,、,、,特殊,読点,NIL,< 章なし >,0,5
チキリキ,チキリキ,チキリキ,未定義語,カタカナ,未知語:カタカナ 品詞推定:名詞,< 章なし >,0,5
、,、,、,特殊,読点,NIL,< 章なし >,0,5
アッパッパア,アッパッパア,アッパッパア,未定義語,カタカナ,未知語:カタカナ 品詞推定:名詞,< 章なし >,0,5
……,……,……,特殊,記号,NIL,< 章なし >,0,5
アッパッパア,アッパッパア,アッパッパア,未定義語,カタカナ,未知語:カタカナ 品詞推定:名詞,< 章なし >,0,5
……,……,……,特殊,記号,NIL,< 章なし >,0,5
」,」,」,特殊,括弧終,NIL,< 章なし >,0,5
お下げ,おさげ,お下げ,名詞,普通名詞,代表表記:御下げ/おさげ カテゴリ:形・模様,< 章なし >,0,5
を,を,を,助詞,格助詞,NIL,< 章なし >,0,5
埃,ほこり,埃,名詞,普通名詞,代表表記:埃/ほこり カテゴリ:自然物,< 章なし >,0,5
で,で,で,助詞,格助詞,NIL,< 章なし >,0,5
お,お,お,接頭辞,名詞接頭辞,代表表記:御/お,< 章なし >,0,5
化粧,けしょう,化粧,名詞,サ変名詞,代表表記:化粧/けしょう ドメイン:家庭・暮らし カテゴリ:抽象物,< 章なし >,0,5
した,した,する,動詞,*,代表表記:する/する 自他動詞:自:成る/なる 付属動詞候補（基本）,< 章なし >,0,5
女の子,おんなのこ,女の子,名詞,普通名詞,代表表記:女の子/おんなのこ ドメイン:家庭・暮らし カテゴリ:人,< 章なし >,0,5
達,たち,達,接尾辞,名詞性名詞接尾辞,代表表記:達/たち,< 章なし >,0,5
が,が,が,助詞,格助詞,NIL,< 章なし >,0,5
、,、,、,特殊,読点,NIL,< 章なし >,0,5
道,どう,道,名詞,普通名詞,代表表記:道/どう ドメイン:交通 カテゴリ:組織・団体;場所-施設;場所-その他 漢字読み:音 多義,< 章なし >,0,5
の,の,の,助詞,接続助詞,NIL,< 章なし >,0,5
真中,まんなか,真中,名詞,普通名詞,代表表記:真ん中/まんなか カテゴリ:場所-機能,< 章なし >,0,5
に,に,に,助詞,格助詞,NIL,< 章なし >,0,5
輪,りん,輪,名詞,普通名詞,代表表記:輪/りん カテゴリ:人工物-その他 漢字読み:音,< 章なし >,0,5
を,を,を,助詞,格助詞,NIL,< 章なし >,0,5
作って,つくって,作る,動詞,*,代表表記:作る/つくる,< 章なし >,0,5
歌って,うたって,歌う,動詞,*,代表表記:歌う/うたう ドメイン:文化・芸術;レクリエーション,< 章なし >,0,5
いた,いた,いる,接尾辞,動詞性接尾辞,代表表記:いる/いる,< 章なし >,0,5
。,。,。,特殊,句点,NIL,< 章なし >,0,5
アッパッパ,アッパッパ,アッパッパ,名詞,普通名詞,自動獲得:Wikipedia,< 章なし >,0,6
アアアア,アアアア,アアアア,副詞,*,自動認識 未知語:擬音語擬態語 する連続可能,< 章なし >,0,6
……,……,……,特殊,記号,NIL,< 章なし >,0,6
と,と,と,助詞,格助詞,NIL,< 章なし >,0,6
いう,いう,いう,動詞,*,代表表記:言う/いう 補文ト,< 章なし >,0,6
涙ぐましい,なみだぐましい,涙ぐましい,形容詞,*,代表表記:涙ぐましい/なみだぐましい,< 章なし >,0,6
旋律,せんりつ,旋律,名詞,普通名詞,代表表記:旋律/せんりつ ドメイン:文化・芸術 カテゴリ:抽象物,< 章なし >,0,6
が,が,が,助詞,格助詞,NIL,< 章なし >,0,6
、,、,、,特殊,読点,NIL,< 章なし >,0,6
霞んだ,霞んだ,霞む,動詞,*,自動獲得:テキスト,< 章なし >,0,6
春,しゅん,春,名詞,時相名詞,代表表記:春/しゅん カテゴリ:時間 漢字読み:音,< 章なし >,0,6
の,の,の,助詞,接続助詞,NIL,< 章なし >,0,6
空,から,空,名詞,普通名詞,代表表記:空/から カテゴリ:抽象物 漢字読み:訓,< 章なし >,0,6
へ,へ,へ,助詞,格助詞,NIL,< 章なし >,0,6
のんびり,のんびり,のんびり,副詞,*,代表表記:ノンビリ/のんびり スル接続可能,< 章なし >,0,6
と,と,と,助詞,格助詞,NIL,< 章なし >,0,6
蒸発,じょうはつ,蒸発,名詞,サ変名詞,代表表記:蒸発/じょうはつ カテゴリ:抽象物,< 章なし >,0,6
して,して,する,動詞,*,代表表記:する/する 自他動詞:自:成る/なる 付属動詞候補（基本）,< 章なし >,0,6
行った,いった,行く,動詞,*,代表表記:行く/いく ドメイン:交通 反義:動詞:帰る/かえる 付属動詞候補（タ系）,< 章なし >,0,6
。,。,。,特殊,句点,NIL,< 章なし >,0,6
男の子,おとこのこ,男の子,名詞,普通名詞,代表表記:男の子/おとこのこ ドメイン:家庭・暮らし カテゴリ:人,< 章なし >,0,7
等,とう,等,接尾辞,名詞性名詞接尾辞,代表表記:等/とう,< 章なし >,0,7
は,は,は,助詞,副助詞,NIL,< 章なし >,0,7
繩,繩,繩,未定義語,その他,未知語:漢字 品詞推定:名詞,< 章なし >,0,7
飛び,とび,飛び,名詞,普通名詞,代表表記:飛び/とびv 自他動詞:他:飛ばす/とばす 連用形名詞化:飛ぶ/とぶ,< 章なし >,0,7
を,を,を,助詞,格助詞,NIL,< 章なし >,0,7
して,して,する,動詞,*,代表表記:する/する 自他動詞:自:成る/なる 付属動詞候補（基本）,< 章なし >,0,7
遊んで,あそんで,遊ぶ,動詞,*,代表表記:遊ぶ/あそぶ ドメイン:レクリエーション,< 章なし >,0,7
いた,いた,いる,接尾辞,動詞性接尾辞,代表表記:いる/いる,< 章なし >,0,7
。,。,。,特殊,句点,NIL,< 章なし >,0,7
長い,ながい,長い,形容詞,*,代表表記:長い/ながい 反義:形容詞:短い/みじかい,< 章なし >,0,8
繩,繩,繩,未定義語,その他,未知語:漢字 品詞推定:名詞,< 章なし >,0,8
の,の,の,助詞,接続助詞,NIL,< 章なし >,0,8
弦,げん,弦,名詞,普通名詞,代表表記:弦/げん カテゴリ:人工物-その他 漢字読み:音,< 章なし >,0,8
が,が,が,助詞,格助詞,NIL,< 章なし >,0,8
、,、,、,特殊,読点,NIL,< 章なし >,0,8
ねばり強く,ねばりづよく,ねばり強い,形容詞,*,代表表記:粘り強い/ねばりづよい,< 章なし >,0,8
地,ち,地,名詞,普通名詞,代表表記:地/ち カテゴリ:場所-その他 漢字読み:音,< 章なし >,0,8
を,を,を,助詞,格助詞,NIL,< 章なし >,0,8
叩いて,たたいて,叩く,動詞,*,代表表記:叩く/たたく,< 章なし >,0,8
は,は,は,助詞,副助詞,NIL,< 章なし >,0,8
、,、,、,特殊,読点,NIL,< 章なし >,0,8
空,から,空,名詞,普通名詞,代表表記:空/から カテゴリ:抽象物 漢字読み:訓,< 章なし >,0,8
に,に,に,助詞,格助詞,NIL,< 章なし >,0,8
上った,のぼった,上る,動詞,*,代表表記:上る/のぼる 付属動詞候補（基本）,< 章なし >,0,8
。,。,。,特殊,句点,NIL,< 章なし >,0,8
田舎,いなか,田舎,名詞,普通名詞,代表表記:田舎/いなか カテゴリ:場所-その他,< 章なし >,0,9
縞,しま,縞,名詞,普通名詞,代表表記:縞/しま カテゴリ:形・模様,< 章なし >,0,9
の,の,の,助詞,接続助詞,NIL,< 章なし >,0,9
前,まえ,前,名詞,副詞的名詞,代表表記:前/まえ,< 章なし >,0,9
を,を,を,助詞,格助詞,NIL,< 章なし >,0,9
はだけた,はだけた,はだける,動詞,*,代表表記:はだける/はだける,< 章なし >,0,9
一,いち,一,名詞,数詞,カテゴリ:数量,< 章なし >,0,9
人,にん,人,接尾辞,名詞性名詞助数辞,代表表記:人/にん カテゴリ:人 準内容語,< 章なし >,0,9
の,の,の,助詞,接続助詞,NIL,< 章なし >,0,9
子,こ,子,名詞,普通名詞,代表表記:子/こ ドメイン:家庭・暮らし カテゴリ:人 漢字読み:訓,< 章なし >,0,9
が,が,が,助詞,格助詞,NIL,< 章なし >,0,9
、,、,、,特殊,読点,NIL,< 章なし >,0,9
ピョイピョイ,ピョイピョイ,ピョイピョイ,副詞,*,自動認識 未知語:擬音語擬態語 する連続可能,< 章なし >,0,9
と,と,と,助詞,格助詞,NIL,< 章なし >,0,9
飛んで,とんで,飛ぶ,動詞,*,代表表記:飛ぶ/とぶ 自他動詞:他:飛ばす/とばす,< 章なし >,0,9
いた,いた,いる,接尾辞,動詞性接尾辞,代表表記:いる/いる,< 章なし >,0,9
。,。,。,特殊,句点,NIL,< 章なし >,0,9
その,その,その,指示詞,連体詞形態指示詞,NIL,< 章なし >,0,10
光景,こうけい,光景,名詞,普通名詞,代表表記:光景/こうけい カテゴリ:抽象物,< 章なし >,0,10
は,は,は,助詞,副助詞,NIL,< 章なし >,0,10
、,、,、,特殊,読点,NIL,< 章なし >,0,10
高,こう,高,接頭辞,名詞接頭辞,代表表記:高/こう 内容語 換言:+N:Nが高い;+N:Nが良い,< 章なし >,0,10
速度,そくど,速度,名詞,普通名詞,代表表記:速度/そくど カテゴリ:数量,< 章なし >,0,10
撮影,さつえい,撮影,名詞,サ変名詞,代表表記:撮影/さつえい ドメイン:文化・芸術;メディア カテゴリ:抽象物,< 章なし >,0,10
機,き,機,名詞,普通名詞,代表表記:機/き カテゴリ:人工物-その他 漢字読み:音,< 章なし >,0,10
を,を,を,助詞,格助詞,NIL,< 章なし >,0,10
使った,つかった,使う,動詞,*,代表表記:使う/つかう,< 章なし >,0,10
活動,かつどう,活動,名詞,サ変名詞,代表表記:活動/かつどう カテゴリ:抽象物,< 章なし >,0,10
写真,しゃしん,写真,名詞,普通名詞,代表表記:写真/しゃしん ドメイン:文化・芸術;メディア カテゴリ:人工物-その他,< 章なし >,0,10
の,の,だ,判定詞,*,NIL,< 章なし >,0,10
様に,ように,様だ,助動詞,*,NIL,< 章なし >,0,10
、,、,、,特殊,読点,NIL,< 章なし >,0,10
如何にも,いかにも,如何にも,副詞,*,代表表記:如何にも/いかにも,< 章なし >,0,10
悠長に,ゆうちょうに,悠長だ,形容詞,*,代表表記:悠長だ/ゆうちょうだ,< 章なし >,0,10
見えた,みえた,見える,動詞,*,代表表記:見える/みえる 自他動詞:他:見る/みる,< 章なし >,0,10
。,。,。,特殊,句点,NIL,< 章なし >,0,10
時々,ときどき,時々,副詞,*,代表表記:時々/ときどき,< 章なし >,0,11
、,、,、,特殊,読点,NIL,< 章なし >,0,11
重い,おもい,重い,形容詞,*,代表表記:重い/おもい 反義:形容詞:軽い/かるい,< 章なし >,0,11
荷,に,荷,名詞,普通名詞,代表表記:荷/に カテゴリ:人工物-その他 漢字読み:訓,< 章なし >,0,11
馬車,ばしゃ,馬車,名詞,普通名詞,代表表記:馬車/ばしゃ ドメイン:交通 カテゴリ:人工物-乗り物,< 章なし >,0,11
が,が,が,助詞,格助詞,NIL,< 章なし >,0,11
ゴロゴロ,ごろごろ,ゴロゴロ,副詞,*,代表表記:ゴロゴロ/ごろごろ スル接続可能,< 章なし >,0,11
と,と,と,助詞,格助詞,NIL,< 章なし >,0,11
道路,どうろ,道路,名詞,普通名詞,代表表記:道路/どうろ ドメイン:交通 カテゴリ:場所-施設,< 章なし >,0,11
や,や,や,助詞,接続助詞,NIL,< 章なし >,0,11
、,、,、,特殊,読点,NIL,< 章なし >,0,11
家々,いえいえ,家々,名詞,普通名詞,代表表記:家々/いえいえ カテゴリ:場所-施設,< 章なし >,0,11
を,を,を,助詞,格助詞,NIL,< 章なし >,0,11
震動,しんどう,震動,名詞,サ変名詞,代表表記:震動/しんどう カテゴリ:抽象物,< 章なし >,0,11
さ,さ,する,動詞,*,代表表記:する/する 自他動詞:自:成る/なる 付属動詞候補（基本）,< 章なし >,0,11
せて,せて,せる,接尾辞,動詞性接尾辞,代表表記:せる/せる,< 章なし >,0,11
私,わたし,私,名詞,普通名詞,代表表記:私/わたし カテゴリ:人 漢字読み:訓,< 章なし >,0,11
を,を,を,助詞,格助詞,NIL,< 章なし >,0,11
追い越した,おいこした,追い越す,動詞,*,代表表記:追い越す/おいこす,< 章なし >,0,11
。,。,。,特殊,句点,NIL,< 章なし >,0,11
ふと,ふと,ふと,副詞,*,代表表記:ふと/ふと,< 章なし >,0,12
私,わたし,私,名詞,普通名詞,代表表記:私/わたし カテゴリ:人 漢字読み:訓,< 章なし >,0,12
は,は,は,助詞,副助詞,NIL,< 章なし >,0,12
、,、,、,特殊,読点,NIL,< 章なし >,0,12
行手,行手,行手,名詞,普通名詞,自動獲得:Wikipedia Wikipediaページ内一覧:孔雀王 読み不明,< 章なし >,0,12
に,に,に,助詞,格助詞,NIL,< 章なし >,0,12
当って,あたって,当る,動詞,*,代表表記:当たる/あたる 反義:動詞:外れる/はずれる 自他動詞:他:当てる/あてる,< 章なし >,0,12
何,なに,何,名詞,普通名詞,代表表記:何/なに カテゴリ:抽象物 漢字読み:訓,< 章なし >,0,12
か,か,か,助詞,接続助詞,NIL,< 章なし >,0,12
が,が,が,助詞,格助詞,NIL,< 章なし >,0,12
起って,おこって,起る,動詞,*,代表表記:起こる/おこる 自他動詞:他:起こす/おこす,< 章なし >,0,12
いる,いる,いる,接尾辞,動詞性接尾辞,代表表記:いる/いる,< 章なし >,0,12
の,の,の,名詞,形式名詞,NIL,< 章なし >,0,12
を,を,を,助詞,格助詞,NIL,< 章なし >,0,12
知った,しった,知る,動詞,*,代表表記:知る/しる 自他動詞:自:知れる/しれる 補文ト,< 章なし >,0,12
。,。,。,特殊,句点,NIL,< 章なし >,0,12
十四五,十四五,十四五,名詞,数詞,カテゴリ:数量 未知語:数字,< 章なし >,0,13
人,にん,人,接尾辞,名詞性名詞助数辞,代表表記:人/にん カテゴリ:人 準内容語,< 章なし >,0,13
の,の,の,助詞,接続助詞,NIL,< 章なし >,0,13
大人,おとな,大人,名詞,普通名詞,代表表記:大人/おとな カテゴリ:人,< 章なし >,0,13
や,や,や,助詞,接続助詞,NIL,< 章なし >,0,13
子供,こども,子供,名詞,普通名詞,代表表記:子供/こども カテゴリ:人,< 章なし >,0,13
が,が,が,助詞,格助詞,NIL,< 章なし >,0,13
、,、,、,特殊,読点,NIL,< 章なし >,0,13
道ばた,みちばた,道ばた,名詞,普通名詞,代表表記:道端/みちばた カテゴリ:場所-その他,< 章なし >,0,13
に,に,に,助詞,格助詞,NIL,< 章なし >,0,13
不規則な,ふきそくな,不規則だ,形容詞,*,代表表記:不規則だ/ふきそくだ,< 章なし >,0,13
半円,はんえん,半円,名詞,普通名詞,代表表記:半円/はんえん カテゴリ:形・模様,< 章なし >,0,13
を,を,を,助詞,格助詞,NIL,< 章なし >,0,13
描いて,えがいて,描く,動詞,*,代表表記:描く/えがく ドメイン:文化・芸術,< 章なし >,0,13
立,立,立,名詞,人名,自動獲得:Wikipedia 読み不明 Wikipedia人名 Wikipedia名,< 章なし >,0,13
止って,とまって,止る,動詞,*,代表表記:止まる/とまる 反義:動詞:動く/うごく 自他動詞:他:止める/とめる,< 章なし >,0,13
いた,いた,いる,接尾辞,動詞性接尾辞,代表表記:いる/いる,< 章なし >,0,13
。,。,。,特殊,句点,NIL,< 章なし >,0,13
それ,それ,それ,指示詞,名詞形態指示詞,NIL,< 章なし >,0,14
ら,ら,ら,接尾辞,名詞性名詞接尾辞,代表表記:ら/ら,< 章なし >,0,14
の,の,の,助詞,接続助詞,NIL,< 章なし >,0,14
人々,ひとびと,人々,名詞,普通名詞,代表表記:人々/ひとびと カテゴリ:人,< 章なし >,0,14
の,の,の,助詞,接続助詞,NIL,< 章なし >,0,14
顔,かお,顔,名詞,普通名詞,代表表記:顔/かお カテゴリ:動物-部位 漢字読み:訓,< 章なし >,0,14
に,に,に,助詞,格助詞,NIL,< 章なし >,0,14
は,は,は,助詞,副助詞,NIL,< 章なし >,0,14
、,、,、,特殊,読点,NIL,< 章なし >,0,14
皆,みんな,皆,副詞,*,代表表記:皆/みんな 修飾（デ格）,< 章なし >,0,14
一種,いっしゅ,一種,副詞,*,代表表記:一種/いっしゅ,< 章なし >,0,14
の,の,の,助詞,接続助詞,NIL,< 章なし >,0,14
笑い,わらい,笑い,名詞,普通名詞,代表表記:笑い/わらいv 反義:動詞:泣く/なく 連用形名詞化:笑う/わらう,< 章なし >,0,14
が,が,が,助詞,格助詞,NIL,< 章なし >,0,14
浮んで,うかんで,浮ぶ,動詞,*,代表表記:浮かぶ/うかぶ 反義:動詞:沈む/しずむ 自他動詞:他:浮かべる/うかべる,< 章なし >,0,14
いた,いた,いる,接尾辞,動詞性接尾辞,代表表記:いる/いる,< 章なし >,0,14
。,。,。,特殊,句点,NIL,< 章なし >,0,14
喜劇,きげき,喜劇,名詞,普通名詞,代表表記:喜劇/きげき ドメイン:文化・芸術 カテゴリ:抽象物,< 章なし >,0,15
を,を,を,助詞,格助詞,NIL,< 章なし >,0,15
見て,みて,見る,動詞,*,代表表記:見る/みる 自他動詞:自:見える/みえる 補文ト,< 章なし >,0,15
いる,いる,いる,接尾辞,動詞性接尾辞,代表表記:いる/いる,< 章なし >,0,15
人,じん,人,名詞,普通名詞,代表表記:人/じん カテゴリ:人 漢字読み:音,< 章なし >,0,15
の,の,の,助詞,接続助詞,NIL,< 章なし >,0,15
笑い,わらい,笑い,名詞,普通名詞,代表表記:笑い/わらいv 反義:動詞:泣く/なく 連用形名詞化:笑う/わらう,< 章なし >,0,15
が,が,が,助詞,格助詞,NIL,< 章なし >,0,15
浮んで,うかんで,浮ぶ,動詞,*,代表表記:浮かぶ/うかぶ 反義:動詞:沈む/しずむ 自他動詞:他:浮かべる/うかべる,< 章なし >,0,15
いた,いた,いる,接尾辞,動詞性接尾辞,代表表記:いる/いる,< 章なし >,0,15
。,。,。,特殊,句点,NIL,< 章なし >,0,15
ある,ある,ある,連体詞,*,代表表記:或る/ある,< 章なし >,0,16
者,もの,者,名詞,普通名詞,代表表記:者/もの カテゴリ:人 漢字読み:訓,< 章なし >,0,16
は,は,は,助詞,副助詞,NIL,< 章なし >,0,16
大口,おおぐち,大口,名詞,普通名詞,代表表記:大口/おおぐち カテゴリ:形・模様,< 章なし >,0,16
を,を,を,助詞,格助詞,NIL,< 章なし >,0,16
開いて,あいて,開く,動詞,*,代表表記:開く/あく 反義:動詞:閉じる/とじる;動詞:閉まる/しまる 自他動詞:他:開ける/あける,< 章なし >,0,16
ゲラゲラ,ゲラゲラ,ゲラゲラ,副詞,*,自動認識 未知語:擬音語擬態語 する連続可能,< 章なし >,0,16
笑って,わらって,笑う,動詞,*,代表表記:笑う/わらう 反義:動詞:泣く/なく,< 章なし >,0,16
いた,いた,いる,接尾辞,動詞性接尾辞,代表表記:いる/いる,< 章なし >,0,16
。,。,。,特殊,句点,NIL,< 章なし >,0,16
好奇心,こうきしん,好奇心,名詞,普通名詞,代表表記:好奇心/こうきしん カテゴリ:抽象物,< 章なし >,0,17
が,が,が,助詞,格助詞,NIL,< 章なし >,0,17
、,、,、,特殊,読点,NIL,< 章なし >,0,17
私,わたし,私,名詞,普通名詞,代表表記:私/わたし カテゴリ:人 漢字読み:訓,< 章なし >,0,17
を,を,を,助詞,格助詞,NIL,< 章なし >,0,17
そこ,そこ,そこ,指示詞,名詞形態指示詞,NIL,< 章なし >,0,17
へ,へ,へ,助詞,格助詞,NIL,< 章なし >,0,17
近付か,ちかづか,近付く,動詞,*,代表表記:近付く/ちかづく 反義:動詞:遠ざかる/とおざかる;動詞:遠退く/とおのく 自他動詞:他:近付ける/ちかづける,< 章なし >,0,17
せた,せた,せる,接尾辞,動詞性接尾辞,代表表記:せる/せる,< 章なし >,0,17
。,。,。,特殊,句点,NIL,< 章なし >,0,17
近付,ちかづき,近付,名詞,普通名詞,代表表記:近付き/ちかづきv 反義:動詞:遠ざかる/とおざかる;動詞:遠退く/とおのく 自他動詞:他:近付ける/ちかづける 連用形名詞化:近付く/ちかづく 送り仮名引っ込み,< 章なし >,0,18
に,に,に,助詞,格助詞,NIL,< 章なし >,0,18
従って,したがって,従う,動詞,*,代表表記:従う/したがう 自他動詞:他:従える/したがえる,< 章なし >,0,18
、,、,、,特殊,読点,NIL,< 章なし >,0,18
大勢,おおぜい,大勢,名詞,普通名詞,代表表記:大勢/おおぜい カテゴリ:人,< 章なし >,0,18
の,の,の,助詞,接続助詞,NIL,< 章なし >,0,18
笑顔,えがお,笑顔,名詞,普通名詞,代表表記:笑顔/えがお カテゴリ:動物-部位,< 章なし >,0,18
と,と,と,助詞,格助詞,NIL,< 章なし >,0,18
際立った,きわだった,際立つ,動詞,*,代表表記:際立つ/きわだつ 自他動詞:他:際立てる/きわだてる,< 章なし >,0,18
対照,たいしょう,対照,名詞,サ変名詞,代表表記:対照/たいしょう カテゴリ:抽象物,< 章なし >,0,18
を,を,を,助詞,格助詞,NIL,< 章なし >,0,18
示して,しめして,示す,動詞,*,代表表記:示す/しめす,< 章なし >,0,18
いる,いる,いる,接尾辞,動詞性接尾辞,代表表記:いる/いる,< 章なし >,0,18
一,いち,一,名詞,数詞,カテゴリ:数量,< 章なし >,0,18
つ,つ,つ,接尾辞,名詞性名詞助数辞,代表表記:つ/つ 準内容語 連語由来,< 章なし >,0,18
の,の,の,助詞,接続助詞,NIL,< 章なし >,0,18
真面目,まじめ,真面目だ,形容詞,*,代表表記:真面目だ/まじめだ,< 章なし >,0,18
くさった,くさった,くさる,動詞,*,代表表記:腐る/くさる 付属動詞候補（基本）,< 章なし >,0,18
顔,かお,顔,名詞,普通名詞,代表表記:顔/かお カテゴリ:動物-部位 漢字読み:訓,< 章なし >,0,18
を,を,を,助詞,格助詞,NIL,< 章なし >,0,18
発見,はっけん,発見,名詞,サ変名詞,代表表記:発見/はっけん カテゴリ:抽象物,< 章なし >,0,18
した,した,する,動詞,*,代表表記:する/する 自他動詞:自:成る/なる 付属動詞候補（基本）,< 章なし >,0,18
。,。,。,特殊,句点,NIL,< 章なし >,0,18
その,その,その,指示詞,連体詞形態指示詞,NIL,< 章なし >,0,19
青ざめた,あおざめた,青ざめる,動詞,*,代表表記:青褪める/あおざめる,< 章なし >,0,19
顔,かお,顔,名詞,普通名詞,代表表記:顔/かお カテゴリ:動物-部位 漢字読み:訓,< 章なし >,0,19
は,は,は,助詞,副助詞,NIL,< 章なし >,0,19
、,、,、,特殊,読点,NIL,< 章なし >,0,19
口,くち,口,名詞,普通名詞,代表表記:口/くち カテゴリ:動物-部位;抽象物;形・模様 漢字読み:訓,< 章なし >,0,19
を,を,を,助詞,格助詞,NIL,< 章なし >,0,19
とがら,とがら,とがる,動詞,*,代表表記:尖る/とがる,< 章なし >,0,19
せて,せて,せる,接尾辞,動詞性接尾辞,代表表記:せる/せる,< 章なし >,0,19
、,、,、,特殊,読点,NIL,< 章なし >,0,19
何事,なにごと,何事,名詞,普通名詞,代表表記:何事/なにごと カテゴリ:抽象物,< 章なし >,0,19
か,か,か,助詞,接続助詞,NIL,< 章なし >,0,19
熱心に,ねっしんに,熱心だ,形容詞,*,代表表記:熱心だ/ねっしんだ,< 章なし >,0,19
弁じ,べんじ,弁じる,動詞,*,代表表記:弁じる/べんじる,< 章なし >,0,19
立てて,たてて,立てる,動詞,*,代表表記:立てる/たてる 自他動詞:自:立つ/たつ 付属動詞候補（基本）,< 章なし >,0,19
いた,いた,いる,接尾辞,動詞性接尾辞,代表表記:いる/いる,< 章なし >,0,19
。,。,。,特殊,句点,NIL,< 章なし >,0,19
香具,香具,香具,未定義語,その他,未知語:漢字 品詞推定:名詞,< 章なし >,0,20
師,し,師,名詞,普通名詞,代表表記:師/し カテゴリ:人 漢字読み:音,< 章なし >,0,20
の,の,の,助詞,接続助詞,NIL,< 章なし >,0,20
口上,こうじょう,口上,名詞,普通名詞,代表表記:口上/こうじょう カテゴリ:抽象物,< 章なし >,0,20
に,に,に,助詞,格助詞,NIL,< 章なし >,0,20
して,して,する,動詞,*,代表表記:する/する 自他動詞:自:成る/なる 付属動詞候補（基本）,< 章なし >,0,20
は,は,は,助詞,副助詞,NIL,< 章なし >,0,20
余りに,あまりに,余りだ,形容詞,*,代表表記:余りだ/あまりだ,< 章なし >,0,20
熱心,ねっしん,熱心だ,形容詞,*,代表表記:熱心だ/ねっしんだ,< 章なし >,0,20
過ぎた,すぎた,過ぎる,接尾辞,動詞性接尾辞,代表表記:過ぎる/すぎる,< 章なし >,0,20
。,。,。,特殊,句点,NIL,< 章なし >,0,20
宗教,しゅうきょう,宗教,名詞,普通名詞,代表表記:宗教/しゅうきょう ドメイン:文化・芸術 カテゴリ:抽象物,< 章なし >,0,21
家,か,家,接尾辞,名詞性名詞接尾辞,代表表記:家/か カテゴリ:人 内容語,< 章なし >,0,21
の,の,の,助詞,接続助詞,NIL,< 章なし >,0,21
辻,つじ,辻,名詞,普通名詞,代表表記:辻/つじ カテゴリ:場所-その他,< 章なし >,0,21
説法,せっぽう,説法,名詞,サ変名詞,代表表記:説法/せっぽう ドメイン:文化・芸術 カテゴリ:抽象物,< 章なし >,0,21
に,に,に,助詞,格助詞,NIL,< 章なし >,0,21
して,して,する,動詞,*,代表表記:する/する 自他動詞:自:成る/なる 付属動詞候補（基本）,< 章なし >,0,21
は,は,は,助詞,副助詞,NIL,< 章なし >,0,21
見物,けんぶつ,見物,名詞,サ変名詞,代表表記:見物/けんぶつ カテゴリ:抽象物,< 章なし >,0,21
の,の,の,助詞,接続助詞,NIL,< 章なし >,0,21
態度,たいど,態度,名詞,普通名詞,代表表記:態度/たいど カテゴリ:抽象物,< 章なし >,0,21
が,が,が,助詞,格助詞,NIL,< 章なし >,0,21
不謹慎だった,ふきんしんだった,不謹慎だ,形容詞,*,代表表記:不謹慎だ/ふきんしんだ,< 章なし >,0,21
。,。,。,特殊,句点,NIL,< 章なし >,0,21
一体,いったい,一体,副詞,*,代表表記:一体/いったい,< 章なし >,0,22
、,、,、,特殊,読点,NIL,< 章なし >,0,22
これ,これ,これ,指示詞,名詞形態指示詞,NIL,< 章なし >,0,22
は,は,は,助詞,副助詞,NIL,< 章なし >,0,22
何事,なにごと,何事,名詞,普通名詞,代表表記:何事/なにごと カテゴリ:抽象物,< 章なし >,0,22
が,が,が,助詞,格助詞,NIL,< 章なし >,0,22
始まって,はじまって,始まる,動詞,*,代表表記:始まる/はじまる 反義:動詞:終わる/おわる 自他動詞:他:始める/はじめる,< 章なし >,0,22
いる,いる,いる,接尾辞,動詞性接尾辞,代表表記:いる/いる,< 章なし >,0,22
のだ,のだ,のだ,助動詞,*,NIL,< 章なし >,0,22
。,。,。,特殊,句点,NIL,< 章なし >,0,22
私,わたし,私,名詞,普通名詞,代表表記:私/わたし カテゴリ:人 漢字読み:訓,< 章なし >,0,23
は,は,は,助詞,副助詞,NIL,< 章なし >,0,23
知らず知らず,しらずしらず,知らず知らず,副詞,*,代表表記:知らず知らず/しらずしらず 修飾（ニ格）,< 章なし >,0,23
半円,はんえん,半円,名詞,普通名詞,代表表記:半円/はんえん カテゴリ:形・模様,< 章なし >,0,23
の,の,の,助詞,接続助詞,NIL,< 章なし >,0,23
群集,群集,群集,名詞,普通名詞,自動獲得:Wikipedia 読み不明 Wikipediaリダイレクト:群衆,< 章なし >,0,23
に,に,に,助詞,格助詞,NIL,< 章なし >,0,23
混,こみ,混,名詞,普通名詞,代表表記:込み/こみv 反義:動詞:空く/すく 連用形名詞化:込む/こむ 付属動詞候補（基本） 送り仮名引っ込み,< 章なし >,0,23
って,って,って,助詞,副助詞,NIL,< 章なし >,0,23
、,、,、,特殊,読点,NIL,< 章なし >,0,23
聴聞,ちょうもん,聴聞,名詞,サ変名詞,代表表記:聴聞/ちょうもん ドメイン:政治 カテゴリ:抽象物,< 章なし >,0,23
者,しゃ,者,接尾辞,名詞性名詞接尾辞,代表表記:者/しゃ カテゴリ:人 内容語,< 章なし >,0,23
の,の,の,助詞,接続助詞,NIL,< 章なし >,0,23
一,いち,一,名詞,数詞,カテゴリ:数量,< 章なし >,0,23
人,にん,人,接尾辞,名詞性名詞助数辞,代表表記:人/にん カテゴリ:人 準内容語,< 章なし >,0,23
と,と,と,助詞,格助詞,NIL,< 章なし >,0,23
なって,なって,なる,動詞,*,代表表記:成る/なる 自他動詞:他:成す/なす;他:する/する,< 章なし >,0,23
いた,いた,いる,接尾辞,動詞性接尾辞,代表表記:いる/いる,< 章なし >,0,23
。,。,。,特殊,句点,NIL,< 章なし >,0,23
演説,えんぜつ,演説,名詞,サ変名詞,代表表記:演説/えんぜつ ドメイン:政治 カテゴリ:抽象物,< 章なし >,0,24
者,しゃ,者,接尾辞,名詞性名詞接尾辞,代表表記:者/しゃ カテゴリ:人 内容語,< 章なし >,0,24
は,は,は,助詞,副助詞,NIL,< 章なし >,0,24
、,、,、,特殊,読点,NIL,< 章なし >,0,24
青,あお,青,名詞,普通名詞,代表表記:青/あお カテゴリ:色 漢字読み:訓,< 章なし >,0,24
っぽい,っぽい,っぽい,接尾辞,形容詞性名詞接尾辞,代表表記:っぽい/っぽい,< 章なし >,0,24
くすんだ,くすんだ,くすむ,動詞,*,代表表記:くすむ/くすむ,< 章なし >,0,24
色,いろ,色,名詞,普通名詞,代表表記:色/いろ カテゴリ:色 漢字読み:訓,< 章なし >,0,24
の,の,の,助詞,接続助詞,NIL,< 章なし >,0,24
セル,せる,セル,名詞,普通名詞,代表表記:セル/せる 自動獲得:テキスト 副詞識別,< 章なし >,0,24
に,に,に,助詞,格助詞,NIL,< 章なし >,0,24
、,、,、,特殊,読点,NIL,< 章なし >,0,24
黄色,きいろ,黄色,名詞,普通名詞,代表表記:黄色/きいろ カテゴリ:色,< 章なし >,0,24
の,の,の,助詞,接続助詞,NIL,< 章なし >,0,24
角帯,かくおび,角帯,名詞,普通名詞,自動獲得:Wikipedia Wikipedia上位語:男帯,< 章なし >,0,24
を,を,を,助詞,格助詞,NIL,< 章なし >,0,24
キチンと,きちんと,キチンと,副詞,*,代表表記:きちんと/きちんと スル接続可能,< 章なし >,0,24
締めた,しめた,締める,動詞,*,代表表記:締める/しめる 反義:動詞:緩める/ゆるめる 自他動詞:自:締まる/しまる,< 章なし >,0,24
、,、,、,特殊,読点,NIL,< 章なし >,0,24
風采,ふうさい,風采,名詞,普通名詞,代表表記:風采/ふうさい カテゴリ:抽象物,< 章なし >,0,24
の,の,の,助詞,格助詞,NIL,< 章なし >,0,24
よい,よい,よい,形容詞,*,代表表記:良い/よい 反義:形容詞:悪い/わるい,< 章なし >,0,24
、,、,、,特殊,読点,NIL,< 章なし >,0,24
見た,みた,見る,動詞,*,代表表記:見る/みる 自他動詞:自:見える/みえる 補文ト,< 章なし >,0,24
所,しょ,所,名詞,普通名詞,代表表記:所/しょ カテゴリ:場所-施設 漢字読み:音,< 章なし >,0,24
相当,そうとう,相当,名詞,サ変名詞,代表表記:相当/そうとう カテゴリ:抽象物 形容詞派生:相当だ/そうとうだ,< 章なし >,0,24
教養,きょうよう,教養,名詞,普通名詞,代表表記:教養/きょうよう カテゴリ:抽象物,< 章なし >,0,24
も,も,も,助詞,副助詞,NIL,< 章なし >,0,24
あり,あり,ある,動詞,*,代表表記:有る/ある 反義:形容詞:無い/ない 補文ト,< 章なし >,0,24
そうな,そうな,そうだ,接尾辞,形容詞性述語接尾辞,代表表記:そうだ/そうだ,< 章なし >,0,24
四十,四十,四十,名詞,数詞,カテゴリ:数量 未知語:数字,< 章なし >,0,24
男,おとこ,男,名詞,普通名詞,代表表記:男/おとこ カテゴリ:人 漢字読み:訓,< 章なし >,0,24
であった,であった,だ,判定詞,*,NIL,< 章なし >,0,24
。,。,。,特殊,句点,NIL,< 章なし >,0,24
鬘,鬘,鬘,未定義語,その他,未知語:漢字 品詞推定:名詞,< 章なし >,0,25
の,の,だ,判定詞,*,NIL,< 章なし >,0,25
様に,ように,様だ,助動詞,*,NIL,< 章なし >,0,25
綺麗に,きれいに,綺麗だ,形容詞,*,代表表記:綺麗だ/きれいだ,< 章なし >,0,25
光ら,ひから,光る,動詞,*,代表表記:光る/ひかる 名詞派生:光/ひかり,< 章なし >,0,25
せた,せた,せる,接尾辞,動詞性接尾辞,代表表記:せる/せる,< 章なし >,0,25
頭髪,とうはつ,頭髪,名詞,普通名詞,代表表記:頭髪/とうはつ カテゴリ:動物-部位,< 章なし >,0,25
の,の,の,助詞,接続助詞,NIL,< 章なし >,0,25
下,した,下,名詞,普通名詞,代表表記:下/した カテゴリ:場所-機能 漢字読み:訓,< 章なし >,0,25
に,に,に,助詞,格助詞,NIL,< 章なし >,0,25
、,、,、,特殊,読点,NIL,< 章なし >,0,25
中高,中高,中高,名詞,地名,代表表記:中高/中高 地名:日本 DEV:body3,< 章なし >,0,25
の,の,の,助詞,接続助詞,NIL,< 章なし >,0,25
薤形,薤形,薤形,未定義語,その他,未知語:漢字 品詞推定:名詞,< 章なし >,0,25
の,の,の,助詞,格助詞,NIL,< 章なし >,0,25
青ざめた,あおざめた,青ざめる,動詞,*,代表表記:青褪める/あおざめる,< 章なし >,0,25
顔,かお,顔,名詞,普通名詞,代表表記:顔/かお カテゴリ:動物-部位 漢字読み:訓,< 章なし >,0,25
、,、,、,特殊,読点,NIL,< 章なし >,0,25
細い,ほそい,細い,形容詞,*,代表表記:細い/ほそい 反義:形容詞:太い/ふとい,< 章なし >,0,25
眼,がん,眼,名詞,普通名詞,代表表記:眼/がん カテゴリ:動物-部位 漢字読み:音,< 章なし >,0,25
、,、,、,特殊,読点,NIL,< 章なし >,0,25
立派な,りっぱな,立派だ,形容詞,*,代表表記:立派だ/りっぱだ,< 章なし >,0,25
口髭,くちひげ,口髭,名詞,普通名詞,自動獲得:Wikipedia,< 章なし >,0,25
で,で,で,助詞,格助詞,NIL,< 章なし >,0,25
隈,くま,隈,名詞,普通名詞,代表表記:隈/くま カテゴリ:抽象物,< 章なし >,0,25
どった,どった,どる,動詞,*,代表表記:取る/とる 濁音化D 自他動詞:自:取れる/とれる 付属動詞候補（基本）,< 章なし >,0,25
真,ま,真,接頭辞,名詞接頭辞,代表表記:真/ま 内容語,< 章なし >,0,25
赤,あか,赤,名詞,普通名詞,代表表記:赤/あか カテゴリ:色 漢字読み:訓,< 章なし >,0,25
な,な,だ,判定詞,*,NIL,< 章なし >,0,25
脣,脣,脣,未定義語,その他,未知語:漢字 品詞推定:名詞,< 章なし >,0,25
、,、,、,特殊,読点,NIL,< 章なし >,0,25
その,その,その,指示詞,連体詞形態指示詞,NIL,< 章なし >,0,25
脣,脣,脣,未定義語,その他,未知語:漢字 品詞推定:名詞,< 章なし >,0,25
が,が,が,助詞,格助詞,NIL,< 章なし >,0,25
不作法に,ぶさほうに,不作法だ,形容詞,*,代表表記:不作法だ/ぶさほうだ,< 章なし >,0,25
つばき,つばき,つばき,名詞,普通名詞,代表表記:椿/つばき カテゴリ:植物,< 章なし >,0,25
を,を,を,助詞,格助詞,NIL,< 章なし >,0,25
飛ばして,とばして,飛ばす,動詞,*,代表表記:飛ばす/とばす 自他動詞:自:飛ぶ/とぶ 付属動詞候補（基本）,< 章なし >,0,25
バクバク,ばくばく,バクバク,名詞,普通名詞,代表表記:バクバク/ばくばく 自動獲得:テキスト 副詞識別,< 章なし >,0,25
動いて,うごいて,動く,動詞,*,代表表記:動く/うごく 反義:動詞:止まる/とまる 自他動詞:他:動かす/うごかす,< 章なし >,0,25
いる,いる,いる,接尾辞,動詞性接尾辞,代表表記:いる/いる,< 章なし >,0,25
のだ,のだ,のだ,助動詞,*,NIL,< 章なし >,0,25
。,。,。,特殊,句点,NIL,< 章なし >,0,25
汗,あせ,汗,名詞,普通名詞,代表表記:汗/あせ カテゴリ:自然物 漢字読み:訓,< 章なし >,0,26
を,を,を,助詞,格助詞,NIL,< 章なし >,0,26
かいた,かいた,かく,動詞,*,代表表記:掻く/かく,< 章なし >,0,26
高い,たかい,高い,形容詞,*,代表表記:高い/たかい 反義:形容詞:安い/やすい;形容詞:低い/ひくい,< 章なし >,0,26
鼻,はな,鼻,名詞,普通名詞,代表表記:鼻/はな カテゴリ:動物-部位 漢字読み:訓,< 章なし >,0,26
、,、,、,特殊,読点,NIL,< 章なし >,0,26
そして,そして,そして,接続詞,*,代表表記:そして/そして,< 章なし >,0,26
、,、,、,特殊,読点,NIL,< 章なし >,0,26
着物,きもの,着物,名詞,普通名詞,代表表記:着物/きもの ドメイン:家庭・暮らし カテゴリ:人工物-衣類,< 章なし >,0,26
の,の,の,助詞,接続助詞,NIL,< 章なし >,0,26
裾,すそ,裾,名詞,普通名詞,代表表記:裾/すそ カテゴリ:場所-機能,< 章なし >,0,26
から,から,から,助詞,格助詞,NIL,< 章なし >,0,26
は,は,は,助詞,副助詞,NIL,< 章なし >,0,26
、,、,、,特殊,読点,NIL,< 章なし >,0,26
砂埃,すなぼこり,砂埃,名詞,普通名詞,代表表記:砂埃/すなぼこり カテゴリ:自然物,< 章なし >,0,26
に,に,に,助詞,格助詞,NIL,< 章なし >,0,26
まみれた,まみれた,まみれる,動詞,*,代表表記:まみれる/まみれる,< 章なし >,0,26
跣足,跣足,跣足,名詞,普通名詞,自動獲得:Wikipedia 読み不明 Wikipediaリダイレクト:裸足,< 章なし >,0,26
の,の,の,助詞,接続助詞,NIL,< 章なし >,0,26
足,あし,足,名詞,普通名詞,代表表記:足/あし カテゴリ:動物-部位 漢字読み:訓,< 章なし >,0,26
が,が,が,助詞,格助詞,NIL,< 章なし >,0,26
覗いて,のぞいて,覗く,動詞,*,代表表記:覗く/のぞく,< 章なし >,0,26
いた,いた,いる,接尾辞,動詞性接尾辞,代表表記:いる/いる,< 章なし >,0,26
。,。,。,特殊,句点,NIL,< 章なし >,0,26
「,「,「,特殊,括弧始,NIL,< 章なし >,0,27
……,……,……,特殊,記号,NIL,< 章なし >,0,27
俺,おれ,俺,名詞,普通名詞,代表表記:俺/おれ カテゴリ:人,< 章なし >,0,27
は,は,は,助詞,副助詞,NIL,< 章なし >,0,27
どんなに,どんなに,どんなだ,形容詞,*,代表表記:どんなだ/どんなだ,< 章なし >,0,27
俺,おれ,俺,名詞,普通名詞,代表表記:俺/おれ カテゴリ:人,< 章なし >,0,27
の,の,の,助詞,接続助詞,NIL,< 章なし >,0,27
女房,にょうぼう,女房,名詞,普通名詞,代表表記:女房/にょうぼう ドメイン:家庭・暮らし カテゴリ:人,< 章なし >,0,27
を,を,を,助詞,格助詞,NIL,< 章なし >,0,27
愛して,あいして,愛す,動詞,*,代表表記:愛す/あいす 反義:動詞:憎む/にくむ 同義:動詞:愛する/あいする,< 章なし >,0,27
いた,いた,いる,接尾辞,動詞性接尾辞,代表表記:いる/いる,< 章なし >,0,27
か,か,か,助詞,接続助詞,NIL,< 章なし >,0,27
」,」,」,特殊,括弧終,NIL,< 章なし >,0,27
演説,えんぜつ,演説,名詞,サ変名詞,代表表記:演説/えんぜつ ドメイン:政治 カテゴリ:抽象物,< 章なし >,0,27
は,は,は,助詞,副助詞,NIL,< 章なし >,0,27
今や,いまや,今や,副詞,*,代表表記:今や/いまや,< 章なし >,0,27
高,たか,高い,形容詞,*,代表表記:高い/たかい 反義:形容詞:安い/やすい;形容詞:低い/ひくい,< 章なし >,0,27
調,ちょう,調,接尾辞,名詞性名詞接尾辞,代表表記:調/ちょう,< 章なし >,0,27
に,に,に,助詞,格助詞,NIL,< 章なし >,0,27
達して,たっして,達する,動詞,*,代表表記:達する/たっする,< 章なし >,0,27
いる,いる,いる,接尾辞,動詞性接尾辞,代表表記:いる/いる,< 章なし >,0,27
らしく,らしく,らしい,助動詞,*,NIL,< 章なし >,0,27
見えた,みえた,見える,動詞,*,代表表記:見える/みえる 自他動詞:他:見る/みる,< 章なし >,0,27
。,。,。,特殊,句点,NIL,< 章なし >,0,27
男,おとこ,男,名詞,普通名詞,代表表記:男/おとこ カテゴリ:人 漢字読み:訓,< 章なし >,0,28
は,は,は,助詞,副助詞,NIL,< 章なし >,0,28
無量,無量,無量,名詞,地名,自動獲得:Wikipedia 読み不明 Wikipedia複合地名,< 章なし >,0,28
の,の,の,助詞,接続助詞,NIL,< 章なし >,0,28
感慨,かんがい,感慨,名詞,普通名詞,代表表記:感慨/かんがい カテゴリ:抽象物,< 章なし >,0,28
を,を,を,助詞,格助詞,NIL,< 章なし >,0,28
罩,罩,罩,未定義語,その他,未知語:漢字 品詞推定:名詞,< 章なし >,0,28
めて,めて,めて,副詞,*,代表表記:めて/めて 自動獲得:テキスト 副詞識別,< 章なし >,0,28
こういった,こういった,こういった,指示詞,連体詞形態指示詞,NIL,< 章なし >,0,28
まま,まま,まま,名詞,副詞的名詞,代表表記:まま/まま,< 章なし >,0,28
、,、,、,特殊,読点,NIL,< 章なし >,0,28
暫く,しばらく,暫く,副詞,*,代表表記:暫く/しばらく,< 章なし >,0,28
見物,けんぶつ,見物,名詞,サ変名詞,代表表記:見物/けんぶつ カテゴリ:抽象物,< 章なし >,0,28
達,たち,達,接尾辞,名詞性名詞接尾辞,代表表記:達/たち,< 章なし >,0,28
の,の,の,助詞,接続助詞,NIL,< 章なし >,0,28
顔,かお,顔,名詞,普通名詞,代表表記:顔/かお カテゴリ:動物-部位 漢字読み:訓,< 章なし >,0,28
から,から,から,助詞,格助詞,NIL,< 章なし >,0,28
顔,かお,顔,名詞,普通名詞,代表表記:顔/かお カテゴリ:動物-部位 漢字読み:訓,< 章なし >,0,28
を,を,を,助詞,格助詞,NIL,< 章なし >,0,28
見,み,見る,動詞,*,代表表記:見る/みる 自他動詞:自:見える/みえる 補文ト,< 章なし >,0,28
廻して,まわして,廻す,動詞,*,代表表記:回す/まわす 自他動詞:自:回る/まわる 付属動詞候補（基本）,< 章なし >,0,28
いた,いた,いる,接尾辞,動詞性接尾辞,代表表記:いる/いる,< 章なし >,0,28
が,が,が,助詞,接続助詞,NIL,< 章なし >,0,28
、,、,、,特殊,読点,NIL,< 章なし >,0,28
やがて,やがて,やがて,副詞,*,代表表記:やがて/やがて,< 章なし >,0,28
、,、,、,特殊,読点,NIL,< 章なし >,0,28
自問,じもん,自問,名詞,サ変名詞,代表表記:自問/じもん カテゴリ:抽象物,< 章なし >,0,28
に,に,に,助詞,格助詞,NIL,< 章なし >,0,28
答える,こたえる,答える,動詞,*,代表表記:答える/こたえる 反義:動詞:問う/とう 補文ト,< 章なし >,0,28
様に,ように,様だ,助動詞,*,NIL,< 章なし >,0,28
続けた,つづけた,続ける,動詞,*,代表表記:続ける/つづける 自他動詞:自:続く/つづく 付属動詞候補（基本）,< 章なし >,0,28
。,。,。,特殊,句点,NIL,< 章なし >,0,28
「,「,「,特殊,括弧始,NIL,< 章なし >,0,29
殺す,ころす,殺す,動詞,*,代表表記:殺す/ころす 反義:動詞:生かす/いかす,< 章なし >,0,29
程,ほど,程,名詞,副詞的名詞,代表表記:程/ほど,< 章なし >,0,29
愛して,あいして,愛す,動詞,*,代表表記:愛す/あいす 反義:動詞:憎む/にくむ 同義:動詞:愛する/あいする,< 章なし >,0,29
いた,いた,いる,接尾辞,動詞性接尾辞,代表表記:いる/いる,< 章なし >,0,29
のだ,のだ,のだ,助動詞,*,NIL,< 章なし >,0,29
！,！,！,特殊,記号,NIL,< 章なし >,0,29
」,」,」,特殊,括弧終,NIL,< 章なし >,0,29
「,「,「,特殊,括弧始,NIL,< 章なし >,0,29
……,……,……,特殊,記号,NIL,< 章なし >,0,29
悲しい,かなしい,悲しい,形容詞,*,代表表記:悲しい/かなしい 反義:形容詞:嬉しい/うれしい 動詞派生:悲しむ/かなしむ,< 章なし >,0,29
哉,哉,哉,名詞,人名,自動獲得:Wikipedia 読み不明 Wikipedia人名 Wikipedia名,< 章なし >,0,29
、,、,、,特殊,読点,NIL,< 章なし >,0,29
あの,あの,あの,指示詞,連体詞形態指示詞,NIL,< 章なし >,0,29
女,おんな,女,名詞,普通名詞,代表表記:女/おんな カテゴリ:人 漢字読み:訓,< 章なし >,0,29
は,は,は,助詞,副助詞,NIL,< 章なし >,0,29
浮気,うわき,浮気だ,形容詞,*,代表表記:浮気だ/うわきだ ドメイン:家庭・暮らし,< 章なし >,0,29
者,しゃ,者,接尾辞,名詞性名詞接尾辞,代表表記:者/しゃ カテゴリ:人 内容語,< 章なし >,0,29
だった,だった,だ,判定詞,*,NIL,< 章なし >,0,29
」,」,」,特殊,括弧終,NIL,< 章なし >,0,29
ドッと,どっと,ドッと,副詞,*,代表表記:ドッと/どっと スル接続可能,< 章なし >,0,29
見物,けんぶつ,見物,名詞,サ変名詞,代表表記:見物/けんぶつ カテゴリ:抽象物,< 章なし >,0,29
の,の,の,助詞,接続助詞,NIL,< 章なし >,0,29
間,あいだ,間,名詞,副詞的名詞,代表表記:間/あいだ,< 章なし >,0,29
に,に,に,助詞,格助詞,NIL,< 章なし >,0,29
笑い声,わらいごえ,笑い声,名詞,普通名詞,代表表記:笑い声/わらいごえ カテゴリ:抽象物,< 章なし >,0,29
が,が,が,助詞,格助詞,NIL,< 章なし >,0,29
起った,起った,起つ,動詞,*,自動獲得:Wiktionary 読み不明,< 章なし >,0,29
ので,ので,のだ,助動詞,*,NIL,< 章なし >,0,29
、,、,、,特殊,読点,NIL,< 章なし >,0,29
其次,其次,其次,未定義語,その他,未知語:漢字 品詞推定:名詞,< 章なし >,0,29
の,の,の,助詞,接続助詞,NIL,< 章なし >,0,29
「,「,「,特殊,括弧始,NIL,< 章なし >,0,29
いつ,いつ,いつ,名詞,時相名詞,代表表記:いつ/いつ カテゴリ:時間,< 章なし >,0,29
余所,よそ,余所,名詞,普通名詞,代表表記:余所/よそ カテゴリ:場所-その他,< 章なし >,0,29
の,の,の,助詞,接続助詞,NIL,< 章なし >,0,29
男,おとこ,男,名詞,普通名詞,代表表記:男/おとこ カテゴリ:人 漢字読み:訓,< 章なし >,0,29
とく,とく,とくだ,形容詞,*,代表表記:得だ/とくだ 動詞派生:得する/とくする,< 章なし >,0,29
ッ,ッ,ッ,未定義語,カタカナ,未知語:カタカナ 品詞推定:名詞,< 章なし >,0,29
つく,つく,つく,動詞,*,代表表記:付く/つく 自他動詞:他:付ける/つける 補文ト 付属動詞候補（基本）,< 章なし >,0,29
かも,かも,かも,助詞,接続助詞,NIL,< 章なし >,0,29
知れ,しれ,知れる,動詞,*,代表表記:知れる/しれる 可能動詞:知る/しる 補文ト,< 章なし >,0,29
なかった,なかった,ない,接尾辞,形容詞性述語接尾辞,代表表記:ない/ない,< 章なし >,0,29
」,」,」,特殊,括弧終,NIL,< 章なし >,0,29
と,と,と,助詞,格助詞,NIL,< 章なし >,0,29
いう,いう,いう,動詞,*,代表表記:言う/いう 補文ト,< 章なし >,0,29
言葉,ことば,言葉,名詞,普通名詞,代表表記:言葉/ことば カテゴリ:抽象物,< 章なし >,0,29
は,は,は,助詞,副助詞,NIL,< 章なし >,0,29
危く,きく,危く,名詞,普通名詞,代表表記:危懼/きく 自動獲得:Wiktionary,< 章なし >,0,29
聞き,きき,聞く,動詞,*,代表表記:聞く/きく 自他動詞:自:聞こえる/きこえる 補文ト,< 章なし >,0,29
洩,洩れ,洩,名詞,普通名詞,代表表記:洩れ/洩れ 自動獲得:テキスト 連用形名詞化:洩れる/洩れる 送り仮名引っ込み,< 章なし >,0,29
す,す,する,動詞,*,代表表記:する/する 自他動詞:自:成る/なる 付属動詞候補（基本）,< 章なし >,0,29
所,しょ,所,名詞,普通名詞,代表表記:所/しょ カテゴリ:場所-施設 漢字読み:音,< 章なし >,0,29
だった,だった,だ,判定詞,*,NIL,< 章なし >,0,29
。,。,。,特殊,句点,NIL,< 章なし >,0,29
「,「,「,特殊,括弧始,NIL,< 章なし >,0,30
いや,いや,いや,感動詞,*,代表表記:いや/いや,< 章なし >,0,30
、,、,、,特殊,読点,NIL,< 章なし >,0,30
もう,もう,もう,副詞,*,代表表記:もう/もう 数量修飾,< 章なし >,0,30
とっく,とっく,とっく,名詞,普通名詞,自動獲得:Wikipedia Wikipedia多義,< 章なし >,0,30
にく,にく,にく,名詞,普通名詞,代表表記:肉/にく ドメイン:料理・食事 カテゴリ:動物-部位;人工物-食べ物 漢字読み:音,< 章なし >,0,30
ッ,ッ,ッ,未定義語,カタカナ,未知語:カタカナ 品詞推定:名詞,< 章なし >,0,30
ついて,ついて,つく,動詞,*,代表表記:付く/つく 自他動詞:他:付ける/つける 補文ト 付属動詞候補（基本）,< 章なし >,0,30
いた,いた,いる,接尾辞,動詞性接尾辞,代表表記:いる/いる,< 章なし >,0,30
かも,かも,かも,助詞,接続助詞,NIL,< 章なし >,0,30
知れ,しれ,知れる,動詞,*,代表表記:知れる/しれる 可能動詞:知る/しる 補文ト,< 章なし >,0,30
ない,ない,ない,接尾辞,形容詞性述語接尾辞,代表表記:ない/ない,< 章なし >,0,30
のだ,のだ,のだ,助動詞,*,NIL,< 章なし >,0,30
」,」,」,特殊,括弧終,NIL,< 章なし >,0,30
そこ,そこ,そこ,指示詞,名詞形態指示詞,NIL,< 章なし >,0,30
で,で,で,助詞,格助詞,NIL,< 章なし >,0,30
又,また,又,助詞,接続助詞,NIL,< 章なし >,0,30
、,、,、,特殊,読点,NIL,< 章なし >,0,30
前,まえ,前,名詞,時相名詞,代表表記:前/まえ カテゴリ:場所-機能;時間 漢字読み:訓 〜を〜に構成語 弱時相名詞,< 章なし >,0,30
に,に,に,助詞,格助詞,NIL,< 章なし >,0,30
も,も,も,助詞,副助詞,NIL,< 章なし >,0,30
ました,ました,ます,動詞,*,代表表記:増す/ます 反義:動詞:減らす/へらす;動詞:減る/へる,< 章なし >,0,30
高,こう,高,接頭辞,名詞接頭辞,代表表記:高/こう 内容語 換言:+N:Nが高い;+N:Nが良い,< 章なし >,0,30
笑い,わらい,笑い,名詞,普通名詞,代表表記:笑い/わらいv 反義:動詞:泣く/なく 連用形名詞化:笑う/わらう,< 章なし >,0,30
が,が,が,助詞,格助詞,NIL,< 章なし >,0,30
起った,おこった,起る,動詞,*,代表表記:起こる/おこる 自他動詞:他:起こす/おこす,< 章なし >,0,30
。,。,。,特殊,句点,NIL,< 章なし >,0,30
「,「,「,特殊,括弧始,NIL,< 章なし >,0,31
俺,おれ,俺,名詞,普通名詞,代表表記:俺/おれ カテゴリ:人,< 章なし >,0,31
は,は,は,助詞,副助詞,NIL,< 章なし >,0,31
心配で,しんぱいで,心配だ,形容詞,*,代表表記:心配だ/しんぱいだ 反義:形容詞:安心だ/あんしんだ,< 章なし >,0,31
心配で,しんぱいで,心配だ,形容詞,*,代表表記:心配だ/しんぱいだ 反義:形容詞:安心だ/あんしんだ,< 章なし >,0,31
」,」,」,特殊,括弧終,NIL,< 章なし >,0,31
彼,かれ,彼,名詞,普通名詞,代表表記:彼/かれ カテゴリ:人 漢字読み:訓,< 章なし >,0,31
は,は,は,助詞,副助詞,NIL,< 章なし >,0,31
そう,そう,そう,指示詞,副詞形態指示詞,NIL,< 章なし >,0,31
いって,いって,いう,動詞,*,代表表記:言う/いう 補文ト,< 章なし >,0,31
歌舞伎,かぶき,歌舞伎,名詞,普通名詞,代表表記:歌舞伎/かぶき ドメイン:文化・芸術 カテゴリ:抽象物,< 章なし >,0,31
役者,やくしゃ,役者,名詞,普通名詞,代表表記:役者/やくしゃ ドメイン:文化・芸術 カテゴリ:人,< 章なし >,0,31
の,の,の,助詞,接続助詞,NIL,< 章なし >,0,31
様,よう,様,名詞,副詞的名詞,代表表記:様/よう,< 章なし >,0,31
に,に,に,助詞,格助詞,NIL,< 章なし >,0,31
首,くび,首,名詞,普通名詞,代表表記:首/くび カテゴリ:動物-部位 漢字読み:訓,< 章なし >,0,31
を,を,を,助詞,格助詞,NIL,< 章なし >,0,31
振って,ふって,振る,動詞,*,代表表記:振る/ふる,< 章なし >,0,31
「,「,「,特殊,括弧始,NIL,< 章なし >,0,31
商売,しょうばい,商売,名詞,サ変名詞,代表表記:商売/しょうばい ドメイン:ビジネス カテゴリ:抽象物,< 章なし >,0,31
も,も,も,助詞,副助詞,NIL,< 章なし >,0,31
手,て,手,名詞,普通名詞,代表表記:手/て カテゴリ:動物-部位;抽象物 漢字読み:訓 〜を〜に構成語,< 章なし >,0,31
に,に,に,助詞,格助詞,NIL,< 章なし >,0,31
つか,つか,つく,動詞,*,代表表記:付く/つく 自他動詞:他:付ける/つける 補文ト 付属動詞候補（基本）,< 章なし >,0,31
なんだ,なんだ,ぬ,助動詞,*,NIL,< 章なし >,0,31
。,。,。,特殊,句点,NIL,< 章なし >,0,31
俺,おれ,俺,名詞,普通名詞,代表表記:俺/おれ カテゴリ:人,< 章なし >,0,32
は,は,は,助詞,副助詞,NIL,< 章なし >,0,32
毎晩,まいばん,毎晩,名詞,時相名詞,代表表記:毎晩/まいばん カテゴリ:時間,< 章なし >,0,32
寝床,ねどこ,寝床,名詞,普通名詞,代表表記:寝床/ねどこ ドメイン:家庭・暮らし カテゴリ:場所-その他,< 章なし >,0,32
の,の,の,助詞,接続助詞,NIL,< 章なし >,0,32
中,なか,中,名詞,副詞的名詞,代表表記:中/なか,< 章なし >,0,32
で,で,で,助詞,格助詞,NIL,< 章なし >,0,32
女房,にょうぼう,女房,名詞,普通名詞,代表表記:女房/にょうぼう ドメイン:家庭・暮らし カテゴリ:人,< 章なし >,0,32
に,に,に,助詞,格助詞,NIL,< 章なし >,0,32
頼んだ,たのんだ,頼む,動詞,*,代表表記:頼む/たのむ,< 章なし >,0,32
。,。,。,特殊,句点,NIL,< 章なし >,0,32
手,て,手,名詞,普通名詞,代表表記:手/て カテゴリ:動物-部位;抽象物 漢字読み:訓 〜を〜に構成語,< 章なし >,0,33
を,を,を,助詞,格助詞,NIL,< 章なし >,0,33
合せて,あわせて,合せて,副詞,*,代表表記:合わせて/あわせて 数量修飾,< 章なし >,0,33
頼んだ,たのんだ,頼む,動詞,*,代表表記:頼む/たのむ,< 章なし >,0,33
」,」,」,特殊,括弧終,NIL,< 章なし >,0,33
笑声,笑声,笑声,名詞,普通名詞,自動獲得:Wiktionary 読み不明,< 章なし >,0,33
「,「,「,特殊,括弧始,NIL,< 章なし >,0,33
どうか,どうか,どうか,副詞,*,代表表記:どうか/どうか スル接続可能,< 章なし >,0,33
誓って,ちかって,誓う,動詞,*,代表表記:誓う/ちかう 補文ト,< 章なし >,0,33
呉れ,呉れ,呉れ,名詞,普通名詞,代表表記:呉れ/呉れ 自動獲得:テキスト 連用形名詞化:呉れる/呉れる,< 章なし >,0,33
。,。,。,特殊,句点,NIL,< 章なし >,0,33
俺,おれ,俺,名詞,普通名詞,代表表記:俺/おれ カテゴリ:人,< 章なし >,0,34
より,より,より,助詞,格助詞,NIL,< 章なし >,0,34
外,がい,外,名詞,普通名詞,代表表記:外/がい カテゴリ:場所-機能 漢字読み:音,< 章なし >,0,34
の,の,の,助詞,接続助詞,NIL,< 章なし >,0,34
男,おとこ,男,名詞,普通名詞,代表表記:男/おとこ カテゴリ:人 漢字読み:訓,< 章なし >,0,34
に,に,に,助詞,格助詞,NIL,< 章なし >,0,34
は,は,は,助詞,副助詞,NIL,< 章なし >,0,34
心,こころ,心,名詞,普通名詞,代表表記:心/こころ カテゴリ:抽象物 漢字読み:訓,< 章なし >,0,34
を,を,を,助詞,格助詞,NIL,< 章なし >,0,34
移さ,うつさ,移す,動詞,*,代表表記:移す/うつす,< 章なし >,0,34
ない,ない,ない,接尾辞,形容詞性述語接尾辞,代表表記:ない/ない,< 章なし >,0,34
と,と,と,助詞,格助詞,NIL,< 章なし >,0,34
誓って,ちかって,誓う,動詞,*,代表表記:誓う/ちかう 補文ト,< 章なし >,0,34
呉れ,呉れ,呉れる,動詞,*,自動獲得:テキスト,< 章なし >,0,34
……,……,……,特殊,記号,NIL,< 章なし >,0,34
併,あわせ,併,名詞,普通名詞,代表表記:合わせ/あわせv 反義:動詞:離す/はなす 自他動詞:自:合わさる/あわさる 連用形名詞化:合わせる/あわせる 付属動詞候補（基本）,< 章なし >,0,34
し,し,する,動詞,*,代表表記:する/する 自他動詞:自:成る/なる 付属動詞候補（基本）,< 章なし >,0,34
、,、,、,特殊,読点,NIL,< 章なし >,0,34
あの,あの,あの,指示詞,連体詞形態指示詞,NIL,< 章なし >,0,34
女,おんな,女,名詞,普通名詞,代表表記:女/おんな カテゴリ:人 漢字読み:訓,< 章なし >,0,34
は,は,は,助詞,副助詞,NIL,< 章なし >,0,34
どうしても,どうしても,どうしても,副詞,*,代表表記:どうしても/どうしても,< 章なし >,0,34
私,わたし,私,名詞,普通名詞,代表表記:私/わたし カテゴリ:人 漢字読み:訓,< 章なし >,0,34
の,の,の,助詞,接続助詞,NIL,< 章なし >,0,34
頼み,たのみ,頼み,名詞,普通名詞,代表表記:頼み/たのみv 連用形名詞化:頼む/たのむ,< 章なし >,0,34
を,を,を,助詞,格助詞,NIL,< 章なし >,0,34
聞いて,きいて,聞く,動詞,*,代表表記:聞く/きく 自他動詞:自:聞こえる/きこえる 補文ト,< 章なし >,0,34
は,は,は,助詞,副助詞,NIL,< 章なし >,0,34
呉れ,呉れ,呉れる,動詞,*,自動獲得:テキスト,< 章なし >,0,34
ない,ない,ない,接尾辞,形容詞性述語接尾辞,代表表記:ない/ない,< 章なし >,0,34
。,。,。,特殊,句点,NIL,< 章なし >,0,34
まるで,まるで,まるで,副詞,*,代表表記:まるで/まるで,< 章なし >,0,35
商売人,しょうばいにん,商売人,名詞,普通名詞,代表表記:商売人/しょうばいにん ドメイン:ビジネス カテゴリ:人,< 章なし >,0,35
の,の,だ,判定詞,*,NIL,< 章なし >,0,35
様な,ような,様だ,助動詞,*,NIL,< 章なし >,0,35
巧みな,たくみな,巧みだ,形容詞,*,代表表記:巧みだ/たくみだ,< 章なし >,0,35
嬌態,きょうたい,嬌態,名詞,普通名詞,代表表記:嬌態/きょうたい 自動獲得:EN_Wiktionary,< 章なし >,0,35
で,で,だ,判定詞,*,NIL,< 章なし >,0,35
、,、,、,特殊,読点,NIL,< 章なし >,0,35
手練,てだれ,手練,名詞,普通名詞,代表表記:手練/てだれ カテゴリ:抽象物,< 章なし >,0,35
手管,手管,手管,名詞,普通名詞,自動獲得:Wikipedia Wikipediaページ内一覧:槍 読み不明,< 章なし >,0,35
で,で,だ,判定詞,*,NIL,< 章なし >,0,35
、,、,、,特殊,読点,NIL,< 章なし >,0,35
その,その,その,指示詞,連体詞形態指示詞,NIL,< 章なし >,0,35
場,じょう,場,名詞,普通名詞,代表表記:場/じょう カテゴリ:場所-施設 漢字読み:音,< 章なし >,0,35
その,その,その,指示詞,連体詞形態指示詞,NIL,< 章なし >,0,35
場,じょう,場,名詞,普通名詞,代表表記:場/じょう カテゴリ:場所-施設 漢字読み:音,< 章なし >,0,35
を,を,を,助詞,格助詞,NIL,< 章なし >,0,35
ごまかす,ごまかす,ごまかす,動詞,*,代表表記:ごまかす/ごまかす,< 章なし >,0,35
ばかりです,ばかりです,ばかりだ,助動詞,*,NIL,< 章なし >,0,35
。,。,。,特殊,句点,NIL,< 章なし >,0,35
だが,だが,だが,接続詞,*,代表表記:だが/だが,< 章なし >,0,36
、,、,、,特殊,読点,NIL,< 章なし >,0,36
それ,それ,それ,指示詞,名詞形態指示詞,NIL,< 章なし >,0,36
が,が,が,助詞,格助詞,NIL,< 章なし >,0,36
、,、,、,特殊,読点,NIL,< 章なし >,0,36
その,その,その,指示詞,連体詞形態指示詞,NIL,< 章なし >,0,36
手練,てだれ,手練,名詞,普通名詞,代表表記:手練/てだれ カテゴリ:抽象物,< 章なし >,0,36
手管,手管,手管,名詞,普通名詞,自動獲得:Wikipedia Wikipediaページ内一覧:槍 読み不明,< 章なし >,0,36
が,が,が,助詞,格助詞,NIL,< 章なし >,0,36
、,、,、,特殊,読点,NIL,< 章なし >,0,36
どんなに,どんなに,どんなに,指示詞,副詞形態指示詞,NIL,< 章なし >,0,36
私,わたし,私,名詞,普通名詞,代表表記:私/わたし カテゴリ:人 漢字読み:訓,< 章なし >,0,36
を,を,を,助詞,格助詞,NIL,< 章なし >,0,36
惹き,惹き,惹く,動詞,*,代表表記:惹く/惹く 自動獲得:テキスト,< 章なし >,0,36
つけた,つけた,つける,動詞,*,代表表記:付ける/つける 可能動詞:付く/つく 補文ト 付属動詞候補（基本）,< 章なし >,0,36
か,か,か,助詞,接続助詞,NIL,< 章なし >,0,36
……,……,……,特殊,記号,NIL,< 章なし >,0,36
」,」,」,特殊,括弧終,NIL,< 章なし >,0,36
誰,だれ,誰,名詞,普通名詞,代表表記:誰/だれ カテゴリ:人,< 章なし >,0,36
か,か,か,助詞,接続助詞,NIL,< 章なし >,0,36
が,が,が,助詞,格助詞,NIL,< 章なし >,0,36
「,「,「,特殊,括弧始,NIL,< 章なし >,0,36
ようよう,ようよう,ようよう,副詞,*,代表表記:洋々/ようよう,< 章なし >,0,36
、,、,、,特殊,読点,NIL,< 章なし >,0,36
御馳走さまッ,ごちそうさま,御馳走さま,感動詞,*,代表表記:御馳走様/ごちそうさま 非標準表記:DHL,< 章なし >,0,36
」,」,」,特殊,括弧終,NIL,< 章なし >,0,36
と,と,と,助詞,格助詞,NIL,< 章なし >,0,36
叫んだ,さけんだ,叫ぶ,動詞,*,代表表記:叫ぶ/さけぶ 補文ト,< 章なし >,0,36
。,。,。,特殊,句点,NIL,< 章なし >,0,36
そして,そして,そして,接続詞,*,代表表記:そして/そして,< 章なし >,0,37
、,、,、,特殊,読点,NIL,< 章なし >,0,37
笑声,笑声,笑声,名詞,普通名詞,自動獲得:Wiktionary 読み不明,< 章なし >,0,37
。,。,。,特殊,句点,NIL,< 章なし >,0,37
「,「,「,特殊,括弧始,NIL,< 章なし >,0,38
みなさん,みなさん,みなさん,名詞,普通名詞,代表表記:皆さん/みなさん カテゴリ:人,< 章なし >,0,38
」,」,」,特殊,括弧終,NIL,< 章なし >,0,38
男,おとこ,男,名詞,普通名詞,代表表記:男/おとこ カテゴリ:人 漢字読み:訓,< 章なし >,0,38
は,は,は,助詞,副助詞,NIL,< 章なし >,0,38
そんな,そんな,そんな,指示詞,連体詞形態指示詞,NIL,< 章なし >,0,38
半,はん,半,名詞,普通名詞,代表表記:半/はん カテゴリ:数量 漢字読み:音,< 章なし >,0,38
畳,たたみ,畳,名詞,普通名詞,代表表記:畳/たたみ ドメイン:家庭・暮らし カテゴリ:人工物-その他 漢字読み:訓,< 章なし >,0,38
など,など,など,助詞,副助詞,NIL,< 章なし >,0,38
を,を,を,助詞,格助詞,NIL,< 章なし >,0,38
無視,むし,無視,名詞,サ変名詞,代表表記:無視/むし カテゴリ:抽象物,< 章なし >,0,38
して,して,する,動詞,*,代表表記:する/する 自他動詞:自:成る/なる 付属動詞候補（基本）,< 章なし >,0,38
続けた,つづけた,続ける,動詞,*,代表表記:続ける/つづける 自他動詞:自:続く/つづく 付属動詞候補（基本）,< 章なし >,0,38
。,。,。,特殊,句点,NIL,< 章なし >,0,38
「,「,「,特殊,括弧始,NIL,< 章なし >,0,39
あなた,あなた,あなた,名詞,普通名詞,代表表記:あなた/あなた カテゴリ:人,< 章なし >,0,39
方,かた,方,接尾辞,名詞性述語接尾辞,代表表記:方/かた カテゴリ:抽象物 同義:名詞:方法/ほうほう 内容語,< 章なし >,0,39
が,が,が,助詞,格助詞,NIL,< 章なし >,0,39
、,、,、,特殊,読点,NIL,< 章なし >,0,39
若し,わかし,若い,形容詞,*,代表表記:若い/わかい,< 章なし >,0,39
私,わたし,私,名詞,普通名詞,代表表記:私/わたし カテゴリ:人 漢字読み:訓,< 章なし >,0,39
の,の,の,助詞,接続助詞,NIL,< 章なし >,0,39
境遇,きょうぐう,境遇,名詞,普通名詞,代表表記:境遇/きょうぐう カテゴリ:抽象物,< 章なし >,0,39
に,に,に,助詞,格助詞,NIL,< 章なし >,0,39
あったら,あったら,ある,動詞,*,代表表記:有る/ある 反義:形容詞:無い/ない 補文ト,< 章なし >,0,39
一体,いったい,一体,副詞,*,代表表記:一体/いったい,< 章なし >,0,39
どう,どう,どう,指示詞,副詞形態指示詞,NIL,< 章なし >,0,39
し,し,する,動詞,*,代表表記:する/する 自他動詞:自:成る/なる 付属動詞候補（基本）,< 章なし >,0,39
ます,ます,ます,接尾辞,動詞性接尾辞,代表表記:ます/ます,< 章なし >,0,39
か,か,か,助詞,接続助詞,NIL,< 章なし >,0,39
。,。,。,特殊,句点,NIL,< 章なし >,0,39
これ,これ,これ,指示詞,名詞形態指示詞,NIL,< 章なし >,0,40
が,が,が,助詞,格助詞,NIL,< 章なし >,0,40
殺さ,ころさ,殺す,動詞,*,代表表記:殺す/ころす 反義:動詞:生かす/いかす,< 章なし >,0,40
ないで,ないで,ぬ,助動詞,*,NIL,< 章なし >,0,40
いら,いら,いる,動詞,*,代表表記:煎る/いる ドメイン:料理・食事,< 章なし >,0,40
れ,れ,れる,接尾辞,動詞性接尾辞,代表表記:れる/れる,< 章なし >,0,40
ましょう,ましょう,ます,接尾辞,動詞性接尾辞,代表表記:ます/ます,< 章なし >,0,40
か,か,か,助詞,接続助詞,NIL,< 章なし >,0,40
！,！,！,特殊,記号,NIL,< 章なし >,0,40
」,」,」,特殊,括弧終,NIL,< 章なし >,0,40
「,「,「,特殊,括弧始,NIL,< 章なし >,0,40
……,……,……,特殊,記号,NIL,< 章なし >,0,40
あの,あの,あの,指示詞,連体詞形態指示詞,NIL,< 章なし >,0,40
女,おんな,女,名詞,普通名詞,代表表記:女/おんな カテゴリ:人 漢字読み:訓,< 章なし >,0,40
は,は,は,助詞,副助詞,NIL,< 章なし >,0,40
耳,みみ,耳,名詞,普通名詞,代表表記:耳/みみ カテゴリ:動物-部位 漢字読み:訓,< 章なし >,0,40
隠し,かくし,隠し,名詞,普通名詞,代表表記:隠し/かくしv 反義:動詞:現す/あらわす;動詞:出す/だす;動詞:明かす/あかす 連用形名詞化:隠す/かくす,< 章なし >,0,40
が,が,が,助詞,格助詞,NIL,< 章なし >,0,40
よく,よく,よい,形容詞,*,代表表記:良い/よい 反義:形容詞:悪い/わるい,< 章なし >,0,40
似合い,にあい,似合う,動詞,*,代表表記:似合う/にあう,< 章なし >,0,40
ました,ました,ます,接尾辞,動詞性接尾辞,代表表記:ます/ます,< 章なし >,0,40
。,。,。,特殊,句点,NIL,< 章なし >,0,40
自分,じぶん,自分,名詞,普通名詞,代表表記:自分/じぶん カテゴリ:人 修飾（デ格）,< 章なし >,0,41
で,で,で,助詞,格助詞,NIL,< 章なし >,0,41
上手に,じょうずに,上手だ,形容詞,*,代表表記:上手だ/じょうずだ 反義:形容詞:下手だ/へただ 同義:形容詞:上手い/うまい,< 章なし >,0,41
結う,ゆう,結う,動詞,*,代表表記:結う/ゆう ドメイン:家庭・暮らし,< 章なし >,0,41
のです,のです,のだ,助動詞,*,NIL,< 章なし >,0,41
……,……,……,特殊,記号,NIL,< 章なし >,0,41
鏡台,きょうだい,鏡台,名詞,普通名詞,代表表記:鏡台/きょうだい ドメイン:家庭・暮らし カテゴリ:人工物-その他,< 章なし >,0,41
の,の,の,助詞,接続助詞,NIL,< 章なし >,0,41
前,まえ,前,名詞,副詞的名詞,代表表記:前/まえ,< 章なし >,0,41
に,に,に,助詞,格助詞,NIL,< 章なし >,0,41
坐って,すわって,坐る,動詞,*,代表表記:座る/すわる 反義:動詞:立つ/たつ,< 章なし >,0,41
い,い,いる,接尾辞,動詞性接尾辞,代表表記:いる/いる,< 章なし >,0,41
ました,ました,ます,接尾辞,動詞性接尾辞,代表表記:ます/ます,< 章なし >,0,41
。,。,。,特殊,句点,NIL,< 章なし >,0,41
結い,ゆい,結う,動詞,*,代表表記:結う/ゆう ドメイン:家庭・暮らし,< 章なし >,0,42
上げた,あげた,上げる,動詞,*,代表表記:上げる/あげる 反義:動詞:下ろす/おろす;動詞:降ろす/おろす 自他動詞:自:上がる/あがる 付属動詞候補（基本） 付属動詞候補（タ系）,< 章なし >,0,42
所,しょ,所,名詞,普通名詞,代表表記:所/しょ カテゴリ:場所-施設 漢字読み:音,< 章なし >,0,42
です,です,だ,判定詞,*,NIL,< 章なし >,0,42
。,。,。,特殊,句点,NIL,< 章なし >,0,42
綺麗に,きれいに,綺麗だ,形容詞,*,代表表記:綺麗だ/きれいだ,< 章なし >,0,43
お,お,お,接頭辞,名詞接頭辞,代表表記:御/お,< 章なし >,0,43
化粧,けしょう,化粧,名詞,サ変名詞,代表表記:化粧/けしょう ドメイン:家庭・暮らし カテゴリ:抽象物,< 章なし >,0,43
した,した,する,動詞,*,代表表記:する/する 自他動詞:自:成る/なる 付属動詞候補（基本）,< 章なし >,0,43
顔,かお,顔,名詞,普通名詞,代表表記:顔/かお カテゴリ:動物-部位 漢字読み:訓,< 章なし >,0,43
が,が,が,助詞,格助詞,NIL,< 章なし >,0,43
私,わたし,私,名詞,普通名詞,代表表記:私/わたし カテゴリ:人 漢字読み:訓,< 章なし >,0,43
の,の,の,助詞,接続助詞,NIL,< 章なし >,0,43
方,かた,方,名詞,普通名詞,代表表記:方/かた カテゴリ:抽象物 漢字読み:訓,< 章なし >,0,43
を,を,を,助詞,格助詞,NIL,< 章なし >,0,43
ふり向いて,ふりむいて,ふり向く,動詞,*,代表表記:振り向く/ふりむく 自他動詞:他:振り向ける/ふりむける,< 章なし >,0,43
、,、,、,特殊,読点,NIL,< 章なし >,0,43
赤い,あかい,赤い,形容詞,*,代表表記:赤い/あかい 名詞派生:赤/あか,< 章なし >,0,43
脣,脣,脣,未定義語,その他,未知語:漢字 品詞推定:名詞,< 章なし >,0,43
で,で,で,助詞,格助詞,NIL,< 章なし >,0,43
ニッコリ,にっこり,ニッコリ,副詞,*,代表表記:ニッコリ/にっこり スル接続可能,< 章なし >,0,43
笑い,わらい,笑う,動詞,*,代表表記:笑う/わらう 反義:動詞:泣く/なく,< 章なし >,0,43
ました,ました,ます,接尾辞,動詞性接尾辞,代表表記:ます/ます,< 章なし >,0,43
」,」,」,特殊,括弧終,NIL,< 章なし >,0,43
男,おとこ,男,名詞,普通名詞,代表表記:男/おとこ カテゴリ:人 漢字読み:訓,< 章なし >,0,43
は,は,は,助詞,副助詞,NIL,< 章なし >,0,43
ここ,ここ,ここ,指示詞,名詞形態指示詞,NIL,< 章なし >,0,43
で,で,で,助詞,格助詞,NIL,< 章なし >,0,43
一,いち,一,名詞,数詞,カテゴリ:数量,< 章なし >,0,43
つ,つ,つ,接尾辞,名詞性名詞助数辞,代表表記:つ/つ 準内容語 連語由来,< 章なし >,0,43
肩,かた,肩,名詞,普通名詞,代表表記:肩/かた カテゴリ:動物-部位 漢字読み:訓,< 章なし >,0,43
を,を,を,助詞,格助詞,NIL,< 章なし >,0,43
揺り,揺り,揺る,動詞,*,代表表記:揺る/揺る 自動獲得:テキスト,< 章なし >,0,43
上げて,あげて,上げる,動詞,*,代表表記:上げる/あげる 反義:動詞:下ろす/おろす;動詞:降ろす/おろす 自他動詞:自:上がる/あがる 付属動詞候補（基本） 付属動詞候補（タ系）,< 章なし >,0,43
見え,みえ,見え,名詞,普通名詞,代表表記:見栄/みえ カテゴリ:抽象物,< 章なし >,0,43
を,を,を,助詞,格助詞,NIL,< 章なし >,0,43
切った,きった,切る,動詞,*,代表表記:切る/きる 自他動詞:自:切れる/きれる 補文ト 付属動詞候補（基本）,< 章なし >,0,43
。,。,。,特殊,句点,NIL,< 章なし >,0,43
濃い,こい,濃い,形容詞,*,代表表記:濃い/こい 反義:形容詞:薄い/うすい,< 章なし >,0,44
眉,まゆ,眉,名詞,普通名詞,代表表記:眉/まゆ カテゴリ:動物-部位,< 章なし >,0,44
が,が,が,助詞,格助詞,NIL,< 章なし >,0,44
両方,りょうほう,両方,名詞,普通名詞,代表表記:両方/りょうほう カテゴリ:抽象物,< 章なし >,0,44
から,から,から,助詞,格助詞,NIL,< 章なし >,0,44
迫って,せまって,迫る,動詞,*,代表表記:迫る/せまる,< 章なし >,0,44
凄い,すごい,凄い,形容詞,*,代表表記:凄い/すごい,< 章なし >,0,44
表情,ひょうじょう,表情,名詞,普通名詞,代表表記:表情/ひょうじょう カテゴリ:抽象物,< 章なし >,0,44
に,に,に,助詞,格助詞,NIL,< 章なし >,0,44
変った,かわった,変る,動詞,*,代表表記:変わる/かわる 自他動詞:他:変える/かえる,< 章なし >,0,44
。,。,。,特殊,句点,NIL,< 章なし >,0,44
赤い,あかい,赤い,形容詞,*,代表表記:赤い/あかい 名詞派生:赤/あか,< 章なし >,0,45
脣,脣,脣,未定義語,その他,未知語:漢字 品詞推定:名詞,< 章なし >,0,45
が,が,が,助詞,格助詞,NIL,< 章なし >,0,45
気味,きみ,気味,名詞,普通名詞,代表表記:気味/きみ カテゴリ:抽象物,< 章なし >,0,45
悪く,わるく,悪い,形容詞,*,代表表記:悪い/わるい 反義:形容詞:良い/よい,< 章なし >,0,45
ヒン,ヒン,ヒン,名詞,地名,自動獲得:Wikipedia Wikipedia複合地名,< 章なし >,0,45
曲った,まがった,曲る,動詞,*,代表表記:曲がる/まがる 反義:動詞:伸びる/のびる 自他動詞:他:曲げる/まげる,< 章なし >,0,45
。,。,。,特殊,句点,NIL,< 章なし >,0,45
「,「,「,特殊,括弧始,NIL,< 章なし >,0,46
……,……,……,特殊,記号,NIL,< 章なし >,0,46
俺,おれ,俺,名詞,普通名詞,代表表記:俺/おれ カテゴリ:人,< 章なし >,0,46
は,は,は,助詞,副助詞,NIL,< 章なし >,0,46
今だ,今だ,今だ,名詞,普通名詞,自動獲得:Wikipedia Wikipediaページ内一覧:ビシバシチャンプ 読み不明,< 章なし >,0,46
と,と,と,助詞,格助詞,NIL,< 章なし >,0,46
思った,おもった,思う,動詞,*,代表表記:思う/おもう 補文ト,< 章なし >,0,46
。,。,。,特殊,句点,NIL,< 章なし >,0,46
この,この,この,指示詞,連体詞形態指示詞,NIL,< 章なし >,0,47
好,よしみ,好,名詞,普通名詞,代表表記:誼み/よしみ カテゴリ:抽象物,< 章なし >,0,47
も,も,も,助詞,副助詞,NIL,< 章なし >,0,47
しい,しい,しい,名詞,普通名詞,代表表記:四囲/しい カテゴリ:抽象物,< 章なし >,0,47
姿,すがた,姿,名詞,普通名詞,代表表記:姿/すがた カテゴリ:抽象物;形・模様 漢字読み:訓,< 章なし >,0,47
を,を,を,助詞,格助詞,NIL,< 章なし >,0,47
永久,えいきゅう,永久,名詞,普通名詞,代表表記:永久/えいきゅう カテゴリ:時間,< 章なし >,0,47
に,に,に,助詞,格助詞,NIL,< 章なし >,0,47
俺,おれ,俺,名詞,普通名詞,代表表記:俺/おれ カテゴリ:人,< 章なし >,0,47
の,の,の,助詞,接続助詞,NIL,< 章なし >,0,47
もの,もの,もの,名詞,形式名詞,NIL,< 章なし >,0,47
に,に,に,助詞,格助詞,NIL,< 章なし >,0,47
して,して,する,動詞,*,代表表記:する/する 自他動詞:自:成る/なる 付属動詞候補（基本）,< 章なし >,0,47
了,さとる,了,名詞,人名,人名:日本:名:1117:0.00015,< 章なし >,0,47
うの,うの,うの,名詞,人名,自動獲得:Wikipedia Wikipedia人名 Wikipedia名,< 章なし >,0,47
は,は,は,助詞,副助詞,NIL,< 章なし >,0,47
今だ,今だ,今だ,名詞,普通名詞,自動獲得:Wikipedia Wikipediaページ内一覧:ビシバシチャンプ 読み不明,< 章なし >,0,47
と,と,と,助詞,格助詞,NIL,< 章なし >,0,47
思った,おもった,思う,動詞,*,代表表記:思う/おもう 補文ト,< 章なし >,0,47
」,」,」,特殊,括弧終,NIL,< 章なし >,0,47
「,「,「,特殊,括弧始,NIL,< 章なし >,0,47
用意,ようい,用意,名詞,サ変名詞,代表表記:用意/ようい カテゴリ:抽象物,< 章なし >,0,47
して,して,する,動詞,*,代表表記:する/する 自他動詞:自:成る/なる 付属動詞候補（基本）,< 章なし >,0,47
いた,いた,いる,接尾辞,動詞性接尾辞,代表表記:いる/いる,< 章なし >,0,47
千,せん,千,名詞,数詞,カテゴリ:数量,< 章なし >,0,47
枚,まい,枚,接尾辞,名詞性名詞助数辞,代表表記:枚/まい 準内容語,< 章なし >,0,47
通し,とおし,通し,名詞,普通名詞,代表表記:通し/とおしv 自他動詞:自:通る/とおる 連用形名詞化:通す/とおす,< 章なし >,0,47
を,を,を,助詞,格助詞,NIL,< 章なし >,0,47
、,、,、,特殊,読点,NIL,< 章なし >,0,47
あの,あの,あの,指示詞,連体詞形態指示詞,NIL,< 章なし >,0,47
女,おんな,女,名詞,普通名詞,代表表記:女/おんな カテゴリ:人 漢字読み:訓,< 章なし >,0,47
の,の,の,助詞,接続助詞,NIL,< 章なし >,0,47
匂,におい,匂,名詞,普通名詞,代表表記:匂い/においv 連用形名詞化:匂う/におう 送り仮名引っ込み,< 章なし >,0,47
や,や,や,助詞,接続助詞,NIL,< 章なし >,0,47
かな,かな,かな,名詞,普通名詞,代表表記:仮名/かな カテゴリ:抽象物,< 章なし >,0,47
襟,えり,襟,名詞,普通名詞,代表表記:襟/えり カテゴリ:人工物-その他 漢字読み:訓,< 章なし >,0,47
足,あし,足,名詞,普通名詞,代表表記:足/あし カテゴリ:動物-部位 漢字読み:訓,< 章なし >,0,47
へ,へ,へ,助詞,格助詞,NIL,< 章なし >,0,47
、,、,、,特殊,読点,NIL,< 章なし >,0,47
力まかせに,ちからまかせに,力まかせだ,形容詞,*,代表表記:力任せだ/ちからまかせだ,< 章なし >,0,47
たたき込んだ,たたきこんだ,たたき込む,動詞,*,代表表記:叩き込む/たたきこむ,< 章なし >,0,47
。,。,。,特殊,句点,NIL,< 章なし >,0,47
笑顔,えがお,笑顔,名詞,普通名詞,代表表記:笑顔/えがお カテゴリ:動物-部位,< 章なし >,0,48
の,の,の,助詞,格助詞,NIL,< 章なし >,0,48
消え,きえ,消える,動詞,*,代表表記:消える/きえる 自他動詞:他:消す/けす,< 章なし >,0,48
ぬ,ぬ,ぬ,助動詞,*,NIL,< 章なし >,0,48
うち,うち,うち,名詞,副詞的名詞,代表表記:うち/うち,< 章なし >,0,48
に,に,に,助詞,格助詞,NIL,< 章なし >,0,48
、,、,、,特殊,読点,NIL,< 章なし >,0,48
大きい,おおきい,大きい,形容詞,*,代表表記:大きい/おおきい 反義:形容詞:小さい/ちいさい,< 章なし >,0,48
糸,いと,糸,名詞,普通名詞,代表表記:糸/いと カテゴリ:人工物-その他 漢字読み:訓,< 章なし >,0,48
切歯,せっし,切歯,名詞,普通名詞,自動獲得:Wikipedia,< 章なし >,0,48
が,が,が,助詞,格助詞,NIL,< 章なし >,0,48
脣,脣,脣,未定義語,その他,未知語:漢字 品詞推定:名詞,< 章なし >,0,48
から,から,から,助詞,格助詞,NIL,< 章なし >,0,48
覗いた,のぞいた,覗く,動詞,*,代表表記:覗く/のぞく,< 章なし >,0,48
まんま,まんま,まんま,名詞,普通名詞,自動獲得:Wikipedia Wikipediaリダイレクト:さんまのまんま,< 章なし >,0,48
……,……,……,特殊,記号,NIL,< 章なし >,0,48
死んで,しんで,死ぬ,動詞,*,代表表記:死ぬ/しぬ ドメイン:家庭・暮らし 反義:動詞:産まれる/うまれる;動詞:生まれる/うまれる,< 章なし >,0,48
了った,了った,了る,動詞,*,自動獲得:Wiktionary 読み不明,< 章なし >,0,48
」,」,」,特殊,括弧終,NIL,< 章なし >,0,48
賑かな,にぎやかな,賑かだ,形容詞,*,代表表記:賑やかだ/にぎやかだ 反義:形容詞:寂しい/さびしい,< 章なし >,0,48
広告,こうこく,広告,名詞,サ変名詞,代表表記:広告/こうこく ドメイン:ビジネス;メディア カテゴリ:人工物-その他;抽象物,< 章なし >,0,48
の,の,の,助詞,接続助詞,NIL,< 章なし >,0,48
楽隊,がくたい,楽隊,名詞,普通名詞,代表表記:楽隊/がくたい ドメイン:文化・芸術 カテゴリ:組織・団体,< 章なし >,0,48
が,が,が,助詞,格助詞,NIL,< 章なし >,0,48
通り,とおり,通る,動詞,*,代表表記:通る/とおる 自他動詞:他:通す/とおす,< 章なし >,0,48
過ぎた,すぎた,過ぎる,接尾辞,動詞性接尾辞,代表表記:過ぎる/すぎる,< 章なし >,0,48
。,。,。,特殊,句点,NIL,< 章なし >,0,48
大,だい,大,接頭辞,名詞接頭辞,代表表記:大/だい 反義:接頭辞-名詞接頭辞:小/しょう 内容語 換言:+N:Nが大きい,< 章なし >,0,49
喇叭,喇叭,喇叭,名詞,普通名詞,自動獲得:Wikipedia 読み不明 Wikipediaリダイレクト:ラッパ,< 章なし >,0,49
が,が,が,助詞,格助詞,NIL,< 章なし >,0,49
頓狂な,とんきょうな,頓狂だ,形容詞,*,代表表記:頓狂だ/とんきょうだ,< 章なし >,0,49
音,おと,音,名詞,普通名詞,代表表記:音/おと カテゴリ:抽象物 漢字読み:訓,< 章なし >,0,49
を,を,を,助詞,格助詞,NIL,< 章なし >,0,49
出した,だした,出す,動詞,*,代表表記:出す/だす 反義:動詞:隠す/かくす;動詞:入れる/いれる 自他動詞:自:出る/でる 補文ト 付属動詞候補（基本）,< 章なし >,0,49
。,。,。,特殊,句点,NIL,< 章なし >,0,49
「,「,「,特殊,括弧始,NIL,< 章なし >,0,50
ここ,ここ,ここ,指示詞,名詞形態指示詞,NIL,< 章なし >,0,50
は,は,は,助詞,副助詞,NIL,< 章なし >,0,50
お国,おくに,お国,名詞,普通名詞,代表表記:御国/おくに カテゴリ:場所-その他,< 章なし >,0,50
を,を,を,助詞,格助詞,NIL,< 章なし >,0,50
何百,何百,何百,名詞,数詞,カテゴリ:数量 未知語:数字,< 章なし >,0,50
里,さと,里,名詞,普通名詞,代表表記:里/さと カテゴリ:場所-自然 漢字読み:訓,< 章なし >,0,50
、,、,、,特殊,読点,NIL,< 章なし >,0,50
離れて,はなれて,離れる,動詞,*,代表表記:離れる/はなれる 反義:動詞:合う/あう 自他動詞:他:離す/はなす,< 章なし >,0,50
遠き,とおき,遠い,形容詞,*,代表表記:遠い/とおい 反義:形容詞:近い/ちかい,< 章なし >,0,50
満洲,満洲,満洲,名詞,普通名詞,自動獲得:Wikipedia 読み不明 Wikipediaリダイレクト:満州,< 章なし >,0,50
の,の,の,助詞,接続助詞,NIL,< 章なし >,0,50
」,」,」,特殊,括弧終,NIL,< 章なし >,0,50
子供,こども,子供,名詞,普通名詞,代表表記:子供/こども カテゴリ:人,< 章なし >,0,50
等,とう,等,接尾辞,名詞性名詞接尾辞,代表表記:等/とう,< 章なし >,0,50
が,が,が,助詞,格助詞,NIL,< 章なし >,0,50
節,せつ,節,名詞,普通名詞,代表表記:節/せつ カテゴリ:抽象物 漢字読み:音,< 章なし >,0,50
に,に,に,助詞,格助詞,NIL,< 章なし >,0,50
合せて,あわせて,合せる,動詞,*,代表表記:合わせる/あわせる 反義:動詞:離す/はなす 自他動詞:自:合わさる/あわさる 付属動詞候補（基本）,< 章なし >,0,50
歌い,うたい,歌う,動詞,*,代表表記:歌う/うたう ドメイン:文化・芸術;レクリエーション,< 章なし >,0,50
ながら,ながら,ながら,助詞,接続助詞,NIL,< 章なし >,0,50
、,、,、,特殊,読点,NIL,< 章なし >,0,50
ゾロゾロ,ぞろぞろ,ゾロゾロ,副詞,*,代表表記:ゾロゾロ/ぞろぞろ スル接続可能,< 章なし >,0,50
と,と,と,助詞,格助詞,NIL,< 章なし >,0,50
ついて,ついて,つく,動詞,*,代表表記:付く/つく 自他動詞:他:付ける/つける 補文ト 付属動詞候補（基本）,< 章なし >,0,50
行った,いった,行く,動詞,*,代表表記:行く/いく ドメイン:交通 反義:動詞:帰る/かえる 付属動詞候補（タ系）,< 章なし >,0,50
。,。,。,特殊,句点,NIL,< 章なし >,0,50
「,「,「,特殊,括弧始,NIL,< 章なし >,0,51
諸君,しょくん,諸君,名詞,普通名詞,代表表記:諸君/しょくん カテゴリ:人,< 章なし >,0,51
、,、,、,特殊,読点,NIL,< 章なし >,0,51
あれ,あれ,あれ,指示詞,名詞形態指示詞,NIL,< 章なし >,0,51
は,は,は,助詞,副助詞,NIL,< 章なし >,0,51
俺,おれ,俺,名詞,普通名詞,代表表記:俺/おれ カテゴリ:人,< 章なし >,0,51
の,の,の,助詞,接続助詞,NIL,< 章なし >,0,51
こと,こと,こと,名詞,形式名詞,NIL,< 章なし >,0,51
を,を,を,助詞,格助詞,NIL,< 章なし >,0,51
触,さわり,触,名詞,普通名詞,代表表記:触り/さわりv 連用形名詞化:触る/さわる 送り仮名引っ込み,< 章なし >,0,51
廻って,まわって,廻る,動詞,*,代表表記:回る/まわる 自他動詞:他:回す/まわす 付属動詞候補（基本） 付属動詞候補（タ系）,< 章なし >,0,51
いる,いる,いる,接尾辞,動詞性接尾辞,代表表記:いる/いる,< 章なし >,0,51
のだ,のだ,のだ,助動詞,*,NIL,< 章なし >,0,51
。,。,。,特殊,句点,NIL,< 章なし >,0,51
真柄,真柄,真柄,名詞,人名,自動獲得:Wikipedia 読み不明 Wikipedia人名 Wikipedia姓,< 章なし >,0,52
太郎,たろう,太郎,名詞,人名,人名:日本:名:45:0.00106,< 章なし >,0,52
は,は,は,助詞,副助詞,NIL,< 章なし >,0,52
人殺し,ひとごろし,人殺し,名詞,サ変名詞,代表表記:人殺し/ひとごろし ドメイン:政治 カテゴリ:抽象物,< 章なし >,0,52
だ,だ,だ,判定詞,*,NIL,< 章なし >,0,52
、,、,、,特殊,読点,NIL,< 章なし >,0,52
人殺し,ひとごろし,人殺し,名詞,サ変名詞,代表表記:人殺し/ひとごろし ドメイン:政治 カテゴリ:抽象物,< 章なし >,0,52
だ,だ,だ,判定詞,*,NIL,< 章なし >,0,52
、,、,、,特殊,読点,NIL,< 章なし >,0,52
そう,そう,そう,指示詞,副詞形態指示詞,NIL,< 章なし >,0,52
いって,いって,いう,動詞,*,代表表記:言う/いう 補文ト,< 章なし >,0,52
触,さわり,触,名詞,普通名詞,代表表記:触り/さわりv 連用形名詞化:触る/さわる 送り仮名引っ込み,< 章なし >,0,52
廻って,まわって,廻る,動詞,*,代表表記:回る/まわる 自他動詞:他:回す/まわす 付属動詞候補（基本） 付属動詞候補（タ系）,< 章なし >,0,52
いる,いる,いる,接尾辞,動詞性接尾辞,代表表記:いる/いる,< 章なし >,0,52
のだ,のだ,のだ,助動詞,*,NIL,< 章なし >,0,52
」,」,」,特殊,括弧終,NIL,< 章なし >,0,52
又,また,又,助詞,接続助詞,NIL,< 章なし >,0,52
笑い声,わらいごえ,笑い声,名詞,普通名詞,代表表記:笑い声/わらいごえ カテゴリ:抽象物,< 章なし >,0,52
が,が,が,助詞,格助詞,NIL,< 章なし >,0,52
起った,おこった,起る,動詞,*,代表表記:起こる/おこる 自他動詞:他:起こす/おこす,< 章なし >,0,52
。,。,。,特殊,句点,NIL,< 章なし >,0,52
楽隊,がくたい,楽隊,名詞,普通名詞,代表表記:楽隊/がくたい ドメイン:文化・芸術 カテゴリ:組織・団体,< 章なし >,0,53
の,の,の,助詞,接続助詞,NIL,< 章なし >,0,53
太鼓,たいこ,太鼓,名詞,普通名詞,代表表記:太鼓/たいこ カテゴリ:人工物-その他,< 章なし >,0,53
の,の,の,助詞,接続助詞,NIL,< 章なし >,0,53
音丈,音丈,音丈,未定義語,その他,未知語:漢字 品詞推定:名詞,< 章なし >,0,53
けが,けが,けが,名詞,サ変名詞,代表表記:怪我/けが ドメイン:健康・医学 カテゴリ:抽象物,< 章なし >,0,53
、,、,、,特殊,読点,NIL,< 章なし >,0,53
男,おとこ,男,名詞,普通名詞,代表表記:男/おとこ カテゴリ:人 漢字読み:訓,< 章なし >,0,53
の,の,の,助詞,接続助詞,NIL,< 章なし >,0,53
演説,えんぜつ,演説,名詞,サ変名詞,代表表記:演説/えんぜつ ドメイン:政治 カテゴリ:抽象物,< 章なし >,0,53
の,の,の,助詞,接続助詞,NIL,< 章なし >,0,53
伴奏,ばんそう,伴奏,名詞,サ変名詞,代表表記:伴奏/ばんそう ドメイン:文化・芸術 カテゴリ:抽象物,< 章なし >,0,53
で,で,で,助詞,格助詞,NIL,< 章なし >,0,53
でも,でも,でも,助詞,副助詞,NIL,< 章なし >,0,53
ある,ある,ある,動詞,*,代表表記:有る/ある 反義:形容詞:無い/ない 補文ト,< 章なし >,0,53
様に,ように,様だ,助動詞,*,NIL,< 章なし >,0,53
、,、,、,特殊,読点,NIL,< 章なし >,0,53
いつまでも,いつまでも,いつまでも,副詞,*,代表表記:何時迄も/いつまでも,< 章なし >,0,53
いつまでも,いつまでも,いつまでも,副詞,*,代表表記:何時迄も/いつまでも,< 章なし >,0,53
聞えて,きこえて,聞える,動詞,*,代表表記:聞こえる/きこえる 自他動詞:他:聞く/きく,< 章なし >,0,53
いた,いた,いる,接尾辞,動詞性接尾辞,代表表記:いる/いる,< 章なし >,0,53
。,。,。,特殊,句点,NIL,< 章なし >,0,53
「,「,「,特殊,括弧始,NIL,< 章なし >,0,54
……,……,……,特殊,記号,NIL,< 章なし >,0,54
俺,おれ,俺,名詞,普通名詞,代表表記:俺/おれ カテゴリ:人,< 章なし >,0,54
は,は,は,助詞,副助詞,NIL,< 章なし >,0,54
女房,にょうぼう,女房,名詞,普通名詞,代表表記:女房/にょうぼう ドメイン:家庭・暮らし カテゴリ:人,< 章なし >,0,54
の,の,の,助詞,接続助詞,NIL,< 章なし >,0,54
死骸,しがい,死骸,名詞,普通名詞,代表表記:死骸/しがい カテゴリ:動物-部位,< 章なし >,0,54
を,を,を,助詞,格助詞,NIL,< 章なし >,0,54
五,ご,五,名詞,数詞,カテゴリ:数量,< 章なし >,0,54
つ,つ,つ,接尾辞,名詞性名詞助数辞,代表表記:つ/つ 準内容語 連語由来,< 章なし >,0,54
に,に,に,助詞,格助詞,NIL,< 章なし >,0,54
切り離した,きりはなした,切り離す,動詞,*,代表表記:切り離す/きりはなす,< 章なし >,0,54
。,。,。,特殊,句点,NIL,< 章なし >,0,54
いい,いい,いう,動詞,*,代表表記:言う/いう 補文ト,< 章なし >,0,55
かね,かね,かねる,接尾辞,動詞性接尾辞,代表表記:かねる/かねる,< 章なし >,0,55
、,、,、,特殊,読点,NIL,< 章なし >,0,55
胴,どう,胴,名詞,普通名詞,代表表記:胴/どう カテゴリ:動物-部位 漢字読み:音,< 章なし >,0,55
が,が,が,助詞,格助詞,NIL,< 章なし >,0,55
一,いち,一,名詞,数詞,カテゴリ:数量,< 章なし >,0,55
つ,つ,つ,接尾辞,名詞性名詞助数辞,代表表記:つ/つ 準内容語 連語由来,< 章なし >,0,55
、,、,、,特殊,読点,NIL,< 章なし >,0,55
手,て,手,名詞,普通名詞,代表表記:手/て カテゴリ:動物-部位;抽象物 漢字読み:訓 〜を〜に構成語,< 章なし >,0,55
が,が,が,助詞,格助詞,NIL,< 章なし >,0,55
二,に,二,名詞,数詞,カテゴリ:数量,< 章なし >,0,55
本,ほん,本,接尾辞,名詞性名詞助数辞,代表表記:本/ほん 準内容語,< 章なし >,0,55
、,、,、,特殊,読点,NIL,< 章なし >,0,55
足,あし,足,名詞,普通名詞,代表表記:足/あし カテゴリ:動物-部位 漢字読み:訓,< 章なし >,0,55
が,が,が,助詞,格助詞,NIL,< 章なし >,0,55
二,に,二,名詞,数詞,カテゴリ:数量,< 章なし >,0,55
本,ほん,本,接尾辞,名詞性名詞助数辞,代表表記:本/ほん 準内容語,< 章なし >,0,55
、,、,、,特殊,読点,NIL,< 章なし >,0,55
これ,これ,これ,指示詞,名詞形態指示詞,NIL,< 章なし >,0,55
で,で,で,助詞,格助詞,NIL,< 章なし >,0,55
つまり,つまり,つまり,副詞,*,代表表記:つまり/つまり,< 章なし >,0,55
五,ご,五,名詞,数詞,カテゴリ:数量,< 章なし >,0,55
つ,つ,つ,接尾辞,名詞性名詞助数辞,代表表記:つ/つ 準内容語 連語由来,< 章なし >,0,55
だ,だ,だ,判定詞,*,NIL,< 章なし >,0,55
。,。,。,特殊,句点,NIL,< 章なし >,0,55
……,……,……,特殊,記号,NIL,< 章なし >,0,56
惜しかった,おしかった,惜しい,形容詞,*,代表表記:惜しい/おしい 動詞派生:惜しむ/おしむ,< 章なし >,0,56
けれど,けれど,けれど,助詞,接続助詞,NIL,< 章なし >,0,56
仕方がない,しかたがない,仕方がない,形容詞,*,代表表記:仕方が無い/しかたがない,< 章なし >,0,56
。,。,。,特殊,句点,NIL,< 章なし >,0,56
……,……,……,特殊,記号,NIL,< 章なし >,0,57
よく,よく,よい,形容詞,*,代表表記:良い/よい 反義:形容詞:悪い/わるい,< 章なし >,0,57
肥った,肥った,肥る,動詞,*,自動獲得:Wiktionary 読み不明,< 章なし >,0,57
まっ,まっ,まっ,接頭辞,名詞接頭辞,代表表記:真っ/まっ 内容語,< 章なし >,0,57
白,しろ,白,名詞,普通名詞,代表表記:白/しろ カテゴリ:色 漢字読み:訓,< 章なし >,0,57
な,な,だ,判定詞,*,NIL,< 章なし >,0,57
足,あし,足,名詞,普通名詞,代表表記:足/あし カテゴリ:動物-部位 漢字読み:訓,< 章なし >,0,57
だ,だ,だ,判定詞,*,NIL,< 章なし >,0,57
」,」,」,特殊,括弧終,NIL,< 章なし >,0,57
「,「,「,特殊,括弧始,NIL,< 章なし >,0,57
……,……,……,特殊,記号,NIL,< 章なし >,0,57
あなた,あなた,あなた,名詞,普通名詞,代表表記:あなた/あなた カテゴリ:人,< 章なし >,0,57
方,がた,方,接尾辞,名詞性名詞接尾辞,代表表記:方/がた,< 章なし >,0,57
は,は,は,助詞,副助詞,NIL,< 章なし >,0,57
あの,あの,あの,指示詞,連体詞形態指示詞,NIL,< 章なし >,0,57
水,すい,水,名詞,普通名詞,代表表記:水/すい カテゴリ:自然物 漢字読み:音,< 章なし >,0,57
の,の,の,助詞,接続助詞,NIL,< 章なし >,0,57
音,おと,音,名詞,普通名詞,代表表記:音/おと カテゴリ:抽象物 漢字読み:訓,< 章なし >,0,57
を,を,を,助詞,格助詞,NIL,< 章なし >,0,57
聞か,きか,聞く,動詞,*,代表表記:聞く/きく 自他動詞:自:聞こえる/きこえる 補文ト,< 章なし >,0,57
なかった,なかった,ない,接尾辞,形容詞性述語接尾辞,代表表記:ない/ない,< 章なし >,0,57
です,です,です,助動詞,*,NIL,< 章なし >,0,57
か,か,か,助詞,終助詞,NIL,< 章なし >,0,57
」,」,」,特殊,括弧終,NIL,< 章なし >,0,57
男,おとこ,男,名詞,普通名詞,代表表記:男/おとこ カテゴリ:人 漢字読み:訓,< 章なし >,0,57
は,は,は,助詞,副助詞,NIL,< 章なし >,0,57
俄に,にわかに,俄だ,形容詞,*,代表表記:俄かだ/にわかだ,< 章なし >,0,57
声,こえ,声,名詞,普通名詞,代表表記:声/こえ カテゴリ:抽象物 漢字読み:訓,< 章なし >,0,57
を,を,を,助詞,格助詞,NIL,< 章なし >,0,57
低めて,ひくめて,低める,動詞,*,代表表記:低める/ひくめる 自他動詞:自:低まる/ひくまる 形容詞派生:低い/ひくい,< 章なし >,0,57
云った,いった,云う,動詞,*,代表表記:言う/いう 補文ト,< 章なし >,0,57
。,。,。,特殊,句点,NIL,< 章なし >,0,57
首,くび,首,名詞,普通名詞,代表表記:首/くび カテゴリ:動物-部位 漢字読み:訓,< 章なし >,0,58
を,を,を,助詞,格助詞,NIL,< 章なし >,0,58
前,まえ,前,名詞,時相名詞,代表表記:前/まえ カテゴリ:場所-機能;時間 漢字読み:訓 〜を〜に構成語 弱時相名詞,< 章なし >,0,58
に,に,に,助詞,格助詞,NIL,< 章なし >,0,58
つき出し,つきだし,つき出す,動詞,*,代表表記:突き出す/つきだす 自他動詞:自:突き出る/つきでる,< 章なし >,0,58
、,、,、,特殊,読点,NIL,< 章なし >,0,58
目,め,目,名詞,普通名詞,代表表記:目/め カテゴリ:動物-部位 漢字読み:訓,< 章なし >,0,58
を,を,を,助詞,格助詞,NIL,< 章なし >,0,58
キョロキョロ,きょろきょろ,キョロキョロ,名詞,普通名詞,代表表記:キョロキョロ/きょろきょろ 自動獲得:テキスト 副詞識別,< 章なし >,0,58
さ,さ,する,動詞,*,代表表記:する/する 自他動詞:自:成る/なる 付属動詞候補（基本）,< 章なし >,0,58
せ,せ,せる,接尾辞,動詞性接尾辞,代表表記:せる/せる,< 章なし >,0,58
ながら,ながら,ながら,助詞,接続助詞,NIL,< 章なし >,0,58
、,、,、,特殊,読点,NIL,< 章なし >,0,58
さも,さも,さも,副詞,*,代表表記:さも/さも,< 章なし >,0,58
一大事,いちだいじ,一大事,名詞,普通名詞,代表表記:一大事/いちだいじ カテゴリ:抽象物,< 章なし >,0,58
を,を,を,助詞,格助詞,NIL,< 章なし >,0,58
打,だ,打,名詞,普通名詞,代表表記:打/だ カテゴリ:抽象物 漢字読み:音,< 章なし >,0,58
開ける,あける,開ける,動詞,*,代表表記:開ける/あける 反義:動詞:閉ざす/とざす;動詞:閉じる/とじる;動詞:閉める/しめる 自他動詞:自:開く/あく,< 章なし >,0,58
のだ,のだ,のだ,助動詞,*,NIL,< 章なし >,0,58
と,と,と,助詞,格助詞,NIL,< 章なし >,0,58
いわ,いわ,いう,動詞,*,代表表記:言う/いう 補文ト,< 章なし >,0,58
ぬ,ぬ,ぬ,助動詞,*,NIL,< 章なし >,0,58
ばかりに,ばかりに,ばかりだ,助動詞,*,NIL,< 章なし >,0,58
、,、,、,特殊,読点,NIL,< 章なし >,0,58
「,「,「,特殊,括弧始,NIL,< 章なし >,0,58
三七二十一,三七二十一,三七二十一,名詞,数詞,カテゴリ:数量 未知語:数字,< 章なし >,0,58
日,にち,日,接尾辞,名詞性名詞助数辞,代表表記:日/にち カテゴリ:時間 準内容語,< 章なし >,0,58
の,の,の,助詞,接続助詞,NIL,< 章なし >,0,58
間,あいだ,間,名詞,副詞的名詞,代表表記:間/あいだ,< 章なし >,0,58
、,、,、,特殊,読点,NIL,< 章なし >,0,58
私,わたし,私,名詞,普通名詞,代表表記:私/わたし カテゴリ:人 漢字読み:訓,< 章なし >,0,58
の,の,の,助詞,接続助詞,NIL,< 章なし >,0,58
家,いえ,家,名詞,普通名詞,代表表記:家/いえ ドメイン:家庭・暮らし カテゴリ:組織・団体;場所-施設 漢字読み:訓,< 章なし >,0,58
の,の,の,助詞,接続助詞,NIL,< 章なし >,0,58
水道,すいどう,水道,名詞,普通名詞,代表表記:水道/すいどう ドメイン:家庭・暮らし カテゴリ:人工物-その他,< 章なし >,0,58
は,は,は,助詞,副助詞,NIL,< 章なし >,0,58
ザーザー,ザーザー,ザーザー,副詞,*,自動認識 未知語:擬音語擬態語 する連続可能,< 章なし >,0,58
と,と,と,助詞,格助詞,NIL,< 章なし >,0,58
開け,あけ,開け,名詞,普通名詞,代表表記:開け/あけv 反義:動詞:閉ざす/とざす;動詞:閉じる/とじる;動詞:閉める/しめる 自他動詞:自:開く/あく 連用形名詞化:開ける/あける,< 章なし >,0,58
っぱなし,っぱなし,っぱなし,名詞,普通名詞,代表表記:っ放し/っぱなしv 連用形名詞化:っ放す/っぱなす 付属動詞候補（基本）,< 章なし >,0,58
に,に,に,助詞,格助詞,NIL,< 章なし >,0,58
して,して,する,動詞,*,代表表記:する/する 自他動詞:自:成る/なる 付属動詞候補（基本）,< 章なし >,0,58
あった,あった,ある,接尾辞,動詞性接尾辞,代表表記:ある/ある,< 章なし >,0,58
のです,のです,のだ,助動詞,*,NIL,< 章なし >,0,58
よ,よ,よ,助詞,終助詞,NIL,< 章なし >,0,58
。,。,。,特殊,句点,NIL,< 章なし >,0,58
五,ご,五,名詞,数詞,カテゴリ:数量,< 章なし >,0,59
つ,つ,つ,接尾辞,名詞性名詞助数辞,代表表記:つ/つ 準内容語 連語由来,< 章なし >,0,59
に,に,に,助詞,格助詞,NIL,< 章なし >,0,59
切った,きった,切る,動詞,*,代表表記:切る/きる 自他動詞:自:切れる/きれる 補文ト 付属動詞候補（基本）,< 章なし >,0,59
女房,にょうぼう,女房,名詞,普通名詞,代表表記:女房/にょうぼう ドメイン:家庭・暮らし カテゴリ:人,< 章なし >,0,59
の,の,の,助詞,接続助詞,NIL,< 章なし >,0,59
死体,したい,死体,名詞,普通名詞,代表表記:死体/したい カテゴリ:動物,< 章なし >,0,59
を,を,を,助詞,格助詞,NIL,< 章なし >,0,59
ね,ね,ね,助詞,終助詞,NIL,< 章なし >,0,59
、,、,、,特殊,読点,NIL,< 章なし >,0,59
四,よん,四,名詞,数詞,カテゴリ:数量,< 章なし >,0,59
斗,と,斗,名詞,普通名詞,代表表記:斗/と カテゴリ:数量 漢字読み:音,< 章なし >,0,59
樽,たる,樽,名詞,普通名詞,代表表記:樽/たる カテゴリ:人工物-その他,< 章なし >,0,59
の,の,の,助詞,接続助詞,NIL,< 章なし >,0,59
中,なか,中,名詞,副詞的名詞,代表表記:中/なか,< 章なし >,0,59
へ,へ,へ,助詞,格助詞,NIL,< 章なし >,0,59
入れて,いれて,入れる,動詞,*,代表表記:入れる/いれる 反義:動詞:出す/だす 自他動詞:自:入る/はいる,< 章なし >,0,59
、,、,、,特殊,読点,NIL,< 章なし >,0,59
冷して,ひやして,冷す,動詞,*,代表表記:冷やす/ひやす 反義:動詞:温める/あたためる;動詞:暖める/あたためる 自他動詞:自:冷える/ひえる,< 章なし >,0,59
いた,いた,いる,接尾辞,動詞性接尾辞,代表表記:いる/いる,< 章なし >,0,59
のです,のです,のだ,助動詞,*,NIL,< 章なし >,0,59
よ,よ,よ,助詞,終助詞,NIL,< 章なし >,0,59
。,。,。,特殊,句点,NIL,< 章なし >,0,59
これ,これ,これ,指示詞,名詞形態指示詞,NIL,< 章なし >,0,60
が,が,が,助詞,格助詞,NIL,< 章なし >,0,60
ね,ね,ね,助詞,終助詞,NIL,< 章なし >,0,60
、,、,、,特殊,読点,NIL,< 章なし >,0,60
みなさん,みなさん,みなさん,名詞,普通名詞,代表表記:皆さん/みなさん カテゴリ:人,< 章なし >,0,60
」,」,」,特殊,括弧終,NIL,< 章なし >,0,60
ここ,ここ,ここ,指示詞,名詞形態指示詞,NIL,< 章なし >,0,60
で,で,で,助詞,格助詞,NIL,< 章なし >,0,60
彼,かれ,彼,名詞,普通名詞,代表表記:彼/かれ カテゴリ:人 漢字読み:訓,< 章なし >,0,60
の,の,の,助詞,接続助詞,NIL,< 章なし >,0,60
声,こえ,声,名詞,普通名詞,代表表記:声/こえ カテゴリ:抽象物 漢字読み:訓,< 章なし >,0,60
は,は,は,助詞,副助詞,NIL,< 章なし >,0,60
聞え,きこえ,聞える,動詞,*,代表表記:聞こえる/きこえる 自他動詞:他:聞く/きく,< 章なし >,0,60
ない,ない,ない,接尾辞,形容詞性述語接尾辞,代表表記:ない/ない,< 章なし >,0,60
位,くらい,位,名詞,副詞的名詞,代表表記:くらい/くらい,< 章なし >,0,60
に,に,に,助詞,格助詞,NIL,< 章なし >,0,60
低め,ひくめ,低める,動詞,*,代表表記:低める/ひくめる 自他動詞:自:低まる/ひくまる 形容詞派生:低い/ひくい,< 章なし >,0,60
られた,られた,られる,接尾辞,動詞性接尾辞,代表表記:られる/られる,< 章なし >,0,60
。,。,。,特殊,句点,NIL,< 章なし >,0,60
「,「,「,特殊,括弧始,NIL,< 章なし >,0,61
秘訣,ひけつ,秘訣,名詞,普通名詞,代表表記:秘訣/ひけつ カテゴリ:抽象物,< 章なし >,0,61
な,な,だ,判定詞,*,NIL,< 章なし >,0,61
んだ,んだ,んだ,助動詞,*,NIL,< 章なし >,0,61
よ,よ,よ,助詞,終助詞,NIL,< 章なし >,0,61
。,。,。,特殊,句点,NIL,< 章なし >,0,61
秘訣,ひけつ,秘訣,名詞,普通名詞,代表表記:秘訣/ひけつ カテゴリ:抽象物,< 章なし >,0,62
な,な,だ,判定詞,*,NIL,< 章なし >,0,62
んだ,んだ,んだ,助動詞,*,NIL,< 章なし >,0,62
よ,よ,よ,助詞,終助詞,NIL,< 章なし >,0,62
。,。,。,特殊,句点,NIL,< 章なし >,0,62
死骸,しがい,死骸,名詞,普通名詞,代表表記:死骸/しがい カテゴリ:動物-部位,< 章なし >,0,63
を,を,を,助詞,格助詞,NIL,< 章なし >,0,63
腐ら,くさら,腐る,動詞,*,代表表記:腐る/くさる 付属動詞候補（基本）,< 章なし >,0,63
せ,せ,せる,接尾辞,動詞性接尾辞,代表表記:せる/せる,< 章なし >,0,63
ない,ない,ない,接尾辞,形容詞性述語接尾辞,代表表記:ない/ない,< 章なし >,0,63
。,。,。,特殊,句点,NIL,< 章なし >,0,63
……,……,……,特殊,記号,NIL,< 章なし >,0,64
屍蝋,屍蝋,屍蝋,名詞,普通名詞,自動獲得:Wikipedia 読み不明 Wikipediaリダイレクト:死蝋,< 章なし >,0,64
と,と,と,助詞,格助詞,NIL,< 章なし >,0,64
いう,いう,いう,動詞,*,代表表記:言う/いう 補文ト,< 章なし >,0,64
もの,もの,もの,名詞,形式名詞,NIL,< 章なし >,0,64
に,に,に,助詞,格助詞,NIL,< 章なし >,0,64
なる,なる,なる,動詞,*,代表表記:成る/なる 自他動詞:他:成す/なす;他:する/する,< 章なし >,0,64
んだ,んだ,んだ,助動詞,*,NIL,< 章なし >,0,64
」,」,」,特殊,括弧終,NIL,< 章なし >,0,64
「,「,「,特殊,括弧始,NIL,< 章なし >,0,64
屍蝋,屍蝋,屍蝋,名詞,普通名詞,自動獲得:Wikipedia 読み不明 Wikipediaリダイレクト:死蝋,< 章なし >,0,64
」,」,」,特殊,括弧終,NIL,< 章なし >,0,64
……,……,……,特殊,記号,NIL,< 章なし >,0,64
ある,ある,ある,連体詞,*,代表表記:或る/ある,< 章なし >,0,64
医,い,医,名詞,普通名詞,代表表記:医/い ドメイン:健康・医学 カテゴリ:人 漢字読み:音,< 章なし >,0,64
書,しょ,書,名詞,普通名詞,代表表記:書/しょ カテゴリ:抽象物 漢字読み:音,< 章なし >,0,64
の,の,の,助詞,接続助詞,NIL,< 章なし >,0,64
「,「,「,特殊,括弧始,NIL,< 章なし >,0,64
屍蝋,屍蝋,屍蝋,名詞,普通名詞,自動獲得:Wikipedia 読み不明 Wikipediaリダイレクト:死蝋,< 章なし >,0,64
」,」,」,特殊,括弧終,NIL,< 章なし >,0,64
の,の,の,助詞,接続助詞,NIL,< 章なし >,0,64
項,こう,項,名詞,普通名詞,代表表記:項/こう カテゴリ:人工物-その他 漢字読み:音,< 章なし >,0,64
が,が,が,助詞,格助詞,NIL,< 章なし >,0,64
、,、,、,特殊,読点,NIL,< 章なし >,0,64
私,わたし,私,名詞,普通名詞,代表表記:私/わたし カテゴリ:人 漢字読み:訓,< 章なし >,0,64
の,の,の,助詞,接続助詞,NIL,< 章なし >,0,64
目の前,めのまえ,目の前,名詞,普通名詞,代表表記:目の前/めのまえ カテゴリ:場所-その他;時間 〜を〜に構成語,< 章なし >,0,64
に,に,に,助詞,格助詞,NIL,< 章なし >,0,64
、,、,、,特殊,読点,NIL,< 章なし >,0,64
その,その,その,指示詞,連体詞形態指示詞,NIL,< 章なし >,0,64
著者,ちょしゃ,著者,名詞,普通名詞,代表表記:著者/ちょしゃ ドメイン:文化・芸術;科学・技術;メディア カテゴリ:人,< 章なし >,0,64
の,の,の,助詞,接続助詞,NIL,< 章なし >,0,64
黴,かび,黴,名詞,普通名詞,代表表記:カビ/かび カテゴリ:植物,< 章なし >,0,64
くさい,くさい,くさい,接尾辞,形容詞性名詞接尾辞,代表表記:くさい/くさい,< 章なし >,0,64
絵,え,絵,名詞,普通名詞,代表表記:絵/え カテゴリ:人工物-その他;抽象物 漢字読み:音,< 章なし >,0,64
姿,すがた,姿,名詞,普通名詞,代表表記:姿/すがた カテゴリ:抽象物;形・模様 漢字読み:訓,< 章なし >,0,64
と,と,と,助詞,格助詞,NIL,< 章なし >,0,64
共に,ともに,共に,副詞,*,代表表記:共に/ともに,< 章なし >,0,64
浮んで,うかんで,浮ぶ,動詞,*,代表表記:浮かぶ/うかぶ 反義:動詞:沈む/しずむ 自他動詞:他:浮かべる/うかべる,< 章なし >,0,64
来た,きた,来る,接尾辞,動詞性接尾辞,代表表記:来る/くる,< 章なし >,0,64
。,。,。,特殊,句点,NIL,< 章なし >,0,64
一体全体,いったいぜんたい,一体全体,副詞,*,代表表記:一体全体/いったいぜんたい,< 章なし >,0,65
、,、,、,特殊,読点,NIL,< 章なし >,0,65
この,この,この,指示詞,連体詞形態指示詞,NIL,< 章なし >,0,65
男,おとこ,男,名詞,普通名詞,代表表記:男/おとこ カテゴリ:人 漢字読み:訓,< 章なし >,0,65
は,は,は,助詞,副助詞,NIL,< 章なし >,0,65
何,なに,何,名詞,普通名詞,代表表記:何/なに カテゴリ:抽象物 漢字読み:訓,< 章なし >,0,65
を,を,を,助詞,格助詞,NIL,< 章なし >,0,65
云わ,いわ,云う,動詞,*,代表表記:言う/いう 補文ト,< 章なし >,0,65
ん,ん,ぬ,助動詞,*,NIL,< 章なし >,0,65
と,と,と,助詞,格助詞,NIL,< 章なし >,0,65
して,して,する,動詞,*,代表表記:する/する 自他動詞:自:成る/なる 付属動詞候補（基本）,< 章なし >,0,65
いる,いる,いる,接尾辞,動詞性接尾辞,代表表記:いる/いる,< 章なし >,0,65
のだ,のだ,のだ,助動詞,*,NIL,< 章なし >,0,65
。,。,。,特殊,句点,NIL,< 章なし >,0,65
何とも,なんとも,何とも,副詞,*,代表表記:何とも/なんとも,< 章なし >,0,66
知れ,しれ,知れる,動詞,*,代表表記:知れる/しれる 可能動詞:知る/しる 補文ト,< 章なし >,0,66
ぬ,ぬ,ぬ,助動詞,*,NIL,< 章なし >,0,66
恐怖,きょうふ,恐怖,名詞,サ変名詞,代表表記:恐怖/きょうふ カテゴリ:抽象物,< 章なし >,0,66
が,が,が,助詞,格助詞,NIL,< 章なし >,0,66
、,、,、,特殊,読点,NIL,< 章なし >,0,66
私,わたし,私,名詞,普通名詞,代表表記:私/わたし カテゴリ:人 漢字読み:訓,< 章なし >,0,66
の,の,の,助詞,接続助詞,NIL,< 章なし >,0,66
心臓,しんぞう,心臓,名詞,普通名詞,代表表記:心臓/しんぞう ドメイン:健康・医学 カテゴリ:動物-部位,< 章なし >,0,66
を,を,を,助詞,格助詞,NIL,< 章なし >,0,66
風船玉,風船玉,風船玉,未定義語,その他,未知語:漢字 品詞推定:名詞,< 章なし >,0,66
の,の,の,助詞,接続助詞,NIL,< 章なし >,0,66
様,よう,様,名詞,副詞的名詞,代表表記:様/よう,< 章なし >,0,66
に,に,に,助詞,格助詞,NIL,< 章なし >,0,66
軽く,かるく,軽い,形容詞,*,代表表記:軽い/かるい 反義:形容詞:重い/おもい,< 章なし >,0,66
した,した,する,接尾辞,動詞性接尾辞,代表表記:する/する,< 章なし >,0,66
。,。,。,特殊,句点,NIL,< 章なし >,0,66
「,「,「,特殊,括弧始,NIL,< 章なし >,0,67
……,……,……,特殊,記号,NIL,< 章なし >,0,67
女房,にょうぼう,女房,名詞,普通名詞,代表表記:女房/にょうぼう ドメイン:家庭・暮らし カテゴリ:人,< 章なし >,0,67
の,の,の,助詞,格助詞,NIL,< 章なし >,0,67
脂ぎった,あぶらぎった,脂ぎる,動詞,*,代表表記:脂ぎる/あぶらぎる,< 章なし >,0,67
白い,しろい,白い,形容詞,*,代表表記:白い/しろい 名詞派生:白/しろ,< 章なし >,0,67
胴体,どうたい,胴体,名詞,普通名詞,代表表記:胴体/どうたい カテゴリ:動物-部位,< 章なし >,0,67
や,や,や,助詞,接続助詞,NIL,< 章なし >,0,67
手足,てあし,手足,名詞,普通名詞,代表表記:手足/てあし カテゴリ:動物-部位;抽象物,< 章なし >,0,67
が,が,が,助詞,格助詞,NIL,< 章なし >,0,67
、,、,、,特殊,読点,NIL,< 章なし >,0,67
可愛い,かわいい,可愛い,形容詞,*,代表表記:可愛い/かわいい,< 章なし >,0,67
蝋,ろう,蝋,名詞,普通名詞,代表表記:蝋/ろう カテゴリ:人工物-その他,< 章なし >,0,67
細工,さいく,細工,名詞,サ変名詞,代表表記:細工/さいく カテゴリ:抽象物,< 章なし >,0,67
に,に,に,助詞,格助詞,NIL,< 章なし >,0,67
なって,なって,なる,動詞,*,代表表記:成る/なる 自他動詞:他:成す/なす;他:する/する,< 章なし >,0,67
了った,了った,了る,動詞,*,自動獲得:Wiktionary 読み不明,< 章なし >,0,67
」,」,」,特殊,括弧終,NIL,< 章なし >,0,67
「,「,「,特殊,括弧始,NIL,< 章なし >,0,67
ハハハハハ,ハハハハハ,ハハハハハ,未定義語,カタカナ,未知語:カタカナ 品詞推定:名詞,< 章なし >,0,67
、,、,、,特殊,読点,NIL,< 章なし >,0,67
お,お,お,接頭辞,名詞接頭辞,代表表記:御/お,< 章なし >,0,67
極,きょく,極,名詞,普通名詞,代表表記:極/きょく カテゴリ:抽象物 漢字読み:音,< 章なし >,0,67
り,り,り,接尾辞,名詞性名詞接尾辞,代表表記:り/り 連用形名詞化:る/る,< 章なし >,0,67
を,を,を,助詞,格助詞,NIL,< 章なし >,0,67
云って,いって,云う,動詞,*,代表表記:言う/いう 補文ト,< 章なし >,0,67
ら,ら,る,接尾辞,動詞性接尾辞,代表表記:る/る,< 章なし >,0,67
あ,あ,ある,接尾辞,動詞性接尾辞,代表表記:ある/ある,< 章なし >,0,67
。,。,。,特殊,句点,NIL,< 章なし >,0,67
お前,おまえ,お前,名詞,普通名詞,代表表記:御前/おまえ カテゴリ:人,< 章なし >,0,68
それ,それ,それ,指示詞,名詞形態指示詞,NIL,< 章なし >,0,68
を,を,を,助詞,格助詞,NIL,< 章なし >,0,68
、,、,、,特殊,読点,NIL,< 章なし >,0,68
昨日,きのう,昨日,名詞,時相名詞,代表表記:昨日/きのう カテゴリ:時間,< 章なし >,0,68
から,から,から,助詞,格助詞,NIL,< 章なし >,0,68
何度,なんど,何度,名詞,普通名詞,代表表記:何度/なんど カテゴリ:数量,< 章なし >,0,68
おさらい,おさらい,おさらい,名詞,サ変名詞,代表表記:おさらい/おさらい ドメイン:教育・学習 カテゴリ:抽象物,< 章なし >,0,68
する,する,する,動詞,*,代表表記:する/する 自他動詞:自:成る/なる 付属動詞候補（基本）,< 章なし >,0,68
ん,ん,ぬ,助動詞,*,NIL,< 章なし >,0,68
だい,だい,だい,名詞,普通名詞,代表表記:代/だい カテゴリ:時間 漢字読み:音,< 章なし >,0,68
」,」,」,特殊,括弧終,NIL,< 章なし >,0,68
誰,だれ,誰,名詞,普通名詞,代表表記:誰/だれ カテゴリ:人,< 章なし >,0,68
か,か,か,助詞,接続助詞,NIL,< 章なし >,0,68
が,が,が,助詞,格助詞,NIL,< 章なし >,0,68
不作法に,ぶさほうに,不作法だ,形容詞,*,代表表記:不作法だ/ぶさほうだ,< 章なし >,0,68
怒鳴った,どなった,怒鳴る,動詞,*,代表表記:怒鳴る/どなる 補文ト,< 章なし >,0,68
。,。,。,特殊,句点,NIL,< 章なし >,0,68
「,「,「,特殊,括弧始,NIL,< 章なし >,0,69
オイ,おい,オイ,感動詞,*,代表表記:オイ/おい,< 章なし >,0,69
、,、,、,特殊,読点,NIL,< 章なし >,0,69
諸君,しょくん,諸君,名詞,普通名詞,代表表記:諸君/しょくん カテゴリ:人,< 章なし >,0,69
」,」,」,特殊,括弧終,NIL,< 章なし >,0,69
男,おとこ,男,名詞,普通名詞,代表表記:男/おとこ カテゴリ:人 漢字読み:訓,< 章なし >,0,69
の,の,の,助詞,接続助詞,NIL,< 章なし >,0,69
調子,ちょうし,調子,名詞,普通名詞,代表表記:調子/ちょうし カテゴリ:抽象物,< 章なし >,0,69
が,が,が,助詞,格助詞,NIL,< 章なし >,0,69
いきなり,いきなり,いきなり,副詞,*,代表表記:いきなり/いきなり,< 章なし >,0,69
大声,おおごえ,大声,名詞,普通名詞,代表表記:大声/おおごえ カテゴリ:抽象物,< 章なし >,0,69
に,に,に,助詞,格助詞,NIL,< 章なし >,0,69
変った,かわった,変る,動詞,*,代表表記:変わる/かわる 自他動詞:他:変える/かえる,< 章なし >,0,69
。,。,。,特殊,句点,NIL,< 章なし >,0,69
「,「,「,特殊,括弧始,NIL,< 章なし >,0,70
俺,おれ,俺,名詞,普通名詞,代表表記:俺/おれ カテゴリ:人,< 章なし >,0,70
が,が,が,助詞,格助詞,NIL,< 章なし >,0,70
これ程,これほど,これ程,副詞,*,代表表記:此れ程/これほど,< 章なし >,0,70
云う,いう,云う,動詞,*,代表表記:言う/いう 補文ト,< 章なし >,0,70
の,の,の,名詞,形式名詞,NIL,< 章なし >,0,70
が,が,が,助詞,格助詞,NIL,< 章なし >,0,70
分ら,分ら,分る,動詞,*,代表表記:分る/分る 自動獲得:テキスト,< 章なし >,0,70
ん,ん,ぬ,助動詞,*,NIL,< 章なし >,0,70
の,の,のだ,助動詞,*,NIL,< 章なし >,0,70
か,か,か,助詞,終助詞,NIL,< 章なし >,0,70
。,。,。,特殊,句点,NIL,< 章なし >,0,70
君,きみ,君,名詞,普通名詞,代表表記:君/きみ カテゴリ:人 漢字読み:訓,< 章なし >,0,71
達,たち,達,接尾辞,名詞性名詞接尾辞,代表表記:達/たち,< 章なし >,0,71
は,は,は,助詞,副助詞,NIL,< 章なし >,0,71
、,、,、,特殊,読点,NIL,< 章なし >,0,71
俺,おれ,俺,名詞,普通名詞,代表表記:俺/おれ カテゴリ:人,< 章なし >,0,71
の,の,の,助詞,接続助詞,NIL,< 章なし >,0,71
女房,にょうぼう,女房,名詞,普通名詞,代表表記:女房/にょうぼう ドメイン:家庭・暮らし カテゴリ:人,< 章なし >,0,71
は,は,は,助詞,副助詞,NIL,< 章なし >,0,71
家出,いえで,家出,名詞,サ変名詞,代表表記:家出/いえで ドメイン:家庭・暮らし カテゴリ:抽象物,< 章なし >,0,71
を,を,を,助詞,格助詞,NIL,< 章なし >,0,71
した,した,する,動詞,*,代表表記:する/する 自他動詞:自:成る/なる 付属動詞候補（基本）,< 章なし >,0,71
家出,いえで,家出,名詞,サ変名詞,代表表記:家出/いえで ドメイン:家庭・暮らし カテゴリ:抽象物,< 章なし >,0,71
を,を,を,助詞,格助詞,NIL,< 章なし >,0,71
した,した,する,動詞,*,代表表記:する/する 自他動詞:自:成る/なる 付属動詞候補（基本）,< 章なし >,0,71
と,と,と,助詞,格助詞,NIL,< 章なし >,0,71
信じ,しんじ,信ずる,動詞,*,代表表記:信ずる/しんずる 同義:動詞:信じる/しんじる,< 章なし >,0,71
切って,きって,切る,動詞,*,代表表記:切る/きる 自他動詞:自:切れる/きれる 補文ト 付属動詞候補（基本）,< 章なし >,0,71
いる,いる,いる,接尾辞,動詞性接尾辞,代表表記:いる/いる,< 章なし >,0,71
だろう,だろう,だろう,助動詞,*,NIL,< 章なし >,0,71
。,。,。,特殊,句点,NIL,< 章なし >,0,71
ところが,ところが,ところが,接続詞,*,代表表記:ところが/ところが,< 章なし >,0,72
な,な,な,助詞,終助詞,NIL,< 章なし >,0,72
、,、,、,特殊,読点,NIL,< 章なし >,0,72
オイ,おい,オイ,感動詞,*,代表表記:オイ/おい,< 章なし >,0,72
、,、,、,特殊,読点,NIL,< 章なし >,0,72
よく,よく,よく,副詞,*,代表表記:良く/よく,< 章なし >,0,72
聞け,きけ,聞ける,動詞,*,代表表記:聞ける/きける 可能動詞:聞く/きく 補文ト,< 章なし >,0,72
、,、,、,特殊,読点,NIL,< 章なし >,0,72
あの,あの,あの,指示詞,連体詞形態指示詞,NIL,< 章なし >,0,72
女,おんな,女,名詞,普通名詞,代表表記:女/おんな カテゴリ:人 漢字読み:訓,< 章なし >,0,72
は,は,は,助詞,副助詞,NIL,< 章なし >,0,72
この,この,この,指示詞,連体詞形態指示詞,NIL,< 章なし >,0,72
俺,おれ,俺,名詞,普通名詞,代表表記:俺/おれ カテゴリ:人,< 章なし >,0,72
が,が,が,助詞,格助詞,NIL,< 章なし >,0,72
殺した,ころした,殺す,動詞,*,代表表記:殺す/ころす 反義:動詞:生かす/いかす,< 章なし >,0,72
んだ,んだ,んだ,助動詞,*,NIL,< 章なし >,0,72
よ,よ,よ,助詞,終助詞,NIL,< 章なし >,0,72
。,。,。,特殊,句点,NIL,< 章なし >,0,72
どう,どう,どう,指示詞,副詞形態指示詞,NIL,< 章なし >,0,73
だ,だ,だ,判定詞,*,NIL,< 章なし >,0,73
、,、,、,特殊,読点,NIL,< 章なし >,0,73
びっくり,びっくり,びっくり,名詞,サ変名詞,代表表記:ビックリ/びっくり カテゴリ:抽象物,< 章なし >,0,73
した,した,する,動詞,*,代表表記:する/する 自他動詞:自:成る/なる 付属動詞候補（基本）,< 章なし >,0,73
か,か,か,助詞,終助詞,NIL,< 章なし >,0,73
。,。,。,特殊,句点,NIL,< 章なし >,0,73
ワハハ,ワハハ,ワハハ,名詞,普通名詞,自動獲得:Wikipedia Wikipediaリダイレクト:Ｗａｈａｈａ,< 章なし >,0,74
ハハハハ,ハハハハ,ハハハハ,副詞,*,自動認識 未知語:擬音語擬態語 する連続可能,< 章なし >,0,74
」,」,」,特殊,括弧終,NIL,< 章なし >,0,74
……,……,……,特殊,記号,NIL,< 章なし >,0,74
断切った,たちきった,断切る,動詞,*,代表表記:断ち切る/たちきる,< 章なし >,0,74
様に,ように,様だ,助動詞,*,NIL,< 章なし >,0,74
笑声,笑声,笑声,名詞,普通名詞,自動獲得:Wiktionary 読み不明,< 章なし >,0,74
が,が,が,助詞,格助詞,NIL,< 章なし >,0,74
やんだ,やんだ,やむ,動詞,*,代表表記:止む/やむ 反義:動詞:降る/ふる 自他動詞:他:止める/やめる,< 章なし >,0,74
か,か,か,助詞,接続助詞,NIL,< 章なし >,0,74
と,と,と,助詞,格助詞,NIL,< 章なし >,0,74
思う,おもう,思う,動詞,*,代表表記:思う/おもう 補文ト,< 章なし >,0,74
と,と,と,助詞,格助詞,NIL,< 章なし >,0,74
、,、,、,特殊,読点,NIL,< 章なし >,0,74
一,いち,一,名詞,数詞,カテゴリ:数量,< 章なし >,0,74
瞬間,しゅんかん,瞬間,名詞,時相名詞,代表表記:瞬間/しゅんかん カテゴリ:時間 弱時相名詞,< 章なし >,0,74
に,に,に,助詞,格助詞,NIL,< 章なし >,0,74
元,げん,元,名詞,普通名詞,代表表記:元/げん カテゴリ:抽象物 漢字読み:音 〜を〜に構成語,< 章なし >,0,74
の,の,の,助詞,格助詞,NIL,< 章なし >,0,74
生真面目な,きまじめな,生真面目だ,形容詞,*,代表表記:生真面目だ/きまじめだ,< 章なし >,0,74
顔,かお,顔,名詞,普通名詞,代表表記:顔/かお カテゴリ:動物-部位 漢字読み:訓,< 章なし >,0,74
が,が,が,助詞,格助詞,NIL,< 章なし >,0,74
戻って,もどって,戻る,動詞,*,代表表記:戻る/もどる 自他動詞:他:戻す/もどす,< 章なし >,0,74
来た,きた,来る,接尾辞,動詞性接尾辞,代表表記:来る/くる,< 章なし >,0,74
。,。,。,特殊,句点,NIL,< 章なし >,0,74
男,おとこ,男,名詞,普通名詞,代表表記:男/おとこ カテゴリ:人 漢字読み:訓,< 章なし >,0,75
は,は,は,助詞,副助詞,NIL,< 章なし >,0,75
又,また,又,副詞,*,代表表記:又/また,< 章なし >,0,75
囁き,ささやき,囁く,動詞,*,代表表記:囁く/ささやく 補文ト,< 章なし >,0,75
声,こえ,声,名詞,普通名詞,代表表記:声/こえ カテゴリ:抽象物 漢字読み:訓,< 章なし >,0,75
で,で,で,助詞,格助詞,NIL,< 章なし >,0,75
始めた,はじめた,始める,動詞,*,代表表記:始める/はじめる 反義:動詞:終える/おえる 自他動詞:自:始まる/はじまる 付属動詞候補（基本）,< 章なし >,0,75
。,。,。,特殊,句点,NIL,< 章なし >,0,75
「,「,「,特殊,括弧始,NIL,< 章なし >,0,76
それ,それ,それ,指示詞,名詞形態指示詞,NIL,< 章なし >,0,76
で,で,で,助詞,格助詞,NIL,< 章なし >,0,76
もう,もう,もう,副詞,*,代表表記:もう/もう 数量修飾,< 章なし >,0,76
、,、,、,特殊,読点,NIL,< 章なし >,0,76
女,おんな,女,名詞,普通名詞,代表表記:女/おんな カテゴリ:人 漢字読み:訓,< 章なし >,0,76
は,は,は,助詞,副助詞,NIL,< 章なし >,0,76
ほんとうに,ほんとうに,ほんとうだ,形容詞,*,代表表記:本当だ/ほんとうだ 反義:名詞-普通名詞:嘘/うそ,< 章なし >,0,76
私,わたし,私,名詞,普通名詞,代表表記:私/わたし カテゴリ:人 漢字読み:訓,< 章なし >,0,76
の,の,の,助詞,接続助詞,NIL,< 章なし >,0,76
もの,もの,もの,名詞,形式名詞,NIL,< 章なし >,0,76
に,に,に,助詞,格助詞,NIL,< 章なし >,0,76
なり切って,なりきって,なり切る,動詞,*,代表表記:成り切る/なりきる,< 章なし >,0,76
了った,了った,了る,動詞,*,自動獲得:Wiktionary 読み不明,< 章なし >,0,76
のです,のです,のだ,助動詞,*,NIL,< 章なし >,0,76
。,。,。,特殊,句点,NIL,< 章なし >,0,76
ちっとも,ちっとも,ちっとも,副詞,*,代表表記:ちっとも/ちっとも,< 章なし >,0,77
心配,しんぱい,心配,名詞,サ変名詞,代表表記:心配/しんぱい カテゴリ:抽象物 反義:名詞-サ変名詞:安心/あんしん 補文ト 形容詞派生:心配だ/しんぱいだ,< 章なし >,0,77
は,は,は,助詞,副助詞,NIL,< 章なし >,0,77
いら,いら,いる,動詞,*,代表表記:煎る/いる ドメイン:料理・食事,< 章なし >,0,77
ない,ない,ない,接尾辞,形容詞性述語接尾辞,代表表記:ない/ない,< 章なし >,0,77
のです,のです,のだ,助動詞,*,NIL,< 章なし >,0,77
。,。,。,特殊,句点,NIL,< 章なし >,0,77
キッス,キッス,キッス,名詞,人名,自動獲得:Wikipedia Wikipedia人名 Wikipedia多義,< 章なし >,0,78
の,の,の,助詞,格助詞,NIL,< 章なし >,0,78
し,し,する,動詞,*,代表表記:する/する 自他動詞:自:成る/なる 付属動詞候補（基本）,< 章なし >,0,78
たい,たい,たい,接尾辞,形容詞性述語接尾辞,代表表記:たい/たい,< 章なし >,0,78
時,とき,時,名詞,副詞的名詞,代表表記:時/とき,< 章なし >,0,78
に,に,に,助詞,格助詞,NIL,< 章なし >,0,78
キッス,キッス,キッス,名詞,人名,自動獲得:Wikipedia Wikipedia人名 Wikipedia多義,< 章なし >,0,78
が,が,が,助詞,格助詞,NIL,< 章なし >,0,78
出来,でき,出来る,動詞,*,代表表記:出来る/できる,< 章なし >,0,78
ます,ます,ます,接尾辞,動詞性接尾辞,代表表記:ます/ます,< 章なし >,0,78
。,。,。,特殊,句点,NIL,< 章なし >,0,78
抱き締め,だきしめ,抱き締める,動詞,*,代表表記:抱き締める/だきしめる,< 章なし >,0,79
たい,たい,たい,接尾辞,形容詞性述語接尾辞,代表表記:たい/たい,< 章なし >,0,79
時,とき,時,名詞,副詞的名詞,代表表記:時/とき,< 章なし >,0,79
に,に,に,助詞,格助詞,NIL,< 章なし >,0,79
は,は,は,助詞,副助詞,NIL,< 章なし >,0,79
抱きしめる,だきしめる,抱きしめる,動詞,*,代表表記:抱き締める/だきしめる,< 章なし >,0,79
こと,こと,こと,名詞,形式名詞,NIL,< 章なし >,0,79
も,も,も,助詞,副助詞,NIL,< 章なし >,0,79
出来,でき,出来る,動詞,*,代表表記:出来る/できる,< 章なし >,0,79
ます,ます,ます,接尾辞,動詞性接尾辞,代表表記:ます/ます,< 章なし >,0,79
。,。,。,特殊,句点,NIL,< 章なし >,0,79
私,わたし,私,名詞,普通名詞,代表表記:私/わたし カテゴリ:人 漢字読み:訓,< 章なし >,0,80
は,は,は,助詞,副助詞,NIL,< 章なし >,0,80
もう,もう,もう,副詞,*,代表表記:もう/もう 数量修飾,< 章なし >,0,80
、,、,、,特殊,読点,NIL,< 章なし >,0,80
これ,これ,これ,指示詞,名詞形態指示詞,NIL,< 章なし >,0,80
で,で,で,助詞,格助詞,NIL,< 章なし >,0,80
本望,ほんもう,本望,名詞,普通名詞,代表表記:本望/ほんもう カテゴリ:抽象物,< 章なし >,0,80
です,です,だ,判定詞,*,NIL,< 章なし >,0,80
よ,よ,よ,助詞,終助詞,NIL,< 章なし >,0,80
」,」,」,特殊,括弧終,NIL,< 章なし >,0,80
「,「,「,特殊,括弧始,NIL,< 章なし >,0,80
……,……,……,特殊,記号,NIL,< 章なし >,0,80
だ,だ,だ,判定詞,*,NIL,< 章なし >,0,80
が,が,が,助詞,接続助詞,NIL,< 章なし >,0,80
ね,ね,ね,助詞,終助詞,NIL,< 章なし >,0,80
、,、,、,特殊,読点,NIL,< 章なし >,0,80
用心,ようじん,用心,名詞,サ変名詞,代表表記:用心/ようじん カテゴリ:抽象物,< 章なし >,0,80
し,し,する,動詞,*,代表表記:する/する 自他動詞:自:成る/なる 付属動詞候補（基本）,< 章なし >,0,80
ない,ない,ない,接尾辞,形容詞性述語接尾辞,代表表記:ない/ない,< 章なし >,0,80
と,と,と,助詞,格助詞,NIL,< 章なし >,0,80
危,危,危,未定義語,その他,未知語:漢字 品詞推定:名詞,< 章なし >,0,80
い,い,いい,形容詞,*,代表表記:良い/よい 反義:形容詞:悪い/わるい,< 章なし >,0,80
。,。,。,特殊,句点,NIL,< 章なし >,0,80
私,わたし,私,名詞,普通名詞,代表表記:私/わたし カテゴリ:人 漢字読み:訓,< 章なし >,0,81
は,は,は,助詞,副助詞,NIL,< 章なし >,0,81
人殺し,ひとごろし,人殺し,名詞,サ変名詞,代表表記:人殺し/ひとごろし ドメイン:政治 カテゴリ:抽象物,< 章なし >,0,81
な,な,だ,判定詞,*,NIL,< 章なし >,0,81
んだ,んだ,んだ,助動詞,*,NIL,< 章なし >,0,81
から,から,から,助詞,接続助詞,NIL,< 章なし >,0,81
ね,ね,ね,助詞,終助詞,NIL,< 章なし >,0,81
。,。,。,特殊,句点,NIL,< 章なし >,0,81
いつ,いつ,いつ,名詞,時相名詞,代表表記:いつ/いつ カテゴリ:時間,< 章なし >,0,82
巡査,じゅんさ,巡査,名詞,普通名詞,代表表記:巡査/じゅんさ カテゴリ:人 人名末尾,< 章なし >,0,82
に,に,に,助詞,格助詞,NIL,< 章なし >,0,82
見つかる,みつかる,見つかる,動詞,*,代表表記:見付かる/みつかる 自他動詞:他:見付ける/みつける,< 章なし >,0,82
か,か,か,助詞,接続助詞,NIL,< 章なし >,0,82
しれ,しれ,しれる,動詞,*,代表表記:知れる/しれる 可能動詞:知る/しる 補文ト,< 章なし >,0,82
ない,ない,ない,接尾辞,形容詞性述語接尾辞,代表表記:ない/ない,< 章なし >,0,82
。,。,。,特殊,句点,NIL,< 章なし >,0,82
そこ,そこ,そこ,指示詞,名詞形態指示詞,NIL,< 章なし >,0,83
で,で,で,助詞,格助詞,NIL,< 章なし >,0,83
、,、,、,特殊,読点,NIL,< 章なし >,0,83
俺,おれ,俺,名詞,普通名詞,代表表記:俺/おれ カテゴリ:人,< 章なし >,0,83
は,は,は,助詞,副助詞,NIL,< 章なし >,0,83
うまい,うまい,うまい,形容詞,*,代表表記:上手い/うまい 反義:形容詞:下手だ/へただ,< 章なし >,0,83
こと,こと,こと,名詞,形式名詞,NIL,< 章なし >,0,83
を,を,を,助詞,格助詞,NIL,< 章なし >,0,83
考えて,かんがえて,考える,動詞,*,代表表記:考える/かんがえる 補文ト,< 章なし >,0,83
あった,あった,ある,接尾辞,動詞性接尾辞,代表表記:ある/ある,< 章なし >,0,83
のだ,のだ,のだ,助動詞,*,NIL,< 章なし >,0,83
よ,よ,よ,助詞,終助詞,NIL,< 章なし >,0,83
。,。,。,特殊,句点,NIL,< 章なし >,0,83
隠し,かくし,隠し,名詞,普通名詞,代表表記:隠し/かくしv 反義:動詞:現す/あらわす;動詞:出す/だす;動詞:明かす/あかす 連用形名詞化:隠す/かくす,< 章なし >,0,84
場所,ばしょ,場所,名詞,普通名詞,代表表記:場所/ばしょ カテゴリ:場所-その他,< 章なし >,0,84
を,を,を,助詞,格助詞,NIL,< 章なし >,0,84
ね,ね,ね,助詞,終助詞,NIL,< 章なし >,0,84
。,。,。,特殊,句点,NIL,< 章なし >,0,84
……,……,……,特殊,記号,NIL,< 章なし >,0,85
巡査,じゅんさ,巡査,名詞,普通名詞,代表表記:巡査/じゅんさ カテゴリ:人 人名末尾,< 章なし >,0,85
だろう,だろう,だ,判定詞,*,NIL,< 章なし >,0,85
が,が,が,助詞,接続助詞,NIL,< 章なし >,0,85
刑事,けいじ,刑事,名詞,普通名詞,代表表記:刑事/けいじ ドメイン:政治 カテゴリ:人 人名末尾,< 章なし >,0,85
だろう,だろう,だ,判定詞,*,NIL,< 章なし >,0,85
が,が,が,助詞,接続助詞,NIL,< 章なし >,0,85
、,、,、,特殊,読点,NIL,< 章なし >,0,85
こいつ,こいつ,こいつ,名詞,普通名詞,代表表記:こいつ/こいつ カテゴリ:人,< 章なし >,0,85
に,に,に,助詞,格助詞,NIL,< 章なし >,0,85
は,は,は,助詞,副助詞,NIL,< 章なし >,0,85
お,お,お,接頭辞,名詞接頭辞,代表表記:御/お,< 章なし >,0,85
気,き,気,名詞,普通名詞,代表表記:気/き カテゴリ:抽象物 漢字読み:音,< 章なし >,0,85
が,が,が,助詞,格助詞,NIL,< 章なし >,0,85
つく,つく,つく,動詞,*,代表表記:付く/つく 自他動詞:他:付ける/つける 補文ト 付属動詞候補（基本）,< 章なし >,0,85
まい,まい,まい,助動詞,*,NIL,< 章なし >,0,85
。,。,。,特殊,句点,NIL,< 章なし >,0,85
ホラ,ホラ,ホラ,未定義語,カタカナ,未知語:カタカナ 品詞推定:名詞,< 章なし >,0,86
、,、,、,特殊,読点,NIL,< 章なし >,0,86
君,きみ,君,名詞,普通名詞,代表表記:君/きみ カテゴリ:人 漢字読み:訓,< 章なし >,0,86
、,、,、,特殊,読点,NIL,< 章なし >,0,86
見て,みて,見る,動詞,*,代表表記:見る/みる 自他動詞:自:見える/みえる 補文ト,< 章なし >,0,86
ごらん,ごらん,ごらん,名詞,普通名詞,代表表記:御覧/ごらん カテゴリ:抽象物,< 章なし >,0,86
。,。,。,特殊,句点,NIL,< 章なし >,0,86
その,その,その,指示詞,連体詞形態指示詞,NIL,< 章なし >,0,87
死骸,しがい,死骸,名詞,普通名詞,代表表記:死骸/しがい カテゴリ:動物-部位,< 章なし >,0,87
は,は,は,助詞,副助詞,NIL,< 章なし >,0,87
ちゃんと,ちゃんと,ちゃんと,副詞,*,代表表記:ちゃんと/ちゃんと スル接続可能,< 章なし >,0,87
俺,おれ,俺,名詞,普通名詞,代表表記:俺/おれ カテゴリ:人,< 章なし >,0,87
の,の,の,助詞,接続助詞,NIL,< 章なし >,0,87
店先,みせさき,店先,名詞,普通名詞,代表表記:店先/みせさき カテゴリ:場所-その他,< 章なし >,0,87
に,に,に,助詞,格助詞,NIL,< 章なし >,0,87
飾って,かざって,飾る,動詞,*,代表表記:飾る/かざる,< 章なし >,0,87
ある,ある,ある,接尾辞,動詞性接尾辞,代表表記:ある/ある,< 章なし >,0,87
のだ,のだ,のだ,助動詞,*,NIL,< 章なし >,0,87
よ,よ,よ,助詞,終助詞,NIL,< 章なし >,0,87
」,」,」,特殊,括弧終,NIL,< 章なし >,0,87
男,おとこ,男,名詞,普通名詞,代表表記:男/おとこ カテゴリ:人 漢字読み:訓,< 章なし >,0,87
の,の,の,助詞,接続助詞,NIL,< 章なし >,0,87
目,め,目,名詞,普通名詞,代表表記:目/め カテゴリ:動物-部位 漢字読み:訓,< 章なし >,0,87
が,が,が,助詞,格助詞,NIL,< 章なし >,0,87
私,わたし,私,名詞,普通名詞,代表表記:私/わたし カテゴリ:人 漢字読み:訓,< 章なし >,0,87
を,を,を,助詞,格助詞,NIL,< 章なし >,0,87
見た,みた,見る,動詞,*,代表表記:見る/みる 自他動詞:自:見える/みえる 補文ト,< 章なし >,0,87
。,。,。,特殊,句点,NIL,< 章なし >,0,87
私,わたし,私,名詞,普通名詞,代表表記:私/わたし カテゴリ:人 漢字読み:訓,< 章なし >,0,88
は,は,は,助詞,副助詞,NIL,< 章なし >,0,88
ハッと,はっと,ハッと,副詞,*,代表表記:ハッと/はっと スル接続可能,< 章なし >,0,88
して,して,する,動詞,*,代表表記:する/する 自他動詞:自:成る/なる 付属動詞候補（基本）,< 章なし >,0,88
後,のち,後,名詞,普通名詞,代表表記:後/のち カテゴリ:時間 漢字読み:訓 〜を〜に構成語 修飾（デ格）,< 章なし >,0,88
を,を,を,助詞,格助詞,NIL,< 章なし >,0,88
振り向いた,ふりむいた,振り向く,動詞,*,代表表記:振り向く/ふりむく 自他動詞:他:振り向ける/ふりむける,< 章なし >,0,88
。,。,。,特殊,句点,NIL,< 章なし >,0,88
今,いま,今,名詞,時相名詞,代表表記:今/いま カテゴリ:時間 漢字読み:訓,< 章なし >,0,89
の,の,の,助詞,接続助詞,NIL,< 章なし >,0,89
今,いま,今,名詞,時相名詞,代表表記:今/いま カテゴリ:時間 漢字読み:訓,< 章なし >,0,89
まで,まで,まで,助詞,格助詞,NIL,< 章なし >,0,89
気,き,気,名詞,普通名詞,代表表記:気/き カテゴリ:抽象物 漢字読み:音,< 章なし >,0,89
の,の,の,助詞,格助詞,NIL,< 章なし >,0,89
つか,つか,つく,動詞,*,代表表記:付く/つく 自他動詞:他:付ける/つける 補文ト 付属動詞候補（基本）,< 章なし >,0,89
なかった,なかった,ない,接尾辞,形容詞性述語接尾辞,代表表記:ない/ない,< 章なし >,0,89
すぐ,すぐ,すぐ,副詞,*,代表表記:すぐ/すぐ 修飾（ニ格） 相対名詞修飾,< 章なし >,0,89
鼻,はな,鼻,名詞,普通名詞,代表表記:鼻/はな カテゴリ:動物-部位 漢字読み:訓,< 章なし >,0,89
の,の,の,助詞,接続助詞,NIL,< 章なし >,0,89
先,さき,先,名詞,普通名詞,代表表記:先/さき カテゴリ:場所-機能;時間 漢字読み:訓,< 章なし >,0,89
に,に,に,助詞,格助詞,NIL,< 章なし >,0,89
、,、,、,特殊,読点,NIL,< 章なし >,0,89
白い,しろい,白い,形容詞,*,代表表記:白い/しろい 名詞派生:白/しろ,< 章なし >,0,89
ズック,ズック,ズック,名詞,普通名詞,自動獲得:Wikipedia Wikipedia多義,< 章なし >,0,89
の,の,の,助詞,格助詞,NIL,< 章なし >,0,89
日覆,日覆,日覆,未定義語,その他,未知語:漢字 品詞推定:名詞,< 章なし >,0,89
……,……,……,特殊,記号,NIL,< 章なし >,0,89
「,「,「,特殊,括弧始,NIL,< 章なし >,0,89
ドラッグ,どらっぐ,ドラッグ,名詞,サ変名詞,代表表記:ドラッグ/どらっぐ ドメイン:健康・医学;科学・技術 カテゴリ:人工物-その他;抽象物 多義,< 章なし >,0,89
」,」,」,特殊,括弧終,NIL,< 章なし >,0,89
……,……,……,特殊,記号,NIL,< 章なし >,0,89
「,「,「,特殊,括弧始,NIL,< 章なし >,0,89
請合,うけあい,請合,名詞,普通名詞,代表表記:請け合い/うけあいv 連用形名詞化:請け合う/うけあう 補文ト 送り仮名引っ込み,< 章なし >,0,89
薬,くすり,薬,名詞,普通名詞,代表表記:薬/くすり ドメイン:健康・医学 カテゴリ:人工物-その他 漢字読み:訓,< 章なし >,0,89
」,」,」,特殊,括弧終,NIL,< 章なし >,0,89
……,……,……,特殊,記号,NIL,< 章なし >,0,89
見覚え,みおぼえ,見覚え,名詞,普通名詞,代表表記:見覚え/みおぼえ カテゴリ:抽象物,< 章なし >,0,89
の,の,の,助詞,格助詞,NIL,< 章なし >,0,89
ある,ある,ある,動詞,*,代表表記:有る/ある 反義:形容詞:無い/ない 補文ト,< 章なし >,0,89
丸,まる,丸,名詞,普通名詞,代表表記:丸/まる カテゴリ:形・模様 漢字読み:訓,< 章なし >,0,89
ゴシック,ごしっく,ゴシック,名詞,普通名詞,代表表記:ゴシック/ごしっく ドメイン:文化・芸術;メディア カテゴリ:形・模様,< 章なし >,0,89
の,の,の,助詞,接続助詞,NIL,< 章なし >,0,89
書体,しょたい,書体,名詞,普通名詞,代表表記:書体/しょたい ドメイン:文化・芸術;メディア カテゴリ:抽象物,< 章なし >,0,89
、,、,、,特殊,読点,NIL,< 章なし >,0,89
そして,そして,そして,接続詞,*,代表表記:そして/そして,< 章なし >,0,89
、,、,、,特殊,読点,NIL,< 章なし >,0,89
その,その,その,指示詞,連体詞形態指示詞,NIL,< 章なし >,0,89
奥,おく,奥,名詞,普通名詞,代表表記:奥/おく カテゴリ:場所-機能 漢字読み:訓,< 章なし >,0,89
の,の,の,助詞,接続助詞,NIL,< 章なし >,0,89
ガラス張り,がらすばり,ガラス張り,名詞,普通名詞,代表表記:ガラス張り/がらすばり カテゴリ:抽象物,< 章なし >,0,89
の,の,の,助詞,接続助詞,NIL,< 章なし >,0,89
中,なか,中,名詞,副詞的名詞,代表表記:中/なか,< 章なし >,0,89
の,の,の,助詞,接続助詞,NIL,< 章なし >,0,89
人体,じんたい,人体,名詞,普通名詞,代表表記:人体/じんたい カテゴリ:動物,< 章なし >,0,89
模型,もけい,模型,名詞,普通名詞,代表表記:模型/もけい カテゴリ:人工物-その他,< 章なし >,0,89
、,、,、,特殊,読点,NIL,< 章なし >,0,89
その,その,その,指示詞,連体詞形態指示詞,NIL,< 章なし >,0,89
男,おとこ,男,名詞,普通名詞,代表表記:男/おとこ カテゴリ:人 漢字読み:訓,< 章なし >,0,89
は,は,は,助詞,副助詞,NIL,< 章なし >,0,89
、,、,、,特殊,読点,NIL,< 章なし >,0,89
何々,何々,何々,未定義語,その他,未知語:漢字 品詞推定:名詞,< 章なし >,0,89
ドラッグ,どらっぐ,ドラッグ,名詞,サ変名詞,代表表記:ドラッグ/どらっぐ ドメイン:健康・医学;科学・技術 カテゴリ:人工物-その他;抽象物 多義,< 章なし >,0,89
と,と,と,助詞,格助詞,NIL,< 章なし >,0,89
いう,いう,いう,動詞,*,代表表記:言う/いう 補文ト,< 章なし >,0,89
商号,しょうごう,商号,名詞,普通名詞,自動獲得:Wikipedia,< 章なし >,0,89
を,を,を,助詞,格助詞,NIL,< 章なし >,0,89
持った,もった,持つ,動詞,*,代表表記:持つ/もつ,< 章なし >,0,89
、,、,、,特殊,読点,NIL,< 章なし >,0,89
薬屋,くすりや,薬屋,名詞,普通名詞,代表表記:薬屋/くすりや ドメイン:健康・医学 カテゴリ:場所-施設,< 章なし >,0,89
の,の,の,助詞,接続助詞,NIL,< 章なし >,0,89
主人,あるじ,主人,名詞,普通名詞,代表表記:主人/あるじ ドメイン:家庭・暮らし カテゴリ:人,< 章なし >,0,89
であった,であった,だ,判定詞,*,NIL,< 章なし >,0,89
。,。,。,特殊,句点,NIL,< 章なし >,0,89
「,「,「,特殊,括弧始,NIL,< 章なし >,0,90
ね,ね,ね,助詞,終助詞,NIL,< 章なし >,0,90
、,、,、,特殊,読点,NIL,< 章なし >,0,90
いる,いる,いる,動詞,*,代表表記:射る/いる,< 章なし >,0,90
でしょう,でしょう,だろう,助動詞,*,NIL,< 章なし >,0,90
。,。,。,特殊,句点,NIL,< 章なし >,0,90
もっと,もっと,もっと,副詞,*,代表表記:もっと/もっと 用言弱修飾 相対名詞修飾,< 章なし >,0,91
よく,よく,よい,形容詞,*,代表表記:良い/よい 反義:形容詞:悪い/わるい,< 章なし >,0,91
私,わたし,私,名詞,普通名詞,代表表記:私/わたし カテゴリ:人 漢字読み:訓,< 章なし >,0,91
の,の,の,助詞,格助詞,NIL,< 章なし >,0,91
可愛い,かわいい,可愛い,形容詞,*,代表表記:可愛い/かわいい,< 章なし >,0,91
女,おんな,女,名詞,普通名詞,代表表記:女/おんな カテゴリ:人 漢字読み:訓,< 章なし >,0,91
を,を,を,助詞,格助詞,NIL,< 章なし >,0,91
見て,みて,見る,動詞,*,代表表記:見る/みる 自他動詞:自:見える/みえる 補文ト,< 章なし >,0,91
やって,やって,やる,動詞,*,代表表記:やる/やる 付属動詞候補（タ系）,< 章なし >,0,91
下さい,ください,下さる,接尾辞,動詞性接尾辞,代表表記:下さる/くださる,< 章なし >,0,91
」,」,」,特殊,括弧終,NIL,< 章なし >,0,91
何,なに,何,名詞,普通名詞,代表表記:何/なに カテゴリ:抽象物 漢字読み:訓,< 章なし >,0,91
が,が,が,助詞,格助詞,NIL,< 章なし >,0,91
そう,そう,そう,指示詞,副詞形態指示詞,NIL,< 章なし >,0,91
さ,さ,する,動詞,*,代表表記:する/する 自他動詞:自:成る/なる 付属動詞候補（基本）,< 章なし >,0,91
せた,せた,せる,接尾辞,動詞性接尾辞,代表表記:せる/せる,< 章なし >,0,91
の,の,のだ,助動詞,*,NIL,< 章なし >,0,91
か,か,か,助詞,終助詞,NIL,< 章なし >,0,91
。,。,。,特殊,句点,NIL,< 章なし >,0,91
私,わたし,私,名詞,普通名詞,代表表記:私/わたし カテゴリ:人 漢字読み:訓,< 章なし >,0,92
は,は,は,助詞,副助詞,NIL,< 章なし >,0,92
いつの間にか,いつのまにか,いつの間にか,副詞,*,代表表記:何時の間にか/いつのまにか,< 章なし >,0,92
日,にち,日,名詞,地名,代表表記:日/にち 地名:国:略称:日本,< 章なし >,0,92
覆,おおい,覆,名詞,普通名詞,代表表記:覆い/おおいv 連用形名詞化:覆う/おおう 送り仮名引っ込み,< 章なし >,0,92
の,の,の,助詞,接続助詞,NIL,< 章なし >,0,92
中,なか,中,名詞,副詞的名詞,代表表記:中/なか,< 章なし >,0,92
へ,へ,へ,助詞,格助詞,NIL,< 章なし >,0,92
這,はい,這,名詞,普通名詞,代表表記:這い/はいv 連用形名詞化:這う/はう 送り仮名引っ込み,< 章なし >,0,92
入って,はいって,入る,動詞,*,代表表記:入る/はいる 反義:動詞:出る/でる 自他動詞:他:入れる/いれる,< 章なし >,0,92
いた,いた,いる,接尾辞,動詞性接尾辞,代表表記:いる/いる,< 章なし >,0,92
。,。,。,特殊,句点,NIL,< 章なし >,0,92
私,わたし,私,名詞,普通名詞,代表表記:私/わたし カテゴリ:人 漢字読み:訓,< 章なし >,0,93
の,の,の,助詞,接続助詞,NIL,< 章なし >,0,93
目の前,めのまえ,目の前,名詞,普通名詞,代表表記:目の前/めのまえ カテゴリ:場所-その他;時間 〜を〜に構成語,< 章なし >,0,93
の,の,の,助詞,接続助詞,NIL,< 章なし >,0,93
ガラス,がらす,ガラス,名詞,普通名詞,代表表記:硝子/がらす カテゴリ:人工物-その他,< 章なし >,0,93
箱,はこ,箱,名詞,普通名詞,代表表記:箱/はこ カテゴリ:人工物-その他 漢字読み:訓,< 章なし >,0,93
の,の,の,助詞,格助詞,NIL,< 章なし >,0,93
中,なか,中,名詞,副詞的名詞,代表表記:中/なか,< 章なし >,0,93
に,に,に,助詞,格助詞,NIL,< 章なし >,0,93
女,おんな,女,名詞,普通名詞,代表表記:女/おんな カテゴリ:人 漢字読み:訓,< 章なし >,0,93
の,の,の,助詞,接続助詞,NIL,< 章なし >,0,93
顔,かお,顔,名詞,普通名詞,代表表記:顔/かお カテゴリ:動物-部位 漢字読み:訓,< 章なし >,0,93
が,が,が,助詞,格助詞,NIL,< 章なし >,0,93
あった,あった,ある,動詞,*,代表表記:有る/ある 反義:形容詞:無い/ない 補文ト,< 章なし >,0,93
。,。,。,特殊,句点,NIL,< 章なし >,0,93
彼女,かのじょ,彼女,名詞,普通名詞,代表表記:彼女/かのじょ カテゴリ:人,< 章なし >,0,94
は,は,は,助詞,副助詞,NIL,< 章なし >,0,94
糸,いと,糸,名詞,普通名詞,代表表記:糸/いと カテゴリ:人工物-その他 漢字読み:訓,< 章なし >,0,94
切歯,せっし,切歯,名詞,普通名詞,自動獲得:Wikipedia,< 章なし >,0,94
を,を,を,助詞,格助詞,NIL,< 章なし >,0,94
むき,むき,むく,動詞,*,代表表記:剥く/むく 自他動詞:自:剥ける/むける,< 章なし >,0,94
出して,だして,出す,動詞,*,代表表記:出す/だす 反義:動詞:隠す/かくす;動詞:入れる/いれる 自他動詞:自:出る/でる 補文ト 付属動詞候補（基本）,< 章なし >,0,94
ニッコリ,にっこり,ニッコリ,副詞,*,代表表記:ニッコリ/にっこり スル接続可能,< 章なし >,0,94
笑って,わらって,笑う,動詞,*,代表表記:笑う/わらう 反義:動詞:泣く/なく,< 章なし >,0,94
いた,いた,いる,接尾辞,動詞性接尾辞,代表表記:いる/いる,< 章なし >,0,94
。,。,。,特殊,句点,NIL,< 章なし >,0,94
いまわしい,いまわしい,いまわしい,形容詞,*,代表表記:忌まわしい/いまわしい,< 章なし >,0,95
蝋,ろう,蝋,名詞,普通名詞,代表表記:蝋/ろう カテゴリ:人工物-その他,< 章なし >,0,95
細工,さいく,細工,名詞,サ変名詞,代表表記:細工/さいく カテゴリ:抽象物,< 章なし >,0,95
の,の,の,助詞,接続助詞,NIL,< 章なし >,0,95
腫物,腫物,腫物,名詞,普通名詞,代表表記:腫物/腫物 自動獲得:テキスト 副詞識別,< 章なし >,0,95
の,の,の,助詞,接続助詞,NIL,< 章なし >,0,95
奥,おく,奥,名詞,普通名詞,代表表記:奥/おく カテゴリ:場所-機能 漢字読み:訓,< 章なし >,0,95
に,に,に,助詞,格助詞,NIL,< 章なし >,0,95
、,、,、,特殊,読点,NIL,< 章なし >,0,95
真実の,しんじつの,真実だ,形容詞,*,代表表記:真実だ/しんじつだ,< 章なし >,0,95
人間,にんげん,人間,名詞,普通名詞,代表表記:人間/にんげん カテゴリ:人,< 章なし >,0,95
の,の,の,助詞,接続助詞,NIL,< 章なし >,0,95
皮膚,ひふ,皮膚,名詞,普通名詞,代表表記:皮膚/ひふ ドメイン:健康・医学 カテゴリ:動物-部位,< 章なし >,0,95
が,が,が,助詞,格助詞,NIL,< 章なし >,0,95
黒ずんで,くろずんで,黒ずむ,動詞,*,代表表記:黒ずむ/くろずむ 名詞派生:黒/くろ,< 章なし >,0,95
見えた,みえた,見える,動詞,*,代表表記:見える/みえる 自他動詞:他:見る/みる,< 章なし >,0,95
。,。,。,特殊,句点,NIL,< 章なし >,0,95
作り,つくり,作り,名詞,普通名詞,代表表記:作り/つくりv 連用形名詞化:作る/つくる,< 章なし >,0,96
物,ぶつ,物,名詞,普通名詞,代表表記:物/ぶつ カテゴリ:人工物-その他 漢字読み:音,< 章なし >,0,96
で,で,だ,判定詞,*,NIL,< 章なし >,0,96
ない,ない,ない,接尾辞,形容詞性述語接尾辞,代表表記:ない/ない,< 章なし >,0,96
証拠,しょうこ,証拠,名詞,普通名詞,代表表記:証拠/しょうこ ドメイン:政治 カテゴリ:抽象物,< 章なし >,0,96
に,に,に,助詞,格助詞,NIL,< 章なし >,0,96
は,は,は,助詞,副助詞,NIL,< 章なし >,0,96
、,、,、,特殊,読点,NIL,< 章なし >,0,96
一面に,いちめんに,一面だ,形容詞,*,代表表記:一面だ/いちめんだ,< 章なし >,0,96
うぶ毛,うぶげ,うぶ毛,名詞,普通名詞,代表表記:産毛/うぶげ カテゴリ:動物-部位,< 章なし >,0,96
が,が,が,助詞,格助詞,NIL,< 章なし >,0,96
生えて,はえて,生える,動詞,*,代表表記:生える/はえる 自他動詞:他:生やす/はやす,< 章なし >,0,96
いた,いた,いる,接尾辞,動詞性接尾辞,代表表記:いる/いる,< 章なし >,0,96
。,。,。,特殊,句点,NIL,< 章なし >,0,96
スーッと,スッと,スッと,名詞,普通名詞,自動獲得:テキスト 非標準表記:DP,< 章なし >,0,97
心臓,しんぞう,心臓,名詞,普通名詞,代表表記:心臓/しんぞう ドメイン:健康・医学 カテゴリ:動物-部位,< 章なし >,0,97
が,が,が,助詞,格助詞,NIL,< 章なし >,0,97
喉,のど,喉,名詞,普通名詞,代表表記:喉/のど カテゴリ:動物-部位,< 章なし >,0,97
の,の,の,助詞,接続助詞,NIL,< 章なし >,0,97
所,しょ,所,名詞,普通名詞,代表表記:所/しょ カテゴリ:場所-施設 漢字読み:音,< 章なし >,0,97
へ,へ,へ,助詞,格助詞,NIL,< 章なし >,0,97
飛び上った,とびあがった,飛び上る,動詞,*,代表表記:飛び上がる/とびあがる,< 章なし >,0,97
。,。,。,特殊,句点,NIL,< 章なし >,0,97
私,わたし,私,名詞,普通名詞,代表表記:私/わたし カテゴリ:人 漢字読み:訓,< 章なし >,0,98
は,は,は,助詞,副助詞,NIL,< 章なし >,0,98
倒れ,たおれ,倒れ,名詞,普通名詞,代表表記:倒れ/たおれv 自他動詞:他:倒す/たおす 連用形名詞化:倒れる/たおれる,< 章なし >,0,98
相,そう,相,名詞,普通名詞,代表表記:相/そう カテゴリ:抽象物 漢字読み:音 人名末尾,< 章なし >,0,98
に,に,に,助詞,格助詞,NIL,< 章なし >,0,98
なる,なる,なる,動詞,*,代表表記:成る/なる 自他動詞:他:成す/なす;他:する/する,< 章なし >,0,98
身体,しんたい,身体,名詞,普通名詞,代表表記:身体/しんたい カテゴリ:動物,< 章なし >,0,98
を,を,を,助詞,格助詞,NIL,< 章なし >,0,98
、,、,、,特殊,読点,NIL,< 章なし >,0,98
危く,きく,危く,名詞,普通名詞,代表表記:危懼/きく 自動獲得:Wiktionary,< 章なし >,0,98
ささえて,ささえて,ささえる,動詞,*,代表表記:支える/ささえる,< 章なし >,0,98
日覆,日覆,日覆,未定義語,その他,未知語:漢字 品詞推定:名詞,< 章なし >,0,98
から,から,から,助詞,格助詞,NIL,< 章なし >,0,98
のがれ,のがれ,のがれる,動詞,*,代表表記:逃れる/のがれる 自他動詞:他:逃す/のがす,< 章なし >,0,98
出した,だした,出す,動詞,*,代表表記:出す/だす 反義:動詞:隠す/かくす;動詞:入れる/いれる 自他動詞:自:出る/でる 補文ト 付属動詞候補（基本）,< 章なし >,0,98
。,。,。,特殊,句点,NIL,< 章なし >,0,98
そして,そして,そして,接続詞,*,代表表記:そして/そして,< 章なし >,0,99
、,、,、,特殊,読点,NIL,< 章なし >,0,99
男,おとこ,男,名詞,普通名詞,代表表記:男/おとこ カテゴリ:人 漢字読み:訓,< 章なし >,0,99
に,に,に,助詞,格助詞,NIL,< 章なし >,0,99
見つから,みつから,見つかる,動詞,*,代表表記:見付かる/みつかる 自他動詞:他:見付ける/みつける,< 章なし >,0,99
ない,ない,ない,接尾辞,形容詞性述語接尾辞,代表表記:ない/ない,< 章なし >,0,99
様に,ように,様だ,助動詞,*,NIL,< 章なし >,0,99
注意,ちゅうい,注意,名詞,サ変名詞,代表表記:注意/ちゅうい カテゴリ:抽象物 補文ト,< 章なし >,0,99
し,し,する,動詞,*,代表表記:する/する 自他動詞:自:成る/なる 付属動詞候補（基本）,< 章なし >,0,99
ながら,ながら,ながら,助詞,接続助詞,NIL,< 章なし >,0,99
、,、,、,特殊,読点,NIL,< 章なし >,0,99
群集,群集,群集,名詞,普通名詞,自動獲得:Wikipedia 読み不明 Wikipediaリダイレクト:群衆,< 章なし >,0,99
の,の,の,助詞,接続助詞,NIL,< 章なし >,0,99
側,がわ,側,名詞,普通名詞,代表表記:側/がわ カテゴリ:場所-機能,< 章なし >,0,99
を,を,を,助詞,格助詞,NIL,< 章なし >,0,99
離れた,はなれた,離れる,動詞,*,代表表記:離れる/はなれる 反義:動詞:合う/あう 自他動詞:他:離す/はなす,< 章なし >,0,99
。,。,。,特殊,句点,NIL,< 章なし >,0,99
……,……,……,特殊,記号,NIL,< 章なし >,0,100
ふり返って,ふりかえって,ふり返る,動詞,*,代表表記:振り返る/ふりかえる,< 章なし >,0,100
見る,みる,見る,動詞,*,代表表記:見る/みる 自他動詞:自:見える/みえる 補文ト,< 章なし >,0,100
と,と,と,助詞,格助詞,NIL,< 章なし >,0,100
、,、,、,特殊,読点,NIL,< 章なし >,0,100
群集,群集,群集,名詞,普通名詞,自動獲得:Wikipedia 読み不明 Wikipediaリダイレクト:群衆,< 章なし >,0,100
の,の,の,助詞,接続助詞,NIL,< 章なし >,0,100
うしろ,うしろ,うしろ,名詞,普通名詞,代表表記:後ろ/うしろ カテゴリ:場所-機能,< 章なし >,0,100
に,に,に,助詞,格助詞,NIL,< 章なし >,0,100
一,いち,一,名詞,数詞,カテゴリ:数量,< 章なし >,0,100
人,にん,人,接尾辞,名詞性名詞助数辞,代表表記:人/にん カテゴリ:人 準内容語,< 章なし >,0,100
の,の,の,助詞,接続助詞,NIL,< 章なし >,0,100
警官,けいかん,警官,名詞,普通名詞,代表表記:警官/けいかん ドメイン:政治 カテゴリ:人,< 章なし >,0,100
が,が,が,助詞,格助詞,NIL,< 章なし >,0,100
立って,たって,立つ,動詞,*,代表表記:立つ/たつ 反義:動詞:座る/すわる 自他動詞:他:立てる/たてる 付属動詞候補（基本）,< 章なし >,0,100
いた,いた,いる,接尾辞,動詞性接尾辞,代表表記:いる/いる,< 章なし >,0,100
。,。,。,特殊,句点,NIL,< 章なし >,0,100
彼,かれ,彼,名詞,普通名詞,代表表記:彼/かれ カテゴリ:人 漢字読み:訓,< 章なし >,0,101
も,も,も,助詞,副助詞,NIL,< 章なし >,0,101
亦,亦,亦,未定義語,その他,未知語:漢字 品詞推定:名詞,< 章なし >,0,101
、,、,、,特殊,読点,NIL,< 章なし >,0,101
他,た,他,名詞,普通名詞,代表表記:他/た カテゴリ:抽象物 漢字読み:音 修飾（ニ格）,< 章なし >,0,101
の,の,の,助詞,接続助詞,NIL,< 章なし >,0,101
人,じん,人,名詞,普通名詞,代表表記:人/じん カテゴリ:人 漢字読み:音,< 章なし >,0,101
達,たち,達,接尾辞,名詞性名詞接尾辞,代表表記:達/たち,< 章なし >,0,101
と,と,と,助詞,格助詞,NIL,< 章なし >,0,101
同じ,おなじ,同じだ,形容詞,*,代表表記:同じだ/おなじだ 反義:動詞:違う/ちがう,< 章なし >,0,101
様に,ように,様だ,助動詞,*,NIL,< 章なし >,0,101
ニコニコ,にこにこ,ニコニコ,副詞,*,代表表記:ニコニコ/にこにこ スル接続可能,< 章なし >,0,101
笑い,わらい,笑う,動詞,*,代表表記:笑う/わらう 反義:動詞:泣く/なく,< 章なし >,0,101
ながら,ながら,ながら,助詞,接続助詞,NIL,< 章なし >,0,101
、,、,、,特殊,読点,NIL,< 章なし >,0,101
男,おとこ,男,名詞,普通名詞,代表表記:男/おとこ カテゴリ:人 漢字読み:訓,< 章なし >,0,101
の,の,の,助詞,接続助詞,NIL,< 章なし >,0,101
演説,えんぜつ,演説,名詞,サ変名詞,代表表記:演説/えんぜつ ドメイン:政治 カテゴリ:抽象物,< 章なし >,0,101
を,を,を,助詞,格助詞,NIL,< 章なし >,0,101
聞いて,きいて,聞く,動詞,*,代表表記:聞く/きく 自他動詞:自:聞こえる/きこえる 補文ト,< 章なし >,0,101
いた,いた,いる,接尾辞,動詞性接尾辞,代表表記:いる/いる,< 章なし >,0,101
。,。,。,特殊,句点,NIL,< 章なし >,0,101
「,「,「,特殊,括弧始,NIL,< 章なし >,0,102
何,なに,何,名詞,普通名詞,代表表記:何/なに カテゴリ:抽象物 漢字読み:訓,< 章なし >,0,102
を,を,を,助詞,格助詞,NIL,< 章なし >,0,102
笑って,わらって,笑う,動詞,*,代表表記:笑う/わらう 反義:動詞:泣く/なく,< 章なし >,0,102
いる,いる,いる,接尾辞,動詞性接尾辞,代表表記:いる/いる,< 章なし >,0,102
のです,のです,のだ,助動詞,*,NIL,< 章なし >,0,102
。,。,。,特殊,句点,NIL,< 章なし >,0,102
君,きみ,君,名詞,普通名詞,代表表記:君/きみ カテゴリ:人 漢字読み:訓,< 章なし >,0,103
は,は,は,助詞,副助詞,NIL,< 章なし >,0,103
職務,しょくむ,職務,名詞,普通名詞,代表表記:職務/しょくむ ドメイン:ビジネス カテゴリ:抽象物,< 章なし >,0,103
の,の,の,助詞,接続助詞,NIL,< 章なし >,0,103
手前,てまえ,手前,名詞,普通名詞,代表表記:手前/てまえ カテゴリ:場所-機能;抽象物,< 章なし >,0,103
それ,それ,それ,指示詞,名詞形態指示詞,NIL,< 章なし >,0,103
で,で,で,助詞,格助詞,NIL,< 章なし >,0,103
いい,いい,いい,形容詞,*,代表表記:良い/よい 反義:形容詞:悪い/わるい,< 章なし >,0,103
のです,のです,のだ,助動詞,*,NIL,< 章なし >,0,103
か,か,か,助詞,終助詞,NIL,< 章なし >,0,103
。,。,。,特殊,句点,NIL,< 章なし >,0,103
あの,あの,あの,指示詞,連体詞形態指示詞,NIL,< 章なし >,0,104
男,おとこ,男,名詞,普通名詞,代表表記:男/おとこ カテゴリ:人 漢字読み:訓,< 章なし >,0,104
の,の,の,助詞,格助詞,NIL,< 章なし >,0,104
いって,いって,いう,動詞,*,代表表記:言う/いう 補文ト,< 章なし >,0,104
いる,いる,いる,接尾辞,動詞性接尾辞,代表表記:いる/いる,< 章なし >,0,104
こと,こと,こと,名詞,形式名詞,NIL,< 章なし >,0,104
が,が,が,助詞,格助詞,NIL,< 章なし >,0,104
分り,分り,分る,動詞,*,代表表記:分る/分る 自動獲得:テキスト,< 章なし >,0,104
ませ,ませ,ます,接尾辞,動詞性接尾辞,代表表記:ます/ます,< 章なし >,0,104
ん,ん,ぬ,助動詞,*,NIL,< 章なし >,0,104
か,か,か,助詞,終助詞,NIL,< 章なし >,0,104
。,。,。,特殊,句点,NIL,< 章なし >,0,104
嘘,うそ,嘘,名詞,普通名詞,代表表記:嘘/うそ カテゴリ:抽象物 反義:形容詞:本当だ/ほんとうだ,< 章なし >,0,105
だ,だ,だ,判定詞,*,NIL,< 章なし >,0,105
と,と,と,助詞,格助詞,NIL,< 章なし >,0,105
思う,おもう,思う,動詞,*,代表表記:思う/おもう 補文ト,< 章なし >,0,105
なら,なら,なら,助詞,接続助詞,NIL,< 章なし >,0,105
あの,あの,あの,指示詞,連体詞形態指示詞,NIL,< 章なし >,0,105
日,にち,日,名詞,時相名詞,代表表記:日/にち カテゴリ:時間 漢字読み:音,< 章なし >,0,105
覆,おおい,覆,名詞,普通名詞,代表表記:覆い/おおいv 連用形名詞化:覆う/おおう 送り仮名引っ込み,< 章なし >,0,105
の,の,の,助詞,接続助詞,NIL,< 章なし >,0,105
中,なか,中,名詞,副詞的名詞,代表表記:中/なか,< 章なし >,0,105
へ,へ,へ,助詞,格助詞,NIL,< 章なし >,0,105
這,はい,這,名詞,普通名詞,代表表記:這い/はいv 連用形名詞化:這う/はう 送り仮名引っ込み,< 章なし >,0,105
入って,はいって,入る,動詞,*,代表表記:入る/はいる 反義:動詞:出る/でる 自他動詞:他:入れる/いれる,< 章なし >,0,105
御覧,ごらん,御覧,名詞,普通名詞,代表表記:御覧/ごらん カテゴリ:抽象物,< 章なし >,0,105
なさい,なさい,なさる,動詞,*,代表表記:為さる/なさる 尊敬動詞:する/する,< 章なし >,0,105
。,。,。,特殊,句点,NIL,< 章なし >,0,105
東京,とうきょう,東京,名詞,地名,代表表記:東京/とうきょう 地名:日本:都,< 章なし >,0,106
の,の,の,助詞,接続助詞,NIL,< 章なし >,0,106
町,まち,町,名詞,普通名詞,代表表記:町/まち ドメイン:政治 カテゴリ:組織・団体;場所-その他 漢字読み:訓 住所末尾,< 章なし >,0,106
の,の,の,助詞,接続助詞,NIL,< 章なし >,0,106
真中,まんなか,真中,名詞,普通名詞,代表表記:真ん中/まんなか カテゴリ:場所-機能,< 章なし >,0,106
で,で,で,助詞,格助詞,NIL,< 章なし >,0,106
、,、,、,特殊,読点,NIL,< 章なし >,0,106
人間,にんげん,人間,名詞,普通名詞,代表表記:人間/にんげん カテゴリ:人,< 章なし >,0,106
の,の,の,助詞,接続助詞,NIL,< 章なし >,0,106
死骸,しがい,死骸,名詞,普通名詞,代表表記:死骸/しがい カテゴリ:動物-部位,< 章なし >,0,106
が,が,が,助詞,格助詞,NIL,< 章なし >,0,106
さらし,さらし,さらす,動詞,*,代表表記:晒す/さらす ドメイン:料理・食事,< 章なし >,0,106
もの,もの,もの,名詞,形式名詞,NIL,< 章なし >,0,106
に,に,に,助詞,格助詞,NIL,< 章なし >,0,106
なって,なって,なる,動詞,*,代表表記:成る/なる 自他動詞:他:成す/なす;他:する/する,< 章なし >,0,106
いる,いる,いる,接尾辞,動詞性接尾辞,代表表記:いる/いる,< 章なし >,0,106
じゃ,じゃ,じゃ,助詞,副助詞,標準:で/で+は/は,< 章なし >,0,106
あり,あり,ある,動詞,*,代表表記:有る/ある 反義:形容詞:無い/ない 補文ト,< 章なし >,0,106
ませ,ませ,ます,接尾辞,動詞性接尾辞,代表表記:ます/ます,< 章なし >,0,106
ん,ん,ぬ,助動詞,*,NIL,< 章なし >,0,106
か,か,か,助詞,接続助詞,NIL,< 章なし >,0,106
」,」,」,特殊,括弧終,NIL,< 章なし >,0,106
無神経な,むしんけいな,無神経だ,形容詞,*,代表表記:無神経だ/むしんけいだ,< 章なし >,0,106
警官,けいかん,警官,名詞,普通名詞,代表表記:警官/けいかん ドメイン:政治 カテゴリ:人,< 章なし >,0,106
の,の,の,助詞,接続助詞,NIL,< 章なし >,0,106
肩,かた,肩,名詞,普通名詞,代表表記:肩/かた カテゴリ:動物-部位 漢字読み:訓,< 章なし >,0,106
を,を,を,助詞,格助詞,NIL,< 章なし >,0,106
叩いて,たたいて,叩く,動詞,*,代表表記:叩く/たたく,< 章なし >,0,106
、,、,、,特殊,読点,NIL,< 章なし >,0,106
こう,こう,こう,指示詞,副詞形態指示詞,NIL,< 章なし >,0,106
告げて,つげて,告げる,動詞,*,代表表記:告げる/つげる 可能動詞:告ぐ/つぐ,< 章なし >,0,106
やろう,やろう,やる,動詞,*,代表表記:やる/やる 付属動詞候補（タ系）,< 章なし >,0,106
か,か,か,助詞,接続助詞,NIL,< 章なし >,0,106
と,と,と,助詞,格助詞,NIL,< 章なし >,0,106
思った,おもった,思う,動詞,*,代表表記:思う/おもう 補文ト,< 章なし >,0,106
。,。,。,特殊,句点,NIL,< 章なし >,0,106
けれど,けれど,けれど,接続詞,*,代表表記:けれど/けれど,< 章なし >,0,107
私,わたし,私,名詞,普通名詞,代表表記:私/わたし カテゴリ:人 漢字読み:訓,< 章なし >,0,107
に,に,に,助詞,格助詞,NIL,< 章なし >,0,107
は,は,は,助詞,副助詞,NIL,< 章なし >,0,107
それ,それ,それ,指示詞,名詞形態指示詞,NIL,< 章なし >,0,107
を,を,を,助詞,格助詞,NIL,< 章なし >,0,107
実行,じっこう,実行,名詞,サ変名詞,代表表記:実行/じっこう カテゴリ:抽象物,< 章なし >,0,107
する,する,する,動詞,*,代表表記:する/する 自他動詞:自:成る/なる 付属動詞候補（基本）,< 章なし >,0,107
丈,たけ,丈,名詞,普通名詞,代表表記:丈/たけ カテゴリ:数量 漢字読み:訓,< 章なし >,0,107
け,け,け,名詞,普通名詞,代表表記:毛/け カテゴリ:動物-部位 漢字読み:訓,< 章なし >,0,107
の,の,の,助詞,接続助詞,NIL,< 章なし >,0,107
気力,きりょく,気力,名詞,普通名詞,代表表記:気力/きりょく カテゴリ:抽象物,< 章なし >,0,107
が,が,が,助詞,格助詞,NIL,< 章なし >,0,107
なかった,なかった,ない,形容詞,*,代表表記:無い/ない 反義:動詞:有る/ある,< 章なし >,0,107
。,。,。,特殊,句点,NIL,< 章なし >,0,107
私,わたし,私,名詞,普通名詞,代表表記:私/わたし カテゴリ:人 漢字読み:訓,< 章なし >,0,108
は,は,は,助詞,副助詞,NIL,< 章なし >,0,108
眩暈,めまい,眩暈,名詞,普通名詞,代表表記:目眩/めまい ドメイン:健康・医学 カテゴリ:抽象物,< 章なし >,0,108
を,を,を,助詞,格助詞,NIL,< 章なし >,0,108
感じ,かんじ,感じる,動詞,*,代表表記:感じる/かんじる 補文ト,< 章なし >,0,108
ながら,ながら,ながら,助詞,接続助詞,NIL,< 章なし >,0,108
ヒョロヒョロ,ヒョロヒョロ,ヒョロヒョロ,副詞,*,自動認識 未知語:擬音語擬態語 する連続可能,< 章なし >,0,108
と,と,と,助詞,格助詞,NIL,< 章なし >,0,108
歩き,あるき,歩く,動詞,*,代表表記:歩く/あるく,< 章なし >,0,108
出した,だした,出す,動詞,*,代表表記:出す/だす 反義:動詞:隠す/かくす;動詞:入れる/いれる 自他動詞:自:出る/でる 補文ト 付属動詞候補（基本）,< 章なし >,0,108
。,。,。,特殊,句点,NIL,< 章なし >,0,108
行手,行手,行手,名詞,普通名詞,自動獲得:Wikipedia Wikipediaページ内一覧:孔雀王 読み不明,< 章なし >,0,109
に,に,に,助詞,格助詞,NIL,< 章なし >,0,109
は,は,は,助詞,副助詞,NIL,< 章なし >,0,109
、,、,、,特殊,読点,NIL,< 章なし >,0,109
どこまでも,どこまでも,どこまでも,副詞,*,代表表記:どこまでも/どこまでも,< 章なし >,0,109
どこまでも,どこまでも,どこまでも,副詞,*,代表表記:どこまでも/どこまでも,< 章なし >,0,109
果し,はたし,果し,名詞,普通名詞,代表表記:果たし/はたしv 自他動詞:自:果てる/はてる 連用形名詞化:果たす/はたす,< 章なし >,0,109
の,の,の,助詞,格助詞,NIL,< 章なし >,0,109
ない,ない,ない,形容詞,*,代表表記:無い/ない 反義:動詞:有る/ある,< 章なし >,0,109
白い,しろい,白い,形容詞,*,代表表記:白い/しろい 名詞派生:白/しろ,< 章なし >,0,109
大道,おおみち,大道,名詞,人名,人名:日本:姓:589:0.00047,< 章なし >,0,109
が,が,が,助詞,格助詞,NIL,< 章なし >,0,109
続いて,つづいて,続く,動詞,*,代表表記:続く/つづく 自他動詞:他:続ける/つづける,< 章なし >,0,109
いた,いた,いる,接尾辞,動詞性接尾辞,代表表記:いる/いる,< 章なし >,0,109
。,。,。,特殊,句点,NIL,< 章なし >,0,109
陽炎,かげろう,陽炎,名詞,普通名詞,代表表記:陽炎/かげろう カテゴリ:抽象物,< 章なし >,0,110
が,が,が,助詞,格助詞,NIL,< 章なし >,0,110
、,、,、,特殊,読点,NIL,< 章なし >,0,110
立,立,立,名詞,人名,自動獲得:Wikipedia 読み不明 Wikipedia人名 Wikipedia名,< 章なし >,0,110
並ぶ,ならぶ,並ぶ,動詞,*,代表表記:並ぶ/ならぶ 自他動詞:他:並べる/ならべる 付属動詞候補（基本）,< 章なし >,0,110
電柱,でんちゅう,電柱,名詞,普通名詞,代表表記:電柱/でんちゅう カテゴリ:人工物-その他,< 章なし >,0,110
を,を,を,助詞,格助詞,NIL,< 章なし >,0,110
海草,かいそう,海草,名詞,普通名詞,代表表記:海藻/かいそう ドメイン:料理・食事 カテゴリ:植物;人工物-食べ物,< 章なし >,0,110
の,の,だ,判定詞,*,NIL,< 章なし >,0,110
様に,ように,様だ,助動詞,*,NIL,< 章なし >,0,110
揺って,揺って,揺る,動詞,*,代表表記:揺る/揺る 自動獲得:テキスト,< 章なし >,0,110
いた,いた,いる,接尾辞,動詞性接尾辞,代表表記:いる/いる,< 章なし >,0,110
。,。,。,特殊,句点,NIL,< 章なし >,0,110
